port,cvss_score,internet_exposed,service_risk,patch_age,exploit_available,service_popularity,auth_required,known_cve_count,misconfig_score,network_depth,critical_asset,label
25,8.33,1,0.6,5,1,0.54,1,9,0.71,0,0,1
3389,4.15,0,0.48,1,0,0.3,1,2,0.18,2,0,0
3306,7.95,1,0.8,5,0,0.99,0,2,0.46,3,1,1
110,7.93,1,0.6,1,1,0.97,1,12,0.32,1,1,1
3389,4.14,0,0.51,1,0,0.37,1,3,0.16,2,0,0
445,8.33,1,0.9,1,0,0.73,1,8,0.67,0,0,1
23,6.75,1,1.0,1,0,0.34,1,13,0.98,5,0,1
80,5.38,0,0.7,2,1,0.58,1,8,0.96,0,0,1
23,6.9,0,1.0,4,1,0.58,0,6,0.56,3,1,1
22,5.5,0,0.55,4,1,0.92,1,9,0.44,3,1,1
445,4.69,1,0.31,1,0,0.36,1,2,0.08,2,0,0
3389,7.98,0,0.85,1,0,0.56,0,5,0.57,1,0,1
53,9.84,0,0.4,3,1,0.36,1,13,0.44,3,1,1
25,7.86,1,0.6,0,0,0.9,1,20,0.59,2,0,1
139,2.82,0,0.43,0,0,0.53,1,3,0.0,3,0,0
445,9.31,0,0.9,4,0,0.64,0,11,0.95,3,1,1
23,7.51,0,1.0,5,0,0.59,0,7,0.97,3,0,1
3306,0.51,0,0.49,1,0,0.31,1,0,0.18,3,0,0
22,9.05,0,0.55,4,0,0.93,0,3,0.95,3,0,1
53,8.44,0,0.4,3,1,0.64,0,11,0.65,2,1,1
21,3.63,0,0.9,5,0,0.55,0,19,0.66,5,0,1
139,3.26,0,0.38,1,0,0.77,1,3,0.16,1,0,0
21,4.76,0,0.45,0,0,0.9,1,1,0.06,3,0,0
143,8.6,1,0.6,4,1,0.94,0,19,0.86,3,1,1
3306,0.15,0,0.45,1,0,0.44,1,3,0.08,5,0,0
139,1.98,1,0.39,1,0,0.36,1,0,0.03,2,0,0
443,6.22,1,0.65,2,0,0.68,0,19,0.22,5,1,1
3389,4.76,0,0.56,0,0,0.4,1,1,0.06,3,0,0
445,2.05,0,0.46,0,0,0.5,1,2,0.15,2,0,0
143,0.01,0,0.32,0,0,0.51,1,1,0.2,5,0,0
22,1.83,0,0.18,1,0,0.48,1,3,0.06,2,0,0
3389,0.66,1,0.5,0,0,0.41,1,1,0.03,3,0,0
445,4.29,0,0.33,1,0,0.42,1,2,0.01,4,0,0
53,7.94,1,0.4,1,0,0.93,1,6,0.64,4,1,1
143,8.36,1,0.6,0,1,0.64,0,1,0.52,1,0,1
22,7.2,1,0.55,3,1,0.31,0,14,0.88,1,0,1
443,3.31,0,0.36,1,0,0.46,1,0,0.13,2,0,0
143,5.98,1,0.6,5,1,0.31,0,15,0.71,1,1,1
23,0.14,1,0.61,0,0,0.5,1,2,0.13,2,0,0
3306,9.23,0,0.8,5,1,0.91,1,14,0.31,1,0,1
3389,4.22,1,0.85,3,0,0.58,0,13,0.22,5,1,1
80,6.21,1,0.7,2,0,0.43,1,19,0.21,3,1,1
3306,5.24,1,0.8,5,0,0.41,1,10,0.42,0,0,1
3306,1.16,0,0.42,0,0,0.76,1,0,0.25,3,0,0
110,3.29,0,0.37,0,0,0.34,1,2,0.0,4,0,0
22,1.09,0,0.35,1,0,0.53,1,0,0.17,5,0,0
3306,2.2,0,0.36,0,0,0.78,1,1,0.01,1,0,0
139,0.4,1,0.37,1,0,0.52,1,0,0.03,4,0,0
143,5.53,1,0.6,1,1,0.76,0,9,0.19,4,0,1
139,8.24,0,0.8,5,1,0.5,1,14,0.85,3,0,1
110,8.66,1,0.6,1,0,0.86,1,13,0.89,3,1,1
23,6.51,1,1.0,0,0,0.97,0,6,0.83,5,0,1
22,5.68,1,0.55,3,1,0.64,0,3,0.59,1,1,1
25,0.67,0,0.24,1,0,0.71,1,2,0.02,1,0,0
139,0.96,1,0.44,1,0,0.37,1,1,0.2,5,0,0
3389,3.93,0,0.34,0,0,0.78,1,0,0.22,3,0,0
443,0.87,0,0.35,0,0,0.69,1,0,0.16,2,0,0
443,3.34,1,0.29,1,0,0.67,1,2,0.11,3,0,0
3306,6.22,0,0.8,3,0,0.74,0,20,0.41,4,0,1
139,2.59,0,0.33,0,0,0.39,1,3,0.21,5,0,0
22,3.22,1,0.38,1,0,0.52,1,3,0.14,1,0,0
3389,9.88,0,0.85,1,1,0.77,1,9,0.53,0,0,1
110,2.21,0,0.3,0,0,0.33,1,2,0.24,4,0,0
25,0.77,0,0.39,0,0,0.46,1,1,0.16,3,0,0
80,8.27,1,0.7,2,1,0.61,1,2,0.49,0,1,1
110,2.23,1,0.27,0,0,0.53,1,1,0.24,5,0,0
80,1.87,0,0.32,1,0,0.52,1,2,0.15,4,0,0
80,1.29,0,0.46,0,0,0.47,1,1,0.17,3,0,0
110,6.27,1,0.6,2,0,0.37,1,9,1.0,5,0,1
80,9.66,0,0.7,0,1,0.59,1,20,0.28,4,0,1
53,2.66,0,0.14,0,0,0.86,1,0,0.06,4,0,0
53,2.45,0,0.22,0,0,0.53,1,1,0.18,5,0,0
23,8.53,1,1.0,5,1,0.57,0,3,0.47,3,0,1
3306,8.14,1,0.8,5,1,0.95,0,19,0.26,0,1,1
445,1.39,0,0.45,0,0,0.46,1,1,0.09,5,0,0
3389,4.65,1,0.85,4,0,0.96,0,19,0.82,0,0,1
53,5.16,0,0.4,0,1,0.61,0,8,0.29,5,1,1
445,9.1,0,0.9,5,1,0.65,0,20,0.35,3,1,1
3389,5.39,1,0.85,5,1,0.81,0,14,0.45,1,0,1
22,8.17,0,0.55,5,1,0.57,0,13,0.6,0,0,1
110,2.11,1,0.33,1,0,0.74,1,3,0.2,1,0,0
110,2.22,0,0.34,0,0,0.8,1,3,0.11,5,0,0
139,3.02,0,0.45,0,0,0.49,1,2,0.03,5,0,0
23,9.67,1,1.0,4,0,0.57,1,14,0.4,5,0,1
23,9.31,1,1.0,0,1,0.98,0,16,0.78,3,1,1
22,1.27,0,0.19,1,0,0.47,1,0,0.15,1,0,0
23,7.67,1,1.0,3,0,0.93,1,19,0.26,4,1,1
110,2.15,0,0.21,0,0,0.46,1,3,0.17,2,0,0
23,2.59,1,0.39,1,0,0.6,1,0,0.03,1,0,0
22,5.18,0,0.55,4,1,0.72,1,10,0.47,0,0,1
139,6.09,1,0.8,1,1,0.43,1,10,0.11,1,1,1
445,8.92,1,0.9,4,1,0.43,0,11,0.73,5,1,1
21,2.87,0,0.63,1,0,0.42,1,2,0.14,2,0,0
445,5.44,1,0.9,5,1,0.81,1,15,0.11,1,0,1
445,8.82,0,0.9,1,0,0.61,1,0,0.32,3,1,1
443,4.07,1,0.31,0,0,0.59,1,3,0.17,3,0,0
3389,6.9,1,0.85,5,1,0.62,0,1,0.71,1,1,1
23,7.88,0,1.0,0,1,0.79,0,7,0.27,2,0,1
3306,8.34,0,0.8,1,0,0.9,0,7,0.38,1,0,1
3306,3.83,1,0.8,4,0,0.41,0,5,0.16,0,0,1
21,6.54,1,0.9,5,1,0.93,0,4,0.7,4,1,1
443,7.07,0,0.65,3,1,0.94,1,11,0.82,1,1,1
3389,2.3,0,0.58,1,0,0.75,1,2,0.03,3,0,0
23,4.71,0,0.67,0,0,0.42,1,2,0.21,2,0,0
445,9.04,1,0.9,2,0,0.56,1,20,0.25,4,1,1
3389,0.63,0,0.31,1,0,0.78,1,3,0.24,2,0,0
3389,8.46,1,0.85,5,0,0.93,0,15,0.27,4,0,1
139,2.34,0,0.51,0,0,0.42,1,2,0.19,2,0,0
143,7.18,1,0.6,4,0,0.91,1,17,0.54,4,1,1
21,7.76,1,0.9,3,1,0.71,1,3,0.66,3,1,1
443,4.32,1,0.65,5,0,0.53,0,15,0.55,4,1,1
143,3.2,0,0.26,1,0,0.66,1,2,0.07,2,0,0
21,5.38,1,0.9,3,1,0.96,0,13,0.54,2,1,1
80,1.73,0,0.42,1,0,0.81,1,2,0.22,1,0,0
445,8.84,1,0.9,1,1,0.74,0,10,0.81,0,1,1
25,4.19,1,0.6,1,0,0.9,1,0,0.39,2,0,1
3389,9.12,0,0.85,0,1,0.81,1,3,0.95,4,0,1
3306,5.79,1,0.8,2,1,0.71,1,9,0.28,1,1,1
53,3.85,1,0.4,4,0,0.92,0,15,0.64,1,1,1
23,7.39,1,1.0,4,1,0.77,1,4,0.32,0,0,1
22,1.54,0,0.21,1,0,0.38,1,3,0.18,4,0,0
23,3.79,0,1.0,1,0,0.46,0,0,0.16,4,1,1
143,0.08,0,0.25,0,0,0.39,1,3,0.03,1,0,0
22,4.61,1,0.3,1,0,0.81,1,3,0.1,4,0,0
22,2.45,0,0.32,0,0,0.6,1,1,0.23,1,0,0
80,3.94,0,0.47,0,0,0.64,1,3,0.2,5,0,0
22,0.75,0,0.21,0,0,0.86,1,3,0.11,3,0,0
23,6.46,0,1.0,1,0,0.8,1,5,0.98,5,0,1
443,3.98,0,0.21,0,0,0.65,1,3,0.18,3,0,0
445,9.27,1,0.9,1,1,0.63,0,1,0.11,4,1,1
25,1.27,0,0.41,1,0,0.42,1,1,0.12,5,0,0
3306,4.23,1,0.39,1,0,0.85,1,3,0.15,1,0,0
25,0.14,0,0.32,1,0,0.47,1,0,0.2,4,0,0
21,4.14,1,0.48,0,0,0.66,1,3,0.07,3,0,0
143,6.85,0,0.6,5,1,0.64,1,13,0.95,4,1,1
443,0.75,0,0.25,1,0,0.89,1,1,0.13,4,0,0
3306,0.97,0,0.27,1,0,0.34,1,1,0.04,3,0,0
139,7.18,1,0.8,1,0,0.82,1,11,0.14,3,0,1
110,5.5,1,0.6,0,0,0.93,0,7,0.7,2,1,1
3306,8.47,0,0.8,2,0,0.71,1,19,0.61,2,0,1
3389,7.78,1,0.85,1,1,0.61,1,4,0.78,3,1,1
139,9.0,1,0.8,0,1,0.43,1,3,0.17,1,1,1
143,2.7,0,0.33,1,0,0.75,1,0,0.23,5,0,0
143,2.12,0,0.26,1,0,0.78,1,3,0.23,2,0,0
23,3.76,1,1.0,5,0,0.54,1,17,0.35,2,0,1
22,3.96,1,0.55,3,0,0.31,1,4,0.69,0,0,1
21,8.1,1,0.9,2,1,0.31,1,20,0.73,5,0,1
21,5.99,1,0.9,5,0,0.57,0,15,0.11,4,1,1
3306,8.39,1,0.8,3,1,0.43,1,15,0.55,2,1,1
443,3.61,0,0.2,1,0,0.42,1,0,0.03,4,0,0
110,3.77,1,0.6,3,0,0.75,0,4,0.83,1,1,1
445,1.33,0,0.37,1,0,0.77,1,2,0.13,5,0,0
110,8.67,1,0.6,3,1,0.31,1,14,0.87,2,0,1
53,6.27,0,0.4,4,0,0.35,1,11,0.37,1,1,1
21,2.24,1,0.35,0,0,0.33,1,1,0.15,1,0,0
143,8.32,1,0.6,1,1,0.84,0,5,0.48,5,1,1
25,8.25,1,0.6,0,1,0.31,0,9,0.35,3,1,1
22,0.81,0,0.17,1,0,0.72,1,1,0.02,3,0,0
139,6.92,1,0.8,4,1,0.82,0,3,0.35,3,1,1
3306,8.75,1,0.8,1,1,0.45,0,17,0.42,2,0,1
3389,3.62,1,0.38,0,0,0.5,1,2,0.04,2,0,0
143,6.63,1,0.6,2,1,0.76,0,18,0.78,2,0,1
80,9.9,1,0.7,5,1,0.91,0,20,0.53,5,0,1
22,6.56,1,0.55,4,1,0.36,0,2,0.99,4,0,1
3389,0.24,0,0.33,0,0,0.83,1,3,0.14,4,0,0
139,2.24,0,0.42,1,0,0.67,1,2,0.23,5,0,0
139,8.2,0,0.8,2,0,0.78,0,15,0.49,0,1,1
21,5.99,1,0.9,5,0,0.92,0,20,0.99,4,0,1
25,0.43,0,0.31,0,0,0.74,1,0,0.01,2,0,0
443,4.49,1,0.22,1,0,0.42,1,0,0.19,1,0,0
139,9.57,0,0.8,2,1,0.79,0,20,0.36,3,0,1
143,7.5,1,0.6,0,1,0.68,0,19,0.52,2,0,1
3306,9.61,1,0.8,0,1,0.46,1,5,0.2,1,1,1
23,2.31,0,0.38,1,0,0.32,1,1,0.16,2,0,0
53,3.82,0,0.28,1,0,0.42,1,0,0.11,5,0,0
22,2.59,0,0.38,0,0,0.71,1,0,0.14,1,0,0
22,0.55,0,0.27,1,0,0.77,1,0,0.09,4,0,0
143,0.39,1,0.37,1,0,0.57,1,2,0.22,1,0,0
25,7.96,1,0.6,0,1,0.86,0,1,0.23,1,0,1
23,4.33,0,0.31,0,0,0.82,1,2,0.22,2,0,0
25,7.13,1,0.6,1,1,0.81,0,14,0.26,1,1,1
3306,1.25,1,0.46,0,0,0.86,1,2,0.09,1,0,0
25,4.28,0,0.4,1,0,0.71,1,1,0.05,2,0,0
22,4.73,0,0.3,1,0,0.49,1,3,0.22,2,0,0
22,2.9,1,0.29,0,0,0.59,1,0,0.13,5,0,0
443,5.96,1,0.65,4,1,0.31,1,8,0.47,3,1,1
53,0.77,1,0.14,1,0,0.89,1,2,0.06,2,0,0
22,6.91,1,0.55,5,1,0.72,0,8,0.41,3,0,1
445,3.48,1,0.58,0,0,0.42,1,1,0.08,5,0,0
139,6.99,0,0.8,5,1,0.51,0,16,0.25,1,1,1
25,7.85,1,0.6,2,1,0.55,0,3,0.49,5,1,1
21,2.72,0,0.5,1,0,0.37,1,1,0.16,1,0,0
445,9.06,1,0.9,5,1,0.77,0,15,0.75,0,1,1
139,2.38,0,0.51,1,0,0.37,1,1,0.19,3,0,0
443,7.37,1,0.65,3,1,0.52,0,14,0.11,1,0,1
25,7.33,0,0.6,5,0,0.83,0,0,0.89,1,0,1
23,3.41,0,0.62,0,0,0.5,1,3,0.22,2,0,0
22,0.94,1,0.18,0,0,0.51,1,3,0.13,5,0,0
139,4.41,1,0.38,1,0,0.39,1,3,0.22,3,0,0
3306,5.54,1,0.8,5,1,0.83,1,8,0.68,0,0,1
23,9.68,1,1.0,3,1,0.8,1,16,0.99,1,0,1
3306,0.84,0,0.49,0,0,0.54,1,2,0.24,2,0,0
53,0.9,0,0.23,0,0,0.74,1,1,0.22,3,0,0
53,3.6,0,0.18,1,0,0.81,1,0,0.07,3,0,0
143,6.75,1,0.6,4,1,0.84,1,6,0.72,3,1,1
445,1.63,1,0.5,1,0,0.43,1,3,0.11,3,0,0
3389,2.43,0,0.34,1,0,0.32,1,1,0.11,5,0,0
110,8.73,1,0.6,2,0,0.31,0,6,0.7,2,1,1
80,3.13,1,0.45,1,0,0.57,1,2,0.14,2,0,0
110,6.04,1,0.6,1,0,0.63,1,18,0.97,5,1,1
21,4.36,1,0.37,0,0,0.6,1,0,0.19,2,0,0
445,7.02,0,0.9,3,1,0.94,0,13,0.63,5,0,1
3389,8.71,1,0.85,3,0,0.93,1,0,0.5,0,0,1
80,9.61,0,0.7,4,0,0.53,1,7,0.7,0,1,1
23,2.56,0,0.54,1,0,0.8,1,2,0.24,4,0,0
3389,8.17,0,0.85,2,0,0.72,0,16,0.95,4,1,1
23,9.19,0,1.0,4,1,0.45,1,7,0.73,3,1,1
22,4.87,0,0.26,1,0,0.58,1,1,0.24,3,0,0
21,3.06,0,0.49,1,0,0.68,1,1,0.16,5,0,0
445,4.42,0,0.45,0,0,0.88,1,3,0.04,3,0,0
139,3.78,0,0.54,0,0,0.56,1,3,0.2,4,0,0
21,7.53,1,0.9,3,0,0.77,0,17,0.14,1,1,1
53,1.41,0,0.23,1,0,0.49,1,0,0.13,3,0,0
80,4.1,0,0.23,1,0,0.55,1,2,0.25,5,0,0
21,6.08,1,0.9,1,1,0.48,1,1,0.81,5,0,1
53,8.31,0,0.4,2,1,0.71,0,11,0.71,3,0,1
21,6.07,1,0.9,0,0,0.6,1,1,0.31,1,1,1
3389,1.9,0,0.31,0,0,0.31,1,1,0.09,4,0,0
22,7.77,1,0.55,2,0,1.0,0,12,0.42,3,1,1
110,9.98,1,0.6,3,1,0.55,0,6,0.95,3,0,1
139,8.05,1,0.8,2,1,0.52,0,1,0.28,2,1,1
143,4.33,1,0.6,0,0,0.32,1,3,0.66,5,1,1
445,3.62,0,0.62,0,0,0.67,1,1,0.23,1,0,0
110,4.66,0,0.3,1,0,0.31,1,1,0.24,4,0,0
21,5.33,1,0.9,3,0,0.54,0,3,0.3,4,0,1
445,1.06,0,0.6,1,0,0.51,1,2,0.18,4,0,0
80,5.28,1,0.7,1,0,0.57,1,0,0.72,4,0,1
23,0.56,1,0.34,0,0,0.6,1,3,0.15,5,0,0
110,2.01,0,0.31,1,0,0.81,1,2,0.24,3,0,0
443,3.58,1,0.36,1,0,0.55,1,3,0.09,2,0,0
25,1.2,0,0.25,1,0,0.68,1,3,0.01,2,0,0
21,6.12,1,0.9,5,0,0.79,0,12,0.9,2,0,1
21,3.58,1,0.9,0,0,0.39,1,20,0.69,3,1,1
110,5.95,0,0.6,3,1,0.3,0,12,0.49,5,1,1
22,1.96,0,0.3,0,0,0.69,1,0,0.06,1,0,0
80,0.16,0,0.3,0,0,0.85,1,3,0.18,1,0,0
3306,7.96,1,0.8,5,1,0.61,1,10,0.4,1,0,1
445,8.88,1,0.9,1,1,0.45,1,15,0.1,0,1,1
139,3.66,0,0.45,1,0,0.61,1,3,0.13,1,0,0
445,4.94,1,0.9,5,0,0.93,1,8,0.94,1,1,1
80,7.36,0,0.7,0,1,0.62,1,1,0.3,3,1,1
139,1.5,0,0.42,0,0,0.65,1,0,0.17,2,0,0
143,7.07,1,0.6,1,1,0.5,0,12,0.16,3,1,1
53,7.63,0,0.4,4,0,0.9,0,0,0.49,3,0,1
445,4.68,1,0.9,3,0,0.67,1,0,0.46,2,0,1
22,2.4,0,0.25,0,0,0.55,1,2,0.21,2,0,0
445,4.04,1,0.9,5,0,0.42,1,20,0.37,5,0,1
3306,8.72,0,0.8,3,1,0.34,0,7,0.14,3,0,1
21,0.8,1,0.53,0,0,0.65,1,2,0.03,1,0,0
143,4.68,1,0.6,5,0,0.78,1,11,0.89,2,1,1
22,8.75,1,0.55,4,1,0.34,1,13,0.73,4,0,1
21,9.85,1,0.9,2,0,0.6,0,7,0.66,4,1,1
22,9.97,1,0.55,4,1,0.72,0,6,0.57,2,0,1
23,5.22,1,1.0,5,1,0.75,1,14,0.2,0,1,1
443,6.25,1,0.65,4,0,1.0,0,15,0.13,3,0,1
445,8.13,0,0.9,3,0,0.74,0,4,0.85,4,0,1
25,1.6,0,0.29,1,0,0.44,1,0,0.07,5,0,0
143,3.71,0,0.24,1,0,0.49,1,1,0.2,2,0,0
139,3.38,1,0.28,0,0,0.31,1,2,0.2,1,0,0
3306,1.31,0,0.47,1,0,0.87,1,1,0.14,4,0,0
21,9.6,1,0.9,0,1,0.54,1,10,0.35,3,0,1
22,6.84,1,0.55,4,1,0.79,0,8,0.4,4,1,1
443,4.72,0,0.3,0,0,0.43,1,0,0.07,3,0,0
139,2.71,0,0.42,1,0,0.59,1,0,0.07,1,0,0
139,6.18,1,0.8,5,1,0.56,1,2,0.46,1,0,1
143,4.65,1,0.6,3,0,0.94,1,12,0.92,4,0,1
443,2.06,0,0.44,0,0,0.63,1,2,0.07,1,0,0
3306,3.71,1,0.8,3,0,0.97,1,3,0.48,4,1,1
110,4.34,0,0.31,0,0,0.34,1,0,0.18,4,0,0
443,4.58,1,0.65,4,0,0.97,0,9,0.95,1,1,1
139,3.15,0,0.31,1,0,0.39,1,2,0.18,1,0,0
25,5.2,1,0.6,5,1,0.99,0,16,0.3,5,0,1
53,4.05,0,0.4,0,0,0.48,1,15,0.58,1,0,1
23,6.86,1,1.0,2,1,0.4,1,18,0.47,3,0,1
443,7.29,1,0.65,5,0,0.76,1,8,0.38,5,1,1
143,7.63,1,0.6,1,1,0.51,1,18,0.21,1,0,1
139,3.93,1,0.8,2,0,0.37,1,10,0.67,4,0,1
22,1.32,0,0.25,1,0,0.82,1,0,0.14,4,0,0
23,0.36,0,0.5,1,0,0.47,1,2,0.19,4,0,0
143,2.97,1,0.39,0,0,0.85,1,3,0.08,4,0,0
3306,3.75,0,0.26,0,0,0.78,1,3,0.05,5,0,0
21,2.65,1,0.34,1,0,0.76,1,2,0.17,2,0,0
143,8.22,0,0.6,4,1,0.68,0,19,0.57,3,0,1
110,7.75,0,0.6,0,1,0.93,1,12,0.27,3,0,1
3389,1.73,0,0.58,0,0,0.85,1,0,0.1,1,0,0
143,4.43,0,0.38,0,0,0.78,1,0,0.11,4,0,0
443,4.57,0,0.29,0,0,0.72,1,3,0.08,1,0,0
22,9.1,1,0.55,3,0,0.75,0,16,0.57,4,1,1
22,3.54,0,0.24,0,0,0.38,1,2,0.19,5,0,0
139,7.1,1,0.8,4,0,0.84,1,20,0.72,0,0,1
25,8.07,1,0.6,0,1,0.83,0,5,0.53,1,0,1
21,6.53,1,0.9,2,1,0.74,0,1,0.4,3,0,1
139,4.73,1,0.3,1,0,0.37,1,1,0.03,2,0,0
23,4.39,1,1.0,5,0,0.55,1,6,0.4,0,0,1
21,3.83,0,0.61,0,0,0.72,1,2,0.1,4,0,0
443,9.49,1,0.65,5,0,0.41,1,12,0.96,3,0,1
22,0.63,0,0.25,0,0,0.42,1,2,0.2,2,0,0
23,8.77,1,1.0,4,0,0.59,1,4,0.41,0,0,1
21,4.72,0,0.53,1,0,0.65,1,0,0.03,4,0,0
23,7.97,1,1.0,1,1,0.58,0,8,0.48,1,0,1
22,2.37,0,0.18,0,0,0.66,1,3,0.02,4,0,0
25,7.24,0,0.6,5,1,0.93,1,14,0.67,1,0,1
23,4.27,1,1.0,0,0,0.75,0,6,0.38,5,0,1
143,4.53,1,0.6,3,0,0.95,1,17,0.99,2,1,1
443,2.7,0,0.23,1,0,0.7,1,2,0.01,4,0,0
443,8.42,1,0.65,0,1,0.82,1,18,0.56,1,0,1
53,9.04,1,0.4,4,0,0.91,1,2,0.62,1,1,1
22,9.33,0,0.55,4,0,0.99,0,10,0.37,3,0,1
53,7.68,1,0.4,1,1,0.85,0,2,0.17,1,0,1
139,6.72,0,0.8,4,0,0.73,1,2,0.49,4,0,1
445,7.6,1,0.9,3,0,0.73,0,16,0.35,5,1,1
110,1.19,0,0.2,1,0,0.77,1,1,0.21,5,0,0
22,4.54,1,0.55,5,0,0.72,0,12,0.72,5,1,1
143,4.0,0,0.26,0,0,0.63,1,2,0.01,1,0,0
3306,1.86,0,0.37,0,0,0.55,1,1,0.2,3,0,0
23,2.57,0,0.52,1,0,0.39,1,3,0.12,1,0,0
139,9.23,1,0.8,0,1,0.54,0,10,0.26,1,1,1
23,9.01,0,1.0,0,1,0.59,0,17,0.15,3,1,1
3306,0.46,0,0.38,0,0,0.76,1,1,0.13,1,0,0
143,4.6,0,0.24,0,0,0.47,1,3,0.21,4,0,0
22,2.96,1,0.24,1,0,0.32,1,1,0.12,3,0,0
139,9.92,1,0.8,3,1,0.85,1,19,0.79,5,1,1
443,1.76,0,0.36,0,0,0.58,1,1,0.21,2,0,0
25,4.16,0,0.2,0,0,0.52,1,1,0.08,4,0,0
110,2.87,0,0.31,0,0,0.41,1,1,0.02,4,0,0
22,4.06,0,0.55,1,0,0.61,1,17,0.34,0,0,1
25,7.55,1,0.6,4,1,0.47,1,8,0.82,0,0,1
3306,6.73,1,0.8,2,1,0.66,0,11,0.32,0,1,1
21,4.36,0,0.38,1,0,0.45,1,2,0.06,4,0,0
445,4.04,0,0.55,0,0,0.66,1,2,0.16,3,0,0
3389,8.28,1,0.85,2,0,0.58,0,16,0.2,3,0,1
3389,8.74,1,0.85,3,0,1.0,0,6,0.21,3,1,1
53,6.24,1,0.4,1,1,0.63,0,17,0.65,1,0,1
53,4.53,1,0.4,4,0,0.32,0,10,0.49,4,0,1
23,0.27,1,0.44,1,0,0.73,1,1,0.17,3,0,0
110,6.61,1,0.6,0,0,0.64,0,6,0.93,3,0,1
143,9.65,0,0.6,0,1,0.78,1,16,0.89,0,1,1
143,0.56,1,0.35,1,0,0.64,1,1,0.1,2,0,0
25,6.29,1,0.6,4,1,0.56,0,8,0.19,0,0,1
21,7.1,1,0.9,2,0,0.9,0,9,0.47,0,0,1
443,0.21,0,0.39,0,0,0.85,1,0,0.19,5,0,0
443,8.21,1,0.65,0,1,0.81,0,9,0.34,3,1,1
23,0.59,0,0.47,1,0,0.88,1,3,0.24,1,0,0
25,4.1,0,0.36,1,0,0.37,1,3,0.06,2,0,0
23,2.83,1,0.49,0,0,0.66,1,0,0.15,1,0,0
3389,3.58,0,0.27,1,0,0.73,1,3,0.23,3,0,0
110,2.46,0,0.34,1,0,0.52,1,3,0.13,3,0,0
110,2.52,0,0.3,1,0,0.34,1,3,0.13,4,0,0
22,6.39,1,0.55,4,1,0.39,1,8,0.81,3,0,1
143,0.7,0,0.39,1,0,0.43,1,1,0.03,2,0,0
21,8.55,1,0.9,2,1,0.79,0,5,0.13,3,0,1
21,7.69,1,0.9,2,1,0.95,0,3,0.97,3,1,1
21,6.72,1,0.9,5,1,0.58,0,16,0.7,3,0,1
25,5.59,0,0.6,0,1,0.35,0,3,0.93,1,1,1
23,9.88,0,1.0,1,1,0.45,1,19,0.32,1,1,1
21,1.04,0,0.5,1,0,0.83,1,1,0.24,2,0,0
139,0.26,0,0.34,1,0,0.74,1,3,0.14,1,0,0
143,9.55,1,0.6,5,1,0.87,0,17,0.26,1,0,1
80,1.01,0,0.44,0,0,0.69,1,3,0.13,3,0,0
3306,5.43,0,0.8,4,0,0.4,1,4,0.26,1,0,1
21,6.31,1,0.9,1,1,0.47,1,2,0.91,0,0,1
53,1.76,1,0.21,0,0,0.89,1,1,0.03,2,0,0
25,3.58,0,0.29,0,0,0.66,1,1,0.02,3,0,0
53,9.87,1,0.4,5,1,0.97,1,10,0.18,1,0,1
443,0.24,0,0.32,0,0,0.72,1,2,0.16,4,0,0
3306,3.38,1,0.28,1,0,0.58,1,1,0.12,3,0,0
143,7.95,0,0.6,1,1,0.68,1,13,0.16,1,1,1
3306,9.91,1,0.8,5,1,0.74,0,17,0.43,0,0,1
53,3.17,0,0.28,1,0,0.82,1,0,0.06,2,0,0
53,3.93,0,0.24,1,0,0.86,1,1,0.25,1,0,0
25,3.67,0,0.34,0,0,0.77,1,3,0.02,5,0,0
21,8.4,1,0.9,5,0,0.81,0,5,0.7,1,0,1
80,1.57,0,0.24,1,0,0.83,1,2,0.08,2,0,0
23,1.15,1,0.63,0,0,0.59,1,3,0.24,3,0,0
23,8.61,0,1.0,3,0,0.39,0,4,0.88,5,0,1
21,4.68,1,0.41,0,0,0.79,1,1,0.16,1,0,0
445,1.35,0,0.35,0,0,0.8,1,3,0.14,3,0,0
23,9.73,0,1.0,4,1,0.91,1,7,0.94,5,0,1
80,3.72,0,0.27,0,0,0.47,1,0,0.06,5,0,0
53,2.64,0,0.16,0,0,0.37,1,2,0.16,3,0,0
53,4.39,0,0.19,1,0,0.86,1,0,0.06,1,0,0
21,8.41,1,0.9,4,0,0.75,0,7,0.52,4,0,1
445,3.78,0,0.36,1,0,0.46,1,0,0.24,4,0,0
21,8.2,1,0.9,4,1,0.68,0,4,0.67,2,1,1
443,4.78,0,0.33,0,0,0.5,1,2,0.23,2,0,0
3306,7.39,1,0.8,0,0,0.65,0,5,0.23,3,1,1
23,1.01,1,0.36,0,0,0.46,1,1,0.09,3,0,0
3306,6.37,1,0.8,4,1,0.5,0,16,0.19,0,1,1
80,0.76,1,0.33,1,0,0.65,1,2,0.14,3,0,0
25,4.36,0,0.32,1,0,0.61,1,0,0.02,3,0,0
139,1.4,0,0.51,0,0,0.57,1,0,0.07,4,0,0
21,7.82,1,0.9,5,1,0.89,1,8,0.6,5,0,1
80,2.14,1,0.4,1,0,0.53,1,0,0.24,2,0,0
80,8.54,1,0.7,5,1,0.47,0,5,0.69,4,0,1
139,5.4,0,0.8,0,1,0.75,1,1,0.13,0,1,1
110,7.08,1,0.6,2,1,0.89,0,16,0.33,0,1,1
23,2.76,0,0.54,1,0,0.35,1,1,0.15,1,0,0
139,9.78,0,0.8,4,1,0.79,1,19,0.48,4,0,1
80,1.73,0,0.4,1,0,0.39,1,1,0.23,1,0,0
3306,9.42,1,0.8,3,1,0.4,0,1,0.82,2,1,1
53,3.03,0,0.25,1,0,0.57,1,2,0.03,4,0,0
143,8.41,0,0.6,1,1,0.36,1,20,0.71,3,0,1
443,4.44,0,0.4,1,0,0.38,1,3,0.24,1,0,0
110,4.17,0,0.38,0,0,0.81,1,3,0.13,4,0,0
25,7.54,1,0.6,0,1,0.47,0,11,0.57,0,1,1
53,8.37,1,0.4,2,1,0.75,1,11,0.64,5,1,1
3389,8.8,1,0.85,1,1,0.67,0,8,0.81,2,0,1
139,1.78,0,0.44,1,0,0.62,1,3,0.25,4,0,0
3306,4.38,1,0.46,1,0,0.73,1,3,0.13,2,0,0
80,0.1,0,0.39,1,0,0.8,1,0,0.17,1,0,0
139,3.95,0,0.34,1,0,0.77,1,0,0.25,2,0,0
143,1.23,1,0.23,0,0,0.32,1,2,0.16,3,0,0
443,9.26,1,0.65,2,1,0.73,1,11,0.25,3,0,1
3306,9.18,1,0.8,4,1,0.47,1,20,0.49,2,1,1
3306,9.9,1,0.8,4,0,0.5,0,5,0.68,3,0,1
3389,4.12,1,0.27,0,0,0.46,1,2,0.15,4,0,0
80,6.87,1,0.7,0,0,0.56,1,19,0.26,4,0,1
3306,5.79,1,0.8,4,0,0.96,1,17,0.36,3,0,1
25,4.39,0,0.42,1,0,0.86,1,2,0.04,2,0,0
22,1.3,1,0.36,1,0,0.73,1,0,0.17,1,0,0
25,4.38,0,0.6,3,0,0.39,1,18,0.24,1,1,1
21,9.87,0,0.9,3,1,0.99,1,11,0.99,3,1,1
445,1.97,0,0.51,0,0,0.68,1,0,0.09,4,0,0
23,7.31,1,1.0,3,1,0.51,0,11,0.65,4,1,1
21,8.21,0,0.9,5,1,0.96,1,1,0.18,1,1,1
22,2.76,0,0.31,1,0,0.48,1,0,0.24,4,0,0
139,5.31,0,0.8,1,1,0.92,0,5,0.69,3,1,1
25,0.64,0,0.2,0,0,0.34,1,1,0.06,4,0,0
3389,6.4,0,0.85,0,0,0.94,1,10,0.9,5,0,1
443,3.02,0,0.41,1,0,0.46,1,3,0.0,5,0,0
3389,7.24,1,0.85,3,0,0.87,0,10,0.6,0,1,1
143,7.73,1,0.6,4,1,0.91,1,20,0.7,3,0,1
110,8.48,1,0.6,0,1,0.79,0,16,0.85,1,0,1
21,4.44,1,0.4,1,0,0.64,1,0,0.23,4,0,0
53,4.46,0,0.27,1,0,0.46,1,2,0.01,3,0,0
443,2.02,0,0.44,0,0,0.76,1,0,0.15,4,0,0
143,5.8,1,0.6,5,0,0.78,1,19,0.54,1,1,1
445,5.3,0,0.9,2,1,0.64,1,7,0.76,5,0,1
80,2.63,1,0.33,1,0,0.52,1,0,0.16,4,0,0
143,4.7,1,0.6,0,0,0.34,1,0,0.6,1,1,1
143,4.71,0,0.28,0,0,0.65,1,2,0.21,4,0,0
21,0.7,0,0.43,1,0,0.52,1,0,0.2,3,0,0
80,7.23,1,0.7,1,1,0.52,0,15,0.43,1,1,1
25,0.91,1,0.2,0,0,0.81,1,1,0.22,2,0,0
25,8.87,0,0.6,0,1,0.96,0,14,0.67,0,1,1
23,0.25,1,0.51,0,0,0.43,1,0,0.13,2,0,0
22,5.81,0,0.55,2,0,0.92,0,7,0.33,2,0,1
110,2.3,0,0.35,1,0,0.3,1,2,0.24,1,0,0
3306,9.17,1,0.8,3,0,0.85,1,18,0.81,5,0,1
139,6.64,0,0.8,5,1,0.37,1,12,0.87,4,1,1
25,5.01,1,0.6,0,1,0.47,1,12,0.44,1,0,1
445,8.24,1,0.9,1,1,0.93,0,9,0.37,5,0,1
3306,2.3,1,0.41,0,0,0.45,1,1,0.11,5,0,0
139,7.79,1,0.8,2,1,0.81,1,9,0.83,5,0,1
139,2.47,1,0.49,0,0,0.33,1,0,0.04,1,0,0
3389,4.12,0,0.39,1,0,0.8,1,3,0.09,4,0,0
443,5.2,1,0.65,1,1,0.81,1,18,0.3,3,1,1
22,7.59,1,0.55,0,0,0.77,0,7,0.19,0,0,1
25,8.58,0,0.6,5,1,0.68,0,12,0.91,3,0,1
143,7.2,1,0.6,3,1,0.74,1,17,0.88,0,0,1
443,0.62,1,0.25,1,0,0.72,1,1,0.05,4,0,0
80,3.04,0,0.24,0,0,0.39,1,2,0.23,1,0,0
139,3.3,0,0.48,0,0,0.36,1,1,0.2,4,0,0
110,9.2,1,0.6,4,1,0.95,0,16,0.4,5,1,1
25,4.81,1,0.6,1,0,0.41,1,2,0.18,4,0,1
22,0.58,0,0.35,0,0,0.63,1,0,0.17,2,0,0
139,0.49,0,0.3,0,0,0.72,1,0,0.06,4,0,0
443,3.42,1,0.25,1,0,0.6,1,0,0.21,5,0,0
21,6.62,1,0.9,5,0,0.74,0,3,0.36,2,1,1
3306,4.37,1,0.8,4,0,0.71,0,16,0.68,0,1,1
143,9.56,1,0.6,1,1,0.78,1,8,0.18,3,0,1
3389,1.67,0,0.29,0,0,0.49,1,2,0.01,1,0,0
3306,3.31,1,0.34,0,0,0.44,1,0,0.0,4,0,0
80,3.85,0,0.38,1,0,0.48,1,2,0.02,3,0,0
143,2.03,1,0.24,1,0,0.89,1,0,0.12,1,0,0
25,3.94,1,0.37,1,0,0.43,1,2,0.24,2,0,0
3389,7.7,1,0.85,3,1,0.9,1,2,0.96,3,1,1
443,7.24,0,0.65,3,1,0.96,1,11,0.99,2,0,1
53,9.18,0,0.4,0,1,0.47,1,8,0.52,2,1,1
3306,9.97,1,0.8,3,0,0.93,1,3,0.32,0,1,1
22,2.0,1,0.38,1,0,0.87,1,3,0.18,2,0,0
53,4.19,0,0.4,1,0,0.84,0,11,0.73,2,0,1
80,4.56,1,0.27,1,0,0.35,1,3,0.06,4,0,0
445,8.49,1,0.9,3,1,0.56,1,14,0.66,3,0,1
139,8.18,1,0.8,3,0,0.99,0,19,0.25,5,0,1
3389,9.02,1,0.85,5,0,0.38,0,18,0.22,4,1,1
80,1.85,1,0.27,1,0,0.79,1,0,0.16,1,0,0
25,4.55,1,0.6,1,0,0.36,0,20,0.96,0,0,1
3389,6.18,1,0.85,5,0,0.66,1,17,0.67,1,0,1
23,6.14,1,1.0,4,1,0.34,1,11,0.84,5,1,1
3389,9.59,0,0.85,0,1,0.62,1,1,0.29,4,1,1
53,4.76,0,0.23,0,0,0.46,1,1,0.19,1,0,0
3306,0.82,1,0.48,0,0,0.58,1,0,0.09,1,0,0
80,0.58,0,0.49,1,0,0.7,1,3,0.0,2,0,0
25,4.47,0,0.3,1,0,0.64,1,0,0.04,1,0,0
445,8.18,1,0.9,5,1,0.62,0,11,0.41,3,1,1
3306,9.25,1,0.8,5,1,0.79,0,4,0.51,1,0,1
53,9.36,1,0.4,2,0,0.77,0,4,0.92,4,1,1
80,8.47,1,0.7,2,1,0.77,1,6,0.31,4,1,1
21,9.48,1,0.9,5,1,0.6,0,20,0.17,1,1,1
22,0.39,0,0.21,0,0,0.64,1,0,0.06,5,0,0
445,5.64,0,0.9,5,0,0.39,1,18,0.94,0,1,1
110,1.29,1,0.3,1,0,0.33,1,0,0.2,3,0,0
445,1.01,0,0.52,1,0,0.87,1,2,0.11,2,0,0
445,3.1,1,0.56,0,0,0.33,1,0,0.01,1,0,0
53,3.75,0,0.26,0,0,0.7,1,3,0.11,2,0,0
80,4.12,0,0.4,1,0,0.66,1,3,0.12,4,0,0
25,4.03,0,0.4,0,0,0.43,1,3,0.07,4,0,0
53,1.0,0,0.13,0,0,0.64,1,1,0.07,1,0,0
25,1.2,0,0.36,0,0,0.81,1,0,0.05,2,0,0
23,3.23,0,0.57,1,0,0.83,1,3,0.11,2,0,0
139,1.83,0,0.39,1,0,0.43,1,1,0.1,3,0,0
23,5.1,1,1.0,2,0,0.82,1,18,0.46,1,0,1
143,7.57,0,0.6,2,1,0.99,1,20,0.14,0,1,1
80,5.76,1,0.7,5,0,0.34,1,5,0.8,4,1,1
3306,9.01,0,0.8,2,1,0.97,0,8,0.72,0,0,1
80,8.97,1,0.7,4,1,0.42,0,4,0.35,3,0,1
22,8.82,0,0.55,0,1,0.84,1,2,0.28,0,0,1
22,3.01,1,0.32,0,0,0.51,1,0,0.03,1,0,0
3306,1.7,0,0.41,0,0,0.6,1,2,0.12,3,0,0
3389,5.71,1,0.85,5,0,0.62,0,15,0.2,0,1,1
3389,9.01,1,0.85,1,1,0.49,0,13,0.88,3,0,1
139,7.78,1,0.8,4,1,0.96,1,20,0.6,0,1,1
21,9.59,0,0.9,1,1,0.86,1,15,0.65,5,1,1
21,2.92,0,0.39,0,0,0.89,1,3,0.06,3,0,0
25,6.48,1,0.6,0,1,0.73,1,9,0.69,5,0,1
22,5.51,0,0.55,1,1,0.48,0,5,0.82,4,1,1
53,8.99,1,0.4,4,0,0.8,0,11,0.2,4,1,1
22,8.07,0,0.55,3,1,0.71,1,19,0.72,0,0,1
23,2.61,1,0.62,0,0,0.79,1,2,0.06,4,0,0
53,4.81,0,0.13,0,0,0.63,1,0,0.03,2,0,0
445,3.5,0,0.9,1,0,0.43,1,18,0.42,0,0,1
25,7.66,1,0.6,2,1,0.64,1,8,0.29,4,0,1
53,8.19,1,0.4,5,0,0.68,0,6,0.29,3,1,1
445,4.13,0,0.5,1,0,0.55,1,1,0.06,1,0,0
443,4.17,1,0.39,1,0,0.31,1,0,0.15,1,0,0
110,2.92,0,0.23,1,0,0.85,1,0,0.07,2,0,0
139,4.28,1,0.8,0,0,0.85,1,13,0.33,1,1,1
53,5.81,1,0.4,5,0,0.67,0,1,0.95,4,1,1
80,7.29,0,0.7,4,1,0.63,1,2,0.25,1,0,1
80,0.14,1,0.3,1,0,0.73,1,0,0.15,4,0,0
25,6.7,1,0.6,3,0,0.51,0,17,0.14,0,1,1
23,0.88,0,0.37,0,0,0.64,1,1,0.15,3,0,0
80,0.05,0,0.39,0,0,0.67,1,2,0.19,2,0,0
139,0.11,0,0.54,1,0,0.82,1,0,0.14,4,0,0
22,2.06,0,0.22,0,0,0.48,1,0,0.21,3,0,0
25,7.86,0,0.6,2,1,0.7,1,20,0.74,0,0,1
139,4.34,1,0.51,0,0,0.69,1,3,0.18,2,0,0
21,6.53,1,0.9,1,1,0.88,1,10,0.87,1,0,1
445,2.95,0,0.62,0,0,0.51,1,2,0.0,3,0,0
443,0.91,0,0.39,0,0,0.43,1,1,0.21,4,0,0
22,1.13,0,0.32,1,0,0.7,1,2,0.01,1,0,0
143,5.95,1,0.6,0,1,0.78,1,15,0.89,2,1,1
3306,2.94,0,0.49,0,0,0.48,1,0,0.12,4,0,0
23,0.58,0,0.36,0,0,0.45,1,3,0.18,4,0,0
443,8.82,1,0.65,1,1,0.49,1,5,0.94,1,1,1
443,0.7,0,0.42,1,0,0.43,1,0,0.16,4,0,0
139,2.36,0,0.48,0,0,0.35,1,0,0.07,5,0,0
110,2.16,1,0.29,1,0,0.81,1,0,0.16,5,0,0
25,9.84,0,0.6,3,1,0.93,0,1,0.28,5,1,1
22,1.77,1,0.28,1,0,0.44,1,2,0.22,3,0,0
110,7.15,1,0.6,4,1,0.47,0,13,0.79,5,1,1
22,4.02,1,0.35,1,0,0.5,1,1,0.03,5,0,0
143,0.76,1,0.38,1,0,0.5,1,2,0.24,1,0,0
110,6.8,1,0.6,3,1,0.54,1,13,0.34,0,1,1
21,8.08,0,0.9,0,0,0.89,1,2,0.44,5,1,1
445,4.44,1,0.9,1,0,0.58,1,1,0.87,1,0,1
3389,8.57,0,0.85,5,1,0.69,1,14,0.41,0,1,1
80,1.39,0,0.33,0,0,0.37,1,0,0.22,5,0,0
443,3.92,0,0.43,1,0,0.63,1,3,0.16,1,0,0
22,3.78,0,0.35,1,0,0.5,1,2,0.06,5,0,0
80,2.03,0,0.35,0,0,0.3,1,0,0.18,4,0,0
110,2.38,1,0.4,1,0,0.86,1,3,0.11,4,0,0
80,9.07,1,0.7,1,0,0.64,1,19,0.8,4,1,1
25,7.59,1,0.6,4,1,0.45,1,13,0.52,5,0,1
53,3.59,0,0.17,0,0,0.37,1,0,0.01,5,0,0
53,5.48,1,0.4,0,1,0.58,1,2,0.19,0,1,1
143,9.54,0,0.6,3,1,0.62,0,4,0.34,3,1,1
53,9.04,1,0.4,2,1,0.37,1,1,1.0,3,0,1
3306,4.57,0,0.29,0,0,0.65,1,2,0.07,4,0,0
143,8.33,1,0.6,0,0,0.93,0,16,0.37,1,0,1
53,1.65,0,0.27,0,0,0.38,1,3,0.01,5,0,0
3389,2.96,1,0.27,1,0,0.42,1,3,0.12,1,0,0
3389,0.07,0,0.53,1,0,0.8,1,0,0.17,4,0,0
110,6.55,1,0.6,2,1,0.77,1,7,0.15,3,0,1
22,0.24,0,0.31,0,0,0.82,1,3,0.19,3,0,0
110,2.0,1,0.29,1,0,0.82,1,1,0.17,2,0,0
80,4.44,0,0.47,1,0,0.47,1,0,0.22,3,0,0
80,5.21,1,0.7,4,1,0.33,1,20,0.84,3,1,1
22,0.2,0,0.17,1,0,0.75,1,0,0.06,3,0,0
110,9.26,1,0.6,1,1,0.63,1,19,0.19,4,1,1
139,9.71,1,0.8,4,0,0.98,0,18,0.12,0,1,1
139,4.85,1,0.32,1,0,0.39,1,1,0.08,5,0,0
21,5.67,1,0.9,4,0,0.72,0,18,0.28,3,0,1
23,8.19,0,1.0,5,0,0.32,1,16,1.0,3,0,1
23,3.06,0,0.66,1,0,0.75,1,1,0.23,4,0,0
25,4.06,0,0.38,1,0,0.84,1,0,0.02,3,0,0
21,2.73,0,0.4,0,0,0.35,1,3,0.07,2,0,0
143,4.37,1,0.39,1,0,0.34,1,0,0.05,3,0,0
3306,2.31,1,0.35,0,0,0.83,1,0,0.21,4,0,0
80,6.48,0,0.7,5,0,0.79,1,19,0.63,5,0,1
443,2.91,1,0.28,1,0,0.74,1,1,0.22,4,0,0
3389,0.02,0,0.28,1,0,0.33,1,1,0.03,5,0,0
143,5.63,1,0.6,1,0,0.74,1,13,0.21,1,0,1
23,9.76,1,1.0,3,0,0.98,1,15,0.38,1,1,1
143,2.54,1,0.19,1,0,0.7,1,1,0.08,2,0,0
53,3.56,0,0.15,1,0,0.53,1,0,0.11,1,0,0
139,5.88,0,0.8,1,0,0.51,1,3,0.85,3,0,1
23,9.52,1,1.0,3,0,0.88,0,1,0.32,3,0,1
23,6.11,0,1.0,5,1,0.82,0,19,0.87,4,0,1
53,4.87,1,0.27,1,0,0.43,1,1,0.11,4,0,0
25,3.93,1,0.6,4,0,0.77,0,16,0.61,5,1,1
445,0.37,1,0.39,0,0,0.43,1,1,0.01,4,0,0
23,9.9,1,1.0,0,1,0.98,0,12,0.63,0,0,1
23,2.01,0,0.35,0,0,0.37,1,2,0.08,4,0,0
25,0.57,0,0.35,1,0,0.71,1,3,0.2,3,0,0
53,5.92,1,0.4,4,0,0.67,0,15,0.74,5,1,1
443,9.55,0,0.65,3,1,0.92,0,14,0.82,5,0,1
25,4.85,1,0.6,0,0,0.63,0,9,0.81,3,1,1
445,3.91,1,0.52,1,0,0.34,1,2,0.15,3,0,0
80,5.08,1,0.7,3,1,0.73,1,5,0.67,2,1,1
3306,7.29,0,0.8,0,1,0.85,0,11,0.94,4,1,1
3389,2.43,0,0.36,1,0,0.75,1,2,0.04,3,0,0
143,5.24,0,0.6,1,1,0.43,1,6,0.94,5,0,1
3306,5.2,1,0.8,2,1,0.4,0,12,0.46,0,1,1
80,3.82,1,0.7,1,0,0.98,1,8,0.21,3,0,1
143,4.31,0,0.25,1,0,0.77,1,1,0.01,4,0,0
143,2.18,0,0.38,0,0,0.7,1,0,0.08,5,0,0
110,0.62,1,0.29,1,0,0.78,1,3,0.12,2,0,0
53,4.33,1,0.4,1,0,0.67,1,18,0.14,0,0,1
3306,9.41,1,0.8,3,1,0.98,0,19,0.33,2,0,1
25,9.33,0,0.6,0,1,0.39,1,13,0.96,4,1,1
22,2.98,1,0.28,1,0,0.58,1,0,0.16,4,0,0
445,8.51,1,0.9,4,0,0.59,0,9,0.68,3,0,1
143,1.18,0,0.41,0,0,0.41,1,2,0.03,1,0,0
143,1.52,0,0.37,0,0,0.8,1,0,0.05,2,0,0
25,6.55,1,0.6,3,1,0.6,0,7,0.24,1,0,1
80,2.82,0,0.32,1,0,0.61,1,3,0.12,5,0,0
53,3.56,1,0.4,5,0,0.75,1,0,0.39,1,0,1
23,0.93,0,0.7,0,0,0.47,1,2,0.07,1,0,0
22,9.05,1,0.55,0,0,0.9,1,14,0.14,1,1,1
143,2.92,0,0.41,0,0,0.69,1,2,0.13,4,0,0
445,6.77,1,0.9,5,1,0.89,1,9,0.57,3,0,1
80,1.13,0,0.31,0,0,0.63,1,0,0.17,5,0,0
110,9.98,1,0.6,2,1,0.74,1,13,0.95,4,1,1
443,4.59,0,0.3,1,0,0.57,1,0,0.02,4,0,0
110,9.03,1,0.6,3,1,0.33,0,8,0.41,5,1,1
3389,4.73,0,0.42,1,0,0.34,1,0,0.05,4,0,0
3306,4.83,0,0.44,1,0,0.64,1,2,0.04,5,0,0
53,5.75,1,0.4,1,0,0.64,1,12,0.38,3,1,1
443,3.99,0,0.29,1,0,0.36,1,3,0.16,1,0,0
143,3.89,0,0.39,1,0,0.65,1,0,0.16,4,0,0
21,4.52,1,0.36,1,0,0.65,1,2,0.24,4,0,0
23,7.96,1,1.0,3,0,0.59,0,1,0.2,5,0,1
110,0.38,1,0.4,1,0,0.51,1,2,0.0,1,0,0
23,8.93,0,1.0,4,1,0.68,0,12,0.3,1,1,1
3306,2.26,0,0.31,0,0,0.66,1,3,0.02,1,0,0
3389,4.39,0,0.85,3,0,0.98,0,2,0.66,5,1,1
53,4.28,1,0.26,1,0,0.6,1,2,0.08,4,0,0
25,9.88,0,0.6,2,1,0.85,1,13,0.46,1,0,1
445,9.01,1,0.9,1,1,0.73,1,17,0.39,3,0,1
110,6.31,1,0.6,3,0,0.32,1,12,0.5,1,0,1
139,4.31,0,0.8,2,0,0.76,0,9,0.35,4,1,1
139,9.47,1,0.8,3,1,0.9,0,9,0.64,1,0,1
3389,2.33,0,0.32,0,0,0.39,1,1,0.06,4,0,0
143,9.53,1,0.6,5,1,0.97,0,8,0.19,2,0,1
139,4.88,1,0.8,0,0,0.34,1,7,0.99,4,0,1
21,2.03,1,0.48,0,0,0.84,1,2,0.25,3,0,0
80,5.17,1,0.7,0,0,0.59,0,19,0.81,4,0,1
443,4.46,0,0.43,0,0,0.71,1,0,0.17,1,0,0
110,9.71,1,0.6,4,1,0.66,1,19,0.99,4,1,1
21,8.73,1,0.9,3,0,0.32,0,17,0.29,4,1,1
25,6.51,0,0.6,1,1,0.9,1,3,0.75,1,1,1
80,3.75,0,0.3,1,0,0.48,1,0,0.05,5,0,0
110,3.63,1,0.6,5,0,0.39,1,6,0.19,2,0,1
53,4.89,1,0.4,3,0,0.43,0,4,0.17,0,0,1
139,4.36,1,0.8,0,0,0.79,0,4,0.13,5,1,1
143,5.06,1,0.6,3,1,0.83,0,9,0.38,5,0,1
21,3.57,1,0.9,1,0,0.47,0,4,0.77,4,0,1
445,3.91,1,0.9,3,0,0.33,1,8,0.61,1,0,1
80,4.76,0,0.7,4,0,0.87,0,13,0.96,1,0,1
80,2.58,1,0.36,0,0,0.54,1,1,0.02,1,0,0
3389,4.09,1,0.49,1,0,0.8,1,3,0.06,3,0,0
22,8.07,0,0.55,3,1,0.91,1,3,0.91,0,0,1
3306,0.92,1,0.38,0,0,0.73,1,3,0.09,4,0,0
110,5.77,1,0.6,0,0,0.38,0,18,0.64,5,0,1
443,5.59,1,0.65,4,0,0.53,0,18,0.7,1,1,1
3389,9.8,1,0.85,4,0,0.97,0,13,0.66,0,1,1
22,4.11,0,0.31,0,0,0.83,1,1,0.14,5,0,0
3389,1.77,0,0.26,0,0,0.46,1,1,0.1,3,0,0
110,1.41,0,0.42,1,0,0.34,1,3,0.19,5,0,0
25,7.91,1,0.6,4,1,0.92,0,11,0.81,0,0,1
139,5.4,0,0.8,1,1,0.77,0,20,0.25,3,0,1
22,3.74,0,0.2,0,0,0.51,1,3,0.0,4,0,0
22,6.23,1,0.55,3,0,0.34,1,19,0.58,5,0,1
3389,8.08,1,0.85,3,1,0.85,1,3,0.81,2,0,1
80,9.98,0,0.7,0,0,0.73,0,5,0.91,3,0,1
445,7.44,1,0.9,4,1,0.59,0,10,0.21,2,1,1
25,1.51,0,0.29,0,0,0.51,1,0,0.0,3,0,0
22,8.32,1,0.55,3,0,0.94,1,18,0.49,3,1,1
143,0.65,0,0.24,1,0,0.44,1,1,0.14,3,0,0
143,6.69,1,0.6,4,0,0.96,1,12,0.23,3,1,1
21,4.33,0,0.29,0,0,0.31,1,0,0.05,3,0,0
21,5.61,1,0.9,4,1,0.36,0,18,0.21,4,1,1
22,6.1,1,0.55,4,0,0.73,0,5,0.45,5,0,1
25,5.73,1,0.6,3,1,0.69,0,8,0.35,5,1,1
139,7.33,0,0.8,0,1,0.7,0,3,0.96,2,1,1
23,6.37,1,1.0,2,0,0.95,1,13,0.75,5,0,1
110,0.38,0,0.35,0,0,0.41,1,2,0.13,5,0,0
23,0.55,0,0.31,0,0,0.4,1,3,0.08,5,0,0
22,5.55,1,0.55,4,1,0.71,0,6,0.82,4,1,1
25,3.27,0,0.27,0,0,0.43,1,3,0.09,3,0,0
3306,6.51,0,0.8,3,1,0.57,0,9,0.73,2,1,1
25,3.99,0,0.33,1,0,0.6,1,1,0.13,4,0,0
80,5.48,0,0.7,5,0,0.4,1,13,0.64,4,1,1
139,4.15,0,0.8,5,0,0.61,0,12,0.87,3,0,1
21,2.5,0,0.53,0,0,0.54,1,1,0.02,1,0,0
443,8.16,1,0.65,4,1,0.6,1,12,0.53,1,0,1
3389,9.48,0,0.85,0,1,0.6,1,11,0.95,2,1,1
53,3.47,1,0.14,1,0,0.46,1,1,0.12,5,0,0
445,8.85,1,0.9,2,1,0.93,0,7,0.8,1,1,1
443,6.06,0,0.65,2,0,0.31,0,6,0.48,1,1,1
445,3.24,1,0.5,0,0,0.86,1,2,0.13,3,0,0
80,2.82,1,0.28,1,0,0.36,1,0,0.17,3,0,0
80,1.0,0,0.43,1,0,0.4,1,2,0.14,5,0,0
443,0.83,0,0.22,1,0,0.38,1,2,0.0,3,0,0
25,3.56,1,0.36,0,0,0.4,1,2,0.04,4,0,0
21,3.38,1,0.47,0,0,0.62,1,1,0.19,4,0,0
445,2.84,0,0.48,1,0,0.8,1,1,0.18,3,0,0
110,1.5,0,0.33,1,0,0.33,1,0,0.06,4,0,0
3306,8.23,1,0.8,2,1,0.61,1,11,0.26,3,0,1
139,7.43,1,0.8,5,1,0.93,0,17,0.85,2,0,1
53,7.72,0,0.4,0,1,0.8,0,19,0.57,4,0,1
443,3.16,0,0.4,0,0,0.3,1,2,0.03,1,0,0
3389,7.02,1,0.85,5,0,0.69,1,2,0.65,4,1,1
110,5.37,0,0.6,5,0,0.72,1,7,0.2,1,0,1
139,2.26,0,0.52,0,0,0.34,1,2,0.16,2,0,0
445,9.02,0,0.9,1,1,0.48,1,18,0.28,2,0,1
23,1.85,0,0.46,1,0,0.87,1,1,0.17,4,0,0
110,0.62,0,0.38,1,0,0.34,1,2,0.14,4,0,0
445,0.49,1,0.36,0,0,0.87,1,1,0.02,5,0,0
3389,4.74,0,0.4,1,0,0.48,1,3,0.03,5,0,0
80,5.17,1,0.7,3,0,0.38,1,20,0.63,3,0,1
21,8.68,0,0.9,2,1,0.6,0,19,0.95,4,0,1
80,4.19,0,0.7,5,0,0.86,1,5,0.78,2,1,1
139,4.36,0,0.46,1,0,0.34,1,1,0.17,5,0,0
3306,1.62,0,0.39,1,0,0.57,1,0,0.22,2,0,0
110,9.98,1,0.6,3,1,0.97,0,14,0.5,5,1,1
23,2.38,0,0.38,1,0,0.57,1,1,0.11,2,0,0
110,8.92,1,0.6,4,1,0.63,1,1,0.32,0,1,1
110,6.64,1,0.6,3,1,0.5,0,13,0.26,3,1,1
110,8.3,0,0.6,3,1,0.32,1,12,0.29,0,0,1
25,9.03,0,0.6,5,0,0.72,1,6,0.81,1,0,1
445,8.66,0,0.9,4,0,0.94,1,14,0.67,3,0,1
143,4.3,0,0.22,1,0,0.33,1,0,0.14,3,0,0
25,9.04,1,0.6,0,1,0.37,0,5,0.77,4,0,1
80,8.51,1,0.7,3,1,0.47,0,14,0.26,4,1,1
23,4.7,1,1.0,1,0,0.89,1,4,0.83,0,1,1
23,3.48,0,0.58,0,0,0.55,1,3,0.08,3,0,0
3389,0.88,0,0.28,1,0,0.69,1,3,0.14,5,0,0
80,9.01,1,0.7,4,1,0.87,1,15,0.97,4,1,1
143,1.72,0,0.26,0,0,0.56,1,1,0.08,4,0,0
25,9.75,1,0.6,0,0,0.35,0,8,0.84,1,0,1
110,3.59,0,0.39,0,0,0.45,1,3,0.24,1,0,0
25,7.63,0,0.6,2,1,0.53,1,9,0.55,0,1,1
23,0.4,0,0.55,0,0,0.38,1,3,0.19,2,0,0
80,6.99,1,0.7,2,1,0.6,1,12,0.96,5,1,1
53,2.65,0,0.14,0,0,0.84,1,1,0.18,2,0,0
445,4.06,1,0.37,1,0,0.34,1,2,0.14,2,0,0
139,5.8,1,0.8,5,1,0.4,1,8,0.19,3,0,1
3389,8.58,1,0.85,0,1,0.54,1,12,0.48,5,1,1
445,8.07,1,0.9,2,1,0.68,0,1,0.39,0,1,1
445,6.74,1,0.9,5,0,0.93,0,6,0.43,0,1,1
443,2.88,0,0.33,0,0,0.44,1,1,0.08,1,0,0
110,4.1,1,0.6,0,0,0.75,1,16,0.49,0,1,1
110,0.02,1,0.26,1,0,0.67,1,0,0.03,3,0,0
80,7.74,1,0.7,0,1,0.68,0,4,0.43,1,0,1
23,0.95,0,0.65,1,0,0.83,1,3,0.06,4,0,0
21,4.63,0,0.55,0,0,0.32,1,3,0.06,4,0,0
22,0.34,0,0.28,0,0,0.57,1,1,0.16,3,0,0
139,0.19,1,0.32,0,0,0.77,1,2,0.22,2,0,0
25,8.73,1,0.6,4,1,0.36,0,13,0.11,0,0,1
22,1.7,1,0.3,0,0,0.54,1,0,0.21,4,0,0
445,7.35,1,0.9,1,1,0.42,0,14,0.1,4,1,1
139,9.31,1,0.8,4,0,0.8,1,9,0.33,4,0,1
25,0.07,0,0.3,0,0,0.62,1,1,0.08,3,0,0
143,9.41,1,0.6,5,0,0.4,1,9,0.41,0,0,1
445,6.52,1,0.9,3,1,0.99,1,12,0.95,1,0,1
110,5.54,1,0.6,3,1,0.35,0,11,0.65,0,0,1
80,0.31,0,0.39,1,0,0.81,1,3,0.2,1,0,0
143,9.53,1,0.6,0,1,0.74,1,2,0.1,1,1,1
53,3.77,0,0.4,3,0,0.83,1,9,0.99,0,1,1
21,6.22,1,0.9,4,0,0.98,1,14,0.67,0,1,1
3389,4.19,0,0.43,0,0,0.89,1,0,0.02,3,0,0
22,4.74,1,0.55,4,0,0.53,1,12,0.38,1,0,1
22,7.33,1,0.55,0,1,0.92,0,2,0.35,3,1,1
21,4.57,1,0.9,1,0,1.0,0,7,0.69,4,1,1
443,7.1,1,0.65,2,1,0.46,0,11,0.31,1,1,1
3306,8.3,1,0.8,5,1,0.89,0,10,0.58,1,1,1
80,3.02,1,0.45,1,0,0.6,1,0,0.08,2,0,0
143,5.93,1,0.6,0,1,0.88,1,19,0.67,5,1,1
23,1.67,0,0.44,0,0,0.86,1,3,0.24,5,0,0
3306,4.75,0,0.41,0,0,0.55,1,2,0.11,3,0,0
110,3.49,1,0.29,1,0,0.55,1,3,0.16,5,0,0
53,4.3,0,0.13,0,0,0.68,1,1,0.05,3,0,0
3306,2.83,1,0.38,0,0,0.88,1,2,0.07,1,0,0
3389,5.97,0,0.85,2,1,0.45,1,16,0.69,1,1,1
25,8.6,1,0.6,3,1,0.99,0,16,0.53,4,1,1
80,1.15,1,0.26,1,0,0.53,1,0,0.15,1,0,0
53,0.67,0,0.22,0,0,0.47,1,0,0.04,2,0,0
25,4.3,0,0.23,0,0,0.58,1,2,0.05,2,0,0
22,8.58,1,0.55,5,1,0.35,1,14,0.39,2,0,1
443,5.55,0,0.65,2,1,0.59,1,7,0.47,4,1,1
23,6.34,0,1.0,2,1,0.53,1,15,0.35,1,0,1
80,5.44,1,0.7,2,1,0.67,1,13,0.61,1,1,1
25,2.19,0,0.33,0,0,0.86,1,2,0.07,5,0,0
143,8.5,1,0.6,2,1,0.85,1,1,0.97,3,1,1
80,2.64,0,0.22,0,0,0.7,1,2,0.06,1,0,0
445,1.21,0,0.55,0,0,0.66,1,1,0.12,1,0,0
445,1.5,1,0.32,1,0,0.35,1,0,0.09,5,0,0
53,3.01,0,0.22,0,0,0.49,1,1,0.14,2,0,0
21,0.01,0,0.6,1,0,0.59,1,0,0.15,1,0,0
25,6.47,1,0.6,0,1,0.51,1,17,0.64,2,0,1
139,9.94,0,0.8,3,1,0.78,1,10,0.28,3,1,1
80,9.35,0,0.7,5,0,0.86,1,3,0.26,4,0,1
22,0.4,0,0.22,0,0,0.87,1,0,0.09,2,0,0
25,5.06,0,0.6,5,0,0.72,0,9,0.24,3,0,1
110,8.81,1,0.6,3,1,0.48,0,6,0.78,0,1,1
23,7.4,1,1.0,2,1,0.4,1,20,0.57,2,0,1
3389,4.87,1,0.85,1,0,0.47,0,5,0.1,3,1,1
445,0.67,0,0.57,1,0,0.45,1,1,0.15,1,0,0
443,7.7,0,0.65,4,1,0.94,0,5,0.26,2,0,1
3306,2.94,0,0.38,0,0,0.64,1,2,0.08,1,0,0
143,3.53,0,0.19,0,0,0.9,1,0,0.02,3,0,0
445,0.1,0,0.48,0,0,0.69,1,0,0.11,2,0,0
139,3.52,0,0.8,1,0,0.63,0,7,0.53,2,1,1
22,3.92,1,0.55,3,0,0.87,0,10,0.21,3,0,1
139,0.99,1,0.54,0,0,0.48,1,0,0.12,1,0,0
445,6.95,0,0.9,5,1,0.5,0,5,0.57,1,0,1
21,6.04,1,0.9,0,1,0.63,0,12,0.6,3,1,1
25,2.23,0,0.41,1,0,0.64,1,0,0.11,3,0,0
3389,5.32,1,0.85,5,1,0.32,0,4,0.3,3,0,1
110,7.25,0,0.6,3,0,0.63,0,16,0.41,5,0,1
23,0.98,0,0.51,0,0,0.75,1,3,0.23,2,0,0
22,5.04,0,0.55,2,0,0.85,0,1,0.53,2,0,1
21,3.6,0,0.53,0,0,0.69,1,3,0.07,3,0,0
80,1.93,0,0.35,1,0,0.85,1,3,0.08,4,0,0
3306,4.57,0,0.8,4,0,0.33,0,20,0.65,1,0,1
23,5.56,1,1.0,0,1,0.51,1,6,0.23,2,0,1
139,6.94,1,0.8,1,1,0.49,0,19,0.19,4,0,1
3306,2.48,0,0.38,1,0,0.6,1,2,0.05,4,0,0
22,6.96,1,0.55,1,1,0.8,0,14,0.14,5,0,1
23,1.0,1,0.49,1,0,0.4,1,2,0.07,3,0,0
3306,8.9,0,0.8,1,0,0.57,1,20,0.25,2,0,1
80,6.54,1,0.7,3,1,0.81,1,16,0.3,3,1,1
110,4.04,1,0.6,4,0,0.71,0,0,0.33,2,0,1
3306,0.1,0,0.54,1,0,0.53,1,0,0.01,1,0,0
21,4.52,0,0.37,1,0,0.45,1,0,0.19,3,0,0
3389,1.67,1,0.4,0,0,0.38,1,1,0.02,2,0,0
143,7.8,1,0.6,4,1,0.42,0,7,0.18,5,1,1
110,6.7,1,0.6,5,1,0.63,1,3,0.21,4,0,1
80,3.3,1,0.25,0,0,0.69,1,0,0.2,2,0,0
80,0.13,0,0.32,1,0,0.67,1,0,0.01,1,0,0
3389,1.97,0,0.49,0,0,0.65,1,0,0.18,3,0,0
23,7.38,1,1.0,4,1,0.46,1,16,0.34,4,1,1
80,7.26,0,0.7,4,1,0.57,1,8,0.64,0,1,1
139,0.07,0,0.52,1,0,0.73,1,2,0.01,4,0,0
22,3.1,1,0.36,1,0,0.89,1,1,0.22,5,0,0
23,1.6,0,0.62,1,0,0.86,1,3,0.21,4,0,0
445,0.22,0,0.54,1,0,0.49,1,0,0.13,3,0,0
143,1.59,0,0.36,0,0,0.44,1,0,0.15,3,0,0
21,8.57,1,0.9,5,1,0.95,0,9,0.59,3,0,1
143,2.41,1,0.19,1,0,0.57,1,1,0.18,3,0,0
3389,1.2,0,0.49,1,0,0.52,1,0,0.08,4,0,0
3306,0.96,0,0.4,1,0,0.61,1,2,0.0,4,0,0
110,9.47,1,0.6,1,1,0.65,1,12,0.93,4,1,1
139,4.74,0,0.28,0,0,0.46,1,1,0.09,1,0,0
3389,1.56,0,0.43,1,0,0.51,1,0,0.13,2,0,0
3306,2.58,0,0.26,0,0,0.72,1,1,0.23,5,0,0
443,0.2,0,0.42,0,0,0.72,1,3,0.2,1,0,0
23,2.15,1,0.39,1,0,0.7,1,1,0.25,5,0,0
110,1.23,0,0.24,1,0,0.43,1,1,0.19,5,0,0
143,3.3,0,0.28,0,0,0.75,1,2,0.11,5,0,0
23,4.12,0,0.68,0,0,0.84,1,2,0.0,2,0,0
110,0.25,1,0.21,0,0,0.5,1,3,0.04,2,0,0
53,3.72,0,0.23,0,0,0.47,1,3,0.14,3,0,0
139,5.97,0,0.8,3,0,0.43,0,14,0.58,1,0,1
25,2.38,0,0.33,0,0,0.77,1,1,0.0,5,0,0
139,3.42,1,0.36,1,0,0.42,1,0,0.21,1,0,0
22,7.85,1,0.55,4,1,0.44,0,3,0.63,5,0,1
143,4.41,0,0.41,0,0,0.76,1,3,0.18,5,0,0
110,7.45,1,0.6,0,0,0.57,1,2,0.39,5,0,1
3389,6.02,1,0.85,5,0,0.5,1,13,0.62,4,1,1
110,4.45,1,0.2,1,0,0.78,1,0,0.14,2,0,0
139,0.41,0,0.43,0,0,0.62,1,1,0.18,3,0,0
139,4.85,1,0.8,1,0,0.3,1,12,0.93,3,1,1
22,4.44,0,0.22,1,0,0.37,1,3,0.07,5,0,0
3389,5.11,1,0.85,5,1,0.67,0,7,0.28,3,0,1
25,6.52,1,0.6,5,1,0.41,1,12,0.42,2,0,1
23,2.68,1,0.44,0,0,0.6,1,2,0.17,1,0,0
25,1.86,0,0.39,0,0,0.42,1,0,0.21,3,0,0
80,1.35,0,0.32,1,0,0.62,1,3,0.25,4,0,0
3389,6.79,1,0.85,5,1,0.6,0,6,0.81,4,1,1
143,2.38,0,0.31,1,0,0.4,1,3,0.11,1,0,0
23,5.31,0,1.0,4,0,0.99,0,12,0.86,2,1,1
110,2.42,0,0.29,0,0,0.71,1,3,0.0,5,0,0
143,7.07,1,0.6,0,1,0.46,1,11,0.32,4,0,1
143,4.57,1,0.24,1,0,0.64,1,0,0.09,5,0,0
23,4.31,0,0.67,0,0,0.63,1,0,0.14,3,0,0
80,8.13,0,0.7,2,1,0.45,1,6,0.33,0,0,1
139,1.54,0,0.45,1,0,0.41,1,3,0.0,4,0,0
25,7.08,1,0.6,2,1,0.57,1,18,0.98,3,1,1
3306,3.79,0,0.48,0,0,0.35,1,0,0.01,1,0,0
143,3.62,0,0.22,0,0,0.69,1,1,0.25,5,0,0
139,8.79,1,0.8,2,0,0.55,1,13,0.76,0,0,1
110,7.08,1,0.6,3,1,0.42,0,8,0.36,2,0,1
443,6.2,0,0.65,4,1,0.46,0,2,0.19,2,1,1
25,5.7,0,0.6,2,1,0.77,0,13,0.82,1,1,1
443,6.62,0,0.65,3,1,0.85,0,20,0.7,2,1,1
445,7.81,0,0.9,1,1,0.55,1,2,0.4,0,0,1
25,3.55,0,0.29,1,0,0.35,1,0,0.08,4,0,0
139,7.09,1,0.8,1,0,0.78,1,2,0.79,2,0,1
22,6.82,1,0.55,0,1,0.61,1,14,0.19,4,1,1
139,4.68,1,0.53,1,0,0.58,1,1,0.06,3,0,0
23,8.14,1,1.0,2,1,0.78,0,4,0.7,1,1,1
25,1.08,0,0.26,1,0,0.37,1,1,0.04,2,0,0
445,2.61,0,0.33,1,0,0.48,1,1,0.19,3,0,0
53,1.33,0,0.25,1,0,0.54,1,1,0.17,1,0,0
139,1.56,0,0.5,0,0,0.64,1,0,0.08,4,0,0
3306,4.39,0,0.8,5,0,0.87,0,11,0.78,3,1,1
21,4.7,1,0.33,0,0,0.51,1,3,0.09,1,0,0
443,7.37,1,0.65,5,1,1.0,1,14,0.99,1,0,1
443,2.37,0,0.32,0,0,0.81,1,1,0.04,5,0,0
445,9.76,1,0.9,5,1,0.95,1,11,0.4,2,1,1
139,3.49,1,0.48,0,0,0.41,1,2,0.04,3,0,0
80,4.88,0,0.22,0,0,0.88,1,0,0.12,3,0,0
21,8.58,0,0.9,1,0,0.88,1,20,0.94,0,1,1
23,9.34,1,1.0,0,1,0.54,1,10,0.3,4,0,1
139,9.53,1,0.8,2,1,0.59,1,10,0.25,5,1,1
3389,0.72,0,0.29,1,0,0.36,1,2,0.04,3,0,0
23,3.16,0,0.54,0,0,0.67,1,1,0.24,5,0,0
22,5.85,0,0.55,2,1,0.53,0,3,0.99,5,1,1
53,9.38,1,0.4,3,1,0.86,1,20,0.42,3,1,1
22,2.5,0,0.22,1,0,0.82,1,3,0.08,3,0,0
80,9.96,1,0.7,5,1,0.31,0,19,0.28,0,0,1
3389,5.64,1,0.85,3,1,0.34,1,12,0.48,1,1,1
21,0.76,0,0.43,1,0,0.32,1,3,0.17,5,0,0
22,8.93,1,0.55,5,0,0.65,0,2,0.69,5,0,1
445,1.05,0,0.62,1,0,0.72,1,3,0.1,1,0,0
3306,7.25,0,0.8,4,1,0.35,1,18,0.62,1,1,1
22,8.89,0,0.55,0,0,0.32,0,4,0.46,4,0,1
23,4.45,0,0.32,0,0,0.85,1,2,0.04,2,0,0
143,3.66,0,0.38,1,0,0.76,1,1,0.23,2,0,0
23,2.46,0,0.56,1,0,0.56,1,0,0.14,4,0,0
21,5.95,0,0.9,1,1,0.91,1,7,1.0,2,0,1
3306,0.46,0,0.33,1,0,0.47,1,1,0.08,5,0,0
23,4.41,0,0.43,0,0,0.79,1,1,0.18,3,0,0
3306,4.14,1,0.4,0,0,0.69,1,2,0.1,3,0,0
445,1.72,0,0.48,0,0,0.62,1,2,0.23,2,0,0
143,4.7,1,0.2,0,0,0.33,1,2,0.03,4,0,0
443,0.76,0,0.43,1,0,0.78,1,2,0.04,1,0,0
3389,1.39,0,0.31,1,0,0.73,1,1,0.07,4,0,0
3306,7.85,0,0.8,2,1,0.56,0,20,0.98,5,0,1
23,1.43,1,0.57,1,0,0.72,1,3,0.05,2,0,0
80,7.0,1,0.7,5,1,0.39,1,17,0.86,2,1,1
3389,5.82,1,0.85,3,1,0.81,1,5,0.85,4,0,1
143,7.67,1,0.6,4,1,0.84,1,16,0.88,5,0,1
110,3.6,0,0.26,1,0,0.73,1,2,0.13,2,0,0
22,0.01,0,0.38,0,0,0.74,1,3,0.01,3,0,0
445,4.84,1,0.47,1,0,0.73,1,3,0.17,1,0,0
445,3.06,0,0.28,1,0,0.64,1,0,0.09,5,0,0
3306,3.4,1,0.3,0,0,0.9,1,3,0.14,1,0,0
445,0.37,1,0.59,1,0,0.88,1,3,0.19,2,0,0
110,0.11,0,0.28,0,0,0.77,1,1,0.19,4,0,0
443,3.18,1,0.33,1,0,0.71,1,0,0.14,5,0,0
139,8.56,0,0.8,3,1,0.36,1,6,0.75,0,0,1
3306,8.14,1,0.8,0,0,0.58,0,13,0.64,4,1,1
443,5.45,0,0.65,0,1,0.71,0,12,0.7,4,0,1
3389,7.32,0,0.85,1,0,0.33,0,12,0.56,5,1,1
3306,8.09,1,0.8,3,1,0.99,0,11,0.82,5,1,1
3389,1.08,1,0.29,1,0,0.83,1,1,0.02,3,0,0
3306,3.3,0,0.3,0,0,0.75,1,3,0.23,5,0,0
139,9.72,0,0.8,0,0,0.37,0,7,0.47,0,0,1
21,1.13,0,0.4,1,0,0.36,1,2,0.15,5,0,0
25,7.64,1,0.6,2,1,0.69,1,14,0.9,0,1,1
445,3.72,0,0.43,1,0,0.7,1,2,0.02,3,0,0
445,0.33,0,0.57,0,0,0.45,1,0,0.16,2,0,0
143,7.5,1,0.6,5,0,0.67,1,20,0.97,0,1,1
143,1.17,0,0.19,1,0,0.37,1,1,0.02,2,0,0
3389,2.28,0,0.54,1,0,0.8,1,3,0.16,1,0,0
443,4.47,0,0.36,1,0,0.85,1,2,0.09,5,0,0
3389,2.96,0,0.53,1,0,0.57,1,3,0.24,5,0,0
21,2.84,1,0.6,1,0,0.56,1,1,0.2,3,0,0
22,3.49,0,0.26,0,0,0.87,1,2,0.24,1,0,0
25,6.96,1,0.6,3,1,0.88,1,5,0.95,3,0,1
22,8.21,0,0.55,4,1,0.46,1,3,0.64,0,0,1
53,1.74,0,0.19,1,0,0.53,1,2,0.15,5,0,0
25,2.9,1,0.21,1,0,0.38,1,3,0.12,2,0,0
21,7.27,0,0.9,4,1,0.45,0,7,0.31,2,0,1
3389,0.05,0,0.45,1,0,0.46,1,3,0.1,5,0,0
110,2.38,0,0.38,1,0,0.42,1,2,0.13,3,0,0
3389,4.52,1,0.85,3,0,0.49,1,19,0.97,3,0,1
25,8.44,0,0.6,5,1,0.39,1,13,0.22,5,1,1
445,4.26,1,0.3,0,0,0.36,1,3,0.14,3,0,0
53,4.63,0,0.25,0,0,0.67,1,2,0.19,1,0,0
110,1.21,1,0.27,0,0,0.59,1,1,0.23,3,0,0
23,6.89,1,1.0,3,1,0.81,1,5,0.23,1,0,1
80,6.54,1,0.7,0,0,0.43,0,11,0.57,5,0,1
3389,5.39,1,0.85,2,1,0.89,1,13,0.13,5,1,1
53,2.1,0,0.25,0,0,0.43,1,2,0.18,4,0,0
23,8.78,1,1.0,1,1,0.42,0,17,0.65,3,0,1
22,4.89,0,0.33,1,0,0.56,1,1,0.11,3,0,0
3389,0.72,1,0.43,0,0,0.3,1,3,0.25,2,0,0
443,5.29,1,0.65,1,0,0.59,1,5,0.43,4,1,1
3389,6.64,1,0.85,1,1,0.71,0,13,0.67,1,0,1
143,3.53,0,0.27,0,0,0.57,1,2,0.12,5,0,0
445,2.14,0,0.59,0,0,0.42,1,2,0.19,3,0,0
443,7.7,0,0.65,4,0,0.84,0,19,0.68,3,1,1
443,5.19,1,0.65,3,1,0.35,0,11,0.41,3,1,1
3306,4.04,0,0.29,1,0,0.33,1,0,0.23,3,0,0
3389,3.75,1,0.85,3,0,0.79,0,15,0.5,0,0,1
53,9.5,0,0.4,2,1,0.76,1,20,0.7,0,1,1
3389,0.43,0,0.56,1,0,0.45,1,0,0.08,3,0,0
139,9.68,1,0.8,5,1,1.0,0,6,0.57,3,0,1
443,5.92,1,0.65,4,1,0.73,0,13,0.48,0,1,1
23,3.77,1,1.0,1,0,0.61,1,5,0.28,5,0,1
139,0.54,0,0.38,1,0,0.36,1,3,0.05,3,0,0
3306,5.01,0,0.8,5,0,0.43,0,15,0.48,2,0,1
23,5.53,0,1.0,4,1,0.73,0,20,0.31,5,0,1
80,5.11,1,0.7,1,1,0.98,1,20,0.34,3,0,1
139,3.31,0,0.34,0,0,0.35,1,1,0.18,5,0,0
443,1.38,1,0.29,1,0,0.44,1,2,0.19,2,0,0
445,7.16,1,0.9,2,0,0.46,0,4,0.92,4,1,1
110,3.9,1,0.6,3,0,0.45,0,11,0.71,3,1,1
3306,6.96,1,0.8,2,1,0.85,1,17,0.77,2,1,1
22,5.64,1,0.55,0,1,0.38,0,2,0.64,2,0,1
143,7.6,1,0.6,2,1,0.95,0,8,0.72,2,1,1
110,3.67,1,0.33,1,0,0.74,1,0,0.04,1,0,0
143,6.99,0,0.6,3,1,0.57,0,1,0.24,3,1,1
23,0.59,1,0.4,1,0,0.39,1,2,0.06,3,0,0
22,0.65,0,0.34,1,0,0.61,1,0,0.0,1,0,0
3389,4.77,1,0.3,1,0,0.86,1,1,0.06,2,0,0
80,6.35,1,0.7,0,1,0.36,0,20,0.6,2,0,1
25,2.94,0,0.39,0,0,0.59,1,0,0.12,3,0,0
22,7.97,1,0.55,0,1,0.44,1,8,0.34,4,1,1
143,2.65,1,0.22,1,0,0.34,1,2,0.19,5,0,0
445,4.41,0,0.9,3,0,1.0,1,13,0.46,5,0,1
443,3.89,0,0.33,0,0,0.47,1,1,0.14,5,0,0
443,7.79,0,0.65,3,1,0.99,1,7,0.26,2,0,1
23,1.31,0,0.31,1,0,0.32,1,1,0.2,4,0,0
22,6.41,1,0.55,4,0,0.51,1,18,0.14,1,1,1
80,6.4,1,0.7,2,0,0.79,1,11,0.5,2,1,1
139,3.11,1,0.33,0,0,0.83,1,1,0.17,5,0,0
21,7.76,1,0.9,5,0,0.41,1,5,0.63,1,1,1
22,5.29,1,0.55,1,0,0.51,1,3,0.32,5,1,1
80,4.68,0,0.43,0,0,0.68,1,1,0.08,1,0,0
143,9.69,1,0.6,3,0,0.38,1,18,0.36,4,0,1
25,9.13,0,0.6,0,1,0.35,0,18,0.2,2,1,1
3306,7.29,1,0.8,4,1,0.37,0,13,0.17,4,0,1
3389,6.1,1,0.85,3,1,0.4,0,8,0.41,2,0,1
23,4.1,1,0.39,1,0,0.72,1,3,0.12,4,0,0
80,1.92,0,0.47,0,0,0.37,1,3,0.08,5,0,0
23,2.9,1,0.64,1,0,0.43,1,0,0.17,1,0,0
3389,6.57,0,0.85,3,1,0.48,0,17,0.62,2,1,1
22,2.74,0,0.36,0,0,0.52,1,1,0.01,2,0,0
22,2.59,0,0.27,0,0,0.63,1,3,0.2,2,0,0
53,7.49,1,0.4,3,1,0.71,1,5,0.62,5,0,1
110,4.96,0,0.6,2,0,0.88,0,1,0.25,2,1,1
22,5.89,1,0.55,2,1,0.59,1,8,0.62,3,0,1
53,5.43,1,0.4,3,1,0.55,0,5,0.78,4,1,1
139,0.26,0,0.52,1,0,0.73,1,1,0.1,5,0,0
22,5.13,0,0.55,5,0,0.35,1,19,0.67,0,0,1
3389,9.29,0,0.85,4,1,0.38,0,1,0.66,0,1,1
80,1.33,0,0.34,1,0,0.4,1,2,0.01,3,0,0
143,0.04,0,0.23,1,0,0.85,1,1,0.05,5,0,0
143,8.38,0,0.6,4,1,0.76,0,10,0.61,3,0,1
3389,4.54,1,0.39,1,0,0.66,1,3,0.2,3,0,0
3306,6.38,1,0.8,1,0,0.84,1,5,0.58,5,0,1
110,2.99,0,0.22,1,0,0.53,1,1,0.08,5,0,0
80,3.81,1,0.35,0,0,0.33,1,1,0.12,1,0,0
443,9.52,1,0.65,3,1,0.8,0,12,0.68,3,1,1
22,8.38,1,0.55,4,0,0.72,0,18,0.67,3,1,1
22,3.62,0,0.25,1,0,0.5,1,2,0.18,5,0,0
445,4.25,1,0.38,0,0,0.51,1,0,0.22,5,0,0
3306,4.83,0,0.45,0,0,0.8,1,3,0.14,3,0,0
443,2.57,0,0.34,0,0,0.66,1,3,0.1,1,0,0
445,6.4,1,0.9,3,1,0.46,1,10,0.74,2,0,1
25,1.31,0,0.19,1,0,0.55,1,1,0.05,3,0,0
3306,4.64,0,0.5,1,0,0.37,1,1,0.06,4,0,0
3306,6.57,0,0.8,4,0,0.77,1,16,0.77,3,0,1
110,1.95,0,0.2,1,0,0.66,1,3,0.02,1,0,0
53,1.33,0,0.26,1,0,0.45,1,3,0.02,1,0,0
80,7.66,0,0.7,0,1,0.74,0,8,0.72,2,1,1
53,0.59,1,0.14,0,0,0.64,1,3,0.09,4,0,0
3389,9.61,1,0.85,4,1,0.65,1,18,0.58,1,1,1
443,9.89,0,0.65,4,1,0.99,1,5,0.7,4,0,1
110,8.53,0,0.6,3,1,0.53,1,14,0.16,3,1,1
110,2.91,0,0.36,0,0,0.45,1,2,0.02,5,0,0
443,1.38,0,0.31,0,0,0.73,1,3,0.22,1,0,0
110,9.05,0,0.6,1,0,0.76,0,6,0.25,0,0,1
25,4.39,1,0.35,0,0,0.66,1,0,0.09,4,0,0
445,1.52,1,0.43,0,0,0.39,1,2,0.05,1,0,0
25,6.55,1,0.6,0,1,0.42,1,17,0.46,3,0,1
22,0.63,0,0.24,0,0,0.33,1,1,0.01,5,0,0
110,8.62,1,0.6,1,1,0.3,0,9,0.32,0,0,1
80,3.32,0,0.38,0,0,0.6,1,3,0.25,3,0,0
22,6.48,1,0.55,2,1,0.62,0,17,0.26,4,0,1
443,3.62,1,0.45,1,0,0.68,1,3,0.21,1,0,0
110,3.52,0,0.6,1,0,0.93,0,16,0.7,3,0,1
25,8.69,1,0.6,1,0,0.62,0,7,0.5,3,1,1
139,7.38,0,0.8,5,0,0.56,0,14,0.88,5,1,1
143,0.56,1,0.26,0,0,0.43,1,2,0.05,4,0,0
110,3.9,0,0.33,0,0,0.53,1,1,0.24,4,0,0
21,0.24,0,0.36,0,0,0.43,1,1,0.1,5,0,0
80,9.28,0,0.7,1,1,0.66,0,16,0.79,0,0,1
53,2.34,0,0.16,1,0,0.47,1,0,0.11,3,0,0
110,2.96,0,0.38,1,0,0.33,1,0,0.07,1,0,0
3389,9.79,1,0.85,0,1,0.51,0,7,0.57,4,1,1
3389,7.7,1,0.85,1,0,0.7,0,8,0.71,3,0,1
443,2.43,1,0.38,0,0,0.4,1,1,0.07,1,0,0
80,6.47,1,0.7,4,1,0.75,1,8,0.19,0,1,1
445,1.79,0,0.43,1,0,0.86,1,3,0.04,2,0,0
53,7.9,1,0.4,3,0,0.87,0,9,0.14,5,0,1
445,4.48,0,0.39,1,0,0.65,1,0,0.03,5,0,0
21,3.47,1,0.28,1,0,0.87,1,0,0.17,2,0,0
53,9.66,0,0.4,5,1,0.59,1,16,0.82,4,0,1
443,4.04,1,0.26,0,0,0.8,1,2,0.17,2,0,0
21,6.63,0,0.9,0,1,0.51,0,11,0.23,2,1,1
3389,9.17,1,0.85,2,1,0.49,1,10,0.3,2,1,1
3306,8.22,1,0.8,5,0,0.87,0,17,0.9,3,1,1
25,1.26,1,0.39,1,0,0.44,1,1,0.04,1,0,0
25,5.78,1,0.6,0,1,0.38,0,8,0.95,1,1,1
53,9.14,1,0.4,0,1,0.55,1,14,0.81,0,0,1
25,5.91,0,0.6,5,1,0.62,1,9,0.73,3,0,1
53,6.49,1,0.4,0,1,0.42,1,14,0.27,1,0,1
3389,1.88,1,0.43,0,0,0.69,1,2,0.22,5,0,0
23,7.76,1,1.0,0,1,0.38,0,18,0.13,2,0,1
53,9.59,1,0.4,5,1,0.85,1,20,0.84,1,1,1
445,2.57,0,0.44,1,0,0.67,1,2,0.0,2,0,0
139,8.97,0,0.8,0,1,0.49,0,6,0.48,0,0,1
21,8.21,1,0.9,5,1,0.79,1,2,0.97,0,1,1
443,5.77,1,0.65,0,1,0.88,1,9,0.13,2,0,1
80,2.84,0,0.4,1,0,0.31,1,3,0.21,2,0,0
445,4.87,0,0.57,0,0,0.57,1,1,0.12,1,0,0
139,2.77,0,0.41,0,0,0.82,1,0,0.11,3,0,0
143,4.56,0,0.2,1,0,0.87,1,3,0.22,5,0,0
22,9.77,1,0.55,4,1,0.8,0,5,0.76,5,0,1
23,6.56,1,1.0,4,1,0.53,1,20,0.18,0,0,1
445,1.38,0,0.48,1,0,0.37,1,0,0.03,5,0,0
3306,4.88,0,0.38,0,0,0.47,1,1,0.07,3,0,0
21,9.87,0,0.9,0,0,0.85,0,5,0.57,2,1,1
143,6.38,1,0.6,5,0,0.68,1,14,0.25,2,1,1
25,8.44,1,0.6,1,0,0.52,1,4,0.32,4,1,1
25,2.87,1,0.29,0,0,0.63,1,3,0.24,1,0,0
3389,9.26,1,0.85,4,1,0.8,0,14,0.51,1,1,1
25,1.96,0,0.4,0,0,0.5,1,2,0.08,2,0,0
53,2.59,0,0.26,0,0,0.84,1,1,0.21,1,0,0
23,1.26,0,0.43,0,0,0.73,1,1,0.07,1,0,0
22,3.63,0,0.25,0,0,0.32,1,1,0.06,5,0,0
110,7.8,1,0.6,5,0,0.46,0,3,0.56,0,1,1
25,9.41,0,0.6,1,1,0.53,1,6,0.68,2,1,1
110,2.84,0,0.29,0,0,0.78,1,1,0.12,4,0,0
21,0.67,0,0.34,1,0,0.3,1,3,0.02,4,0,0
25,4.21,0,0.37,0,0,0.42,1,3,0.13,5,0,0
25,2.77,0,0.36,1,0,0.88,1,1,0.1,1,0,0
22,3.14,1,0.17,1,0,0.79,1,0,0.15,4,0,0
25,3.53,1,0.22,0,0,0.47,1,3,0.07,2,0,0
21,0.05,1,0.4,0,0,0.7,1,3,0.09,2,0,0
445,3.47,0,0.51,0,0,0.7,1,2,0.05,4,0,0
25,0.78,0,0.24,1,0,0.35,1,0,0.16,4,0,0
22,3.72,1,0.19,1,0,0.74,1,0,0.13,1,0,0
23,5.81,1,1.0,1,1,0.44,0,2,0.9,3,0,1
22,6.05,0,0.55,2,1,0.32,0,17,0.69,1,1,1
22,8.72,1,0.55,3,0,0.94,0,2,0.52,4,1,1
3389,9.91,1,0.85,3,1,0.92,1,14,0.76,2,1,1
22,5.35,0,0.55,5,1,0.99,0,5,0.18,4,0,1
110,2.77,0,0.3,1,0,0.47,1,0,0.22,5,0,0
139,3.85,0,0.45,1,0,0.38,1,3,0.13,1,0,0
3389,3.02,0,0.26,1,0,0.8,1,0,0.2,4,0,0
21,4.2,0,0.39,1,0,0.4,1,3,0.02,5,0,0
25,4.39,1,0.28,0,0,0.58,1,0,0.13,5,0,0
139,4.42,0,0.51,0,0,0.8,1,2,0.06,3,0,0
110,2.29,1,0.37,0,0,0.34,1,1,0.2,3,0,0
139,1.14,0,0.35,1,0,0.36,1,3,0.1,5,0,0
23,4.64,0,0.41,1,0,0.83,1,0,0.14,3,0,0
25,9.03,1,0.6,3,1,0.5,0,11,0.64,3,1,1
110,3.81,0,0.6,1,0,0.3,0,11,0.74,4,0,1
3306,7.35,1,0.8,3,1,0.35,1,5,0.26,1,1,1
23,2.33,1,0.56,1,0,0.46,1,2,0.18,3,0,0
3306,6.56,1,0.8,5,1,0.98,0,4,0.44,4,0,1
445,2.59,0,0.43,1,0,0.6,1,2,0.23,3,0,0
445,2.4,0,0.62,0,0,0.79,1,2,0.17,5,0,0
445,9.66,1,0.9,1,0,0.45,0,9,0.4,0,0,1
3389,8.66,1,0.85,4,1,0.33,0,17,0.71,4,0,1
143,4.55,0,0.6,5,0,0.66,1,2,0.72,5,0,1
53,4.59,1,0.4,2,0,0.66,1,17,0.67,5,1,1
80,3.78,1,0.37,0,0,0.74,1,3,0.18,3,0,0
3389,0.35,0,0.49,0,0,0.81,1,3,0.22,5,0,0
3306,6.24,1,0.8,5,1,0.76,1,17,0.47,1,0,1
53,0.86,0,0.17,1,0,0.86,1,3,0.2,2,0,0
22,9.16,1,0.55,1,1,0.95,0,13,0.42,4,0,1
110,4.56,0,0.6,2,0,0.63,0,14,0.77,2,1,1
139,5.14,0,0.8,5,0,0.31,0,3,0.93,1,0,1
22,3.06,1,0.22,0,0,0.61,1,1,0.08,3,0,0
3306,7.72,1,0.8,5,0,0.87,0,19,0.24,3,0,1
80,8.71,0,0.7,1,1,0.32,1,16,0.63,0,1,1
21,1.44,0,0.52,0,0,0.66,1,3,0.08,3,0,0
80,0.05,0,0.43,0,0,0.44,1,3,0.2,3,0,0
23,1.52,1,0.35,1,0,0.48,1,1,0.08,2,0,0
443,6.7,1,0.65,2,1,0.78,0,6,0.3,1,1,1
22,0.73,0,0.25,1,0,0.66,1,1,0.19,1,0,0
445,5.64,0,0.9,4,0,0.97,0,1,0.5,4,0,1
445,3.61,0,0.53,1,0,0.37,1,0,0.12,5,0,0
21,1.16,0,0.43,1,0,0.66,1,2,0.09,3,0,0
25,9.69,1,0.6,4,0,0.97,1,11,0.11,2,0,1
25,0.95,1,0.22,1,0,0.89,1,1,0.24,2,0,0
3389,8.69,0,0.85,3,0,0.37,1,20,0.57,3,1,1
445,5.99,1,0.9,1,1,0.68,0,20,0.39,0,0,1
3306,6.54,1,0.8,1,1,0.82,0,10,0.15,5,1,1
3389,3.3,0,0.42,1,0,0.35,1,2,0.2,4,0,0
80,2.48,1,0.48,0,0,0.64,1,1,0.23,1,0,0
22,1.08,1,0.18,0,0,0.84,1,1,0.11,3,0,0
139,7.84,1,0.8,4,1,0.78,1,16,0.61,1,0,1
80,3.85,0,0.7,1,0,0.33,0,9,0.37,3,1,1
139,4.17,1,0.39,1,0,0.81,1,2,0.24,3,0,0
22,7.46,1,0.55,5,1,0.32,0,12,0.47,3,0,1
445,1.16,1,0.3,0,0,0.37,1,0,0.09,5,0,0
25,2.15,0,0.39,0,0,0.74,1,2,0.22,4,0,0
23,2.32,1,0.38,0,0,0.68,1,2,0.23,4,0,0
22,4.35,0,0.55,5,0,0.95,0,7,0.15,3,0,1
110,5.24,1,0.6,4,0,0.99,0,20,0.96,1,1,1
25,1.23,0,0.42,1,0,0.8,1,0,0.24,3,0,0
3306,7.17,0,0.8,4,0,0.56,1,20,0.25,1,0,1
80,6.2,1,0.7,2,1,0.89,1,11,0.87,0,0,1
23,8.42,1,1.0,3,1,0.82,0,8,0.89,1,0,1
443,0.53,0,0.23,1,0,0.81,1,0,0.01,3,0,0
21,3.03,0,0.38,1,0,0.56,1,3,0.1,5,0,0
53,8.77,0,0.4,5,1,0.72,0,8,0.53,1,1,1
139,1.55,0,0.37,1,0,0.39,1,1,0.03,1,0,0
110,1.77,0,0.31,1,0,0.42,1,2,0.23,4,0,0
445,3.73,1,0.39,0,0,0.43,1,3,0.12,5,0,0
443,6.55,1,0.65,1,1,0.89,1,11,0.79,5,0,1
139,5.22,1,0.8,3,0,0.56,1,2,0.3,3,1,1
22,5.92,0,0.55,1,0,0.89,0,2,0.38,3,0,1
80,2.05,1,0.43,1,0,0.47,1,3,0.17,5,0,0
25,7.44,1,0.6,3,0,0.96,0,15,0.97,0,1,1
22,8.54,1,0.55,3,0,0.74,0,19,0.5,2,0,1
3389,3.37,1,0.49,0,0,0.4,1,0,0.09,5,0,0
445,6.19,0,0.9,2,1,0.9,0,5,0.64,1,1,1
53,8.71,1,0.4,3,0,0.83,1,16,0.13,4,0,1
22,8.22,0,0.55,0,1,0.6,1,12,0.27,5,0,1
3306,9.75,0,0.8,3,1,0.75,1,8,0.35,4,1,1
25,3.22,1,0.3,0,0,0.47,1,0,0.04,2,0,0
445,6.38,1,0.9,1,0,0.95,0,0,0.39,1,0,1
23,0.56,0,0.64,1,0,0.48,1,2,0.1,1,0,0
22,7.31,1,0.55,3,1,0.33,1,10,0.38,5,1,1
22,2.78,0,0.35,1,0,0.85,1,0,0.14,4,0,0
23,7.05,1,1.0,3,0,0.69,1,3,0.55,4,0,1
110,5.93,1,0.6,2,1,0.91,0,10,0.61,0,1,1
110,5.65,0,0.6,2,1,0.95,1,11,0.39,2,0,1
3306,4.26,0,0.47,0,0,0.32,1,2,0.17,3,0,0
25,1.12,1,0.34,0,0,0.33,1,2,0.05,1,0,0
80,3.85,0,0.36,0,0,0.44,1,3,0.05,1,0,0
80,1.19,0,0.27,0,0,0.41,1,0,0.16,1,0,0
22,0.81,0,0.29,1,0,0.85,1,1,0.06,5,0,0
25,2.93,0,0.27,0,0,0.4,1,1,0.1,1,0,0
110,7.53,1,0.6,4,1,0.45,0,1,0.43,4,1,1
22,0.27,0,0.26,0,0,0.66,1,0,0.0,2,0,0
21,0.66,0,0.61,0,0,0.72,1,2,0.09,3,0,0
25,7.09,1,0.6,3,0,0.69,1,15,0.51,1,1,1
22,6.84,0,0.55,0,0,0.38,1,8,0.82,2,1,1
21,7.88,1,0.9,0,0,0.43,0,15,0.29,2,1,1
25,1.34,0,0.26,1,0,0.7,1,0,0.1,3,0,0
443,2.4,1,0.25,1,0,0.51,1,2,0.04,1,0,0
23,0.96,1,0.5,0,0,0.49,1,2,0.19,2,0,0
3306,5.13,0,0.8,5,0,0.89,0,8,0.62,1,1,1
3389,4.43,1,0.27,0,0,0.8,1,1,0.0,4,0,0
21,8.41,1,0.9,1,1,0.36,1,8,0.74,2,1,1
110,2.74,1,0.35,1,0,0.61,1,1,0.01,1,0,0
3306,1.16,0,0.33,0,0,0.63,1,0,0.01,3,0,0
445,0.75,1,0.45,1,0,0.45,1,3,0.24,5,0,0
22,9.43,1,0.55,3,1,0.81,0,5,0.27,4,1,1
443,2.57,1,0.21,1,0,0.37,1,1,0.08,1,0,0
445,1.19,1,0.41,1,0,0.65,1,1,0.03,5,0,0
3389,6.51,0,0.85,4,1,0.42,1,20,0.83,0,1,1
3306,8.0,1,0.8,5,1,0.65,1,14,0.15,0,1,1
139,3.08,1,0.55,1,0,0.85,1,3,0.06,2,0,0
3306,2.97,1,0.35,0,0,0.45,1,3,0.06,2,0,0
80,4.72,0,0.27,0,0,0.67,1,3,0.19,1,0,0
80,2.0,1,0.4,0,0,0.85,1,2,0.02,2,0,0
443,5.77,1,0.65,0,1,0.55,1,4,0.79,4,0,1
139,1.06,0,0.55,0,0,0.57,1,1,0.12,4,0,0
3389,2.76,1,0.53,1,0,0.33,1,0,0.09,2,0,0
22,2.53,0,0.28,1,0,0.62,1,1,0.1,4,0,0
110,0.51,1,0.18,1,0,0.61,1,2,0.15,1,0,0
110,6.08,1,0.6,2,1,0.66,0,5,0.13,5,1,1
443,9.88,0,0.65,2,1,0.53,0,13,0.22,5,0,1
25,8.11,1,0.6,2,0,0.63,0,4,0.13,0,0,1
3306,8.52,0,0.8,1,1,0.41,1,8,0.86,5,0,1
143,8.54,1,0.6,5,1,0.31,1,16,0.45,5,0,1
80,3.7,1,0.7,5,0,0.85,1,5,0.31,1,0,1
3306,2.32,0,0.43,0,0,0.36,1,1,0.24,3,0,0
445,3.64,0,0.59,1,0,0.48,1,0,0.17,1,0,0
445,3.61,0,0.5,1,0,0.49,1,2,0.23,1,0,0
139,0.05,0,0.41,0,0,0.84,1,2,0.01,5,0,0
143,8.57,1,0.6,3,0,0.68,0,18,0.2,4,1,1
53,5.5,1,0.4,4,1,0.72,0,14,0.85,0,0,1
139,9.14,1,0.8,3,0,0.93,0,13,0.37,3,0,1
143,1.46,0,0.34,0,0,0.41,1,3,0.01,5,0,0
139,9.75,1,0.8,1,0,0.74,0,17,0.57,2,1,1
3306,3.77,0,0.25,0,0,0.81,1,0,0.0,1,0,0
22,6.13,1,0.55,4,1,0.95,1,2,0.37,0,1,1
3306,4.62,0,0.8,4,0,0.44,1,5,0.67,0,1,1
443,8.52,1,0.65,1,0,0.56,0,6,0.18,3,0,1
445,2.91,0,0.39,1,0,0.86,1,1,0.01,1,0,0
443,8.78,1,0.65,4,1,0.62,1,17,0.11,4,0,1
3306,1.91,0,0.41,1,0,0.66,1,0,0.11,1,0,0
139,7.81,0,0.8,4,1,0.45,1,5,0.94,0,0,1
21,4.87,0,0.57,0,0,0.56,1,3,0.17,2,0,0
21,8.0,1,0.9,4,1,0.67,0,18,0.63,0,1,1
445,4.01,0,0.54,1,0,0.77,1,0,0.03,4,0,0
445,5.0,1,0.9,0,0,0.33,1,9,0.96,4,0,1
80,6.09,1,0.7,1,0,0.47,0,18,0.28,5,1,1
3306,6.85,0,0.8,0,1,0.78,0,13,0.1,0,1,1
445,1.68,1,0.39,0,0,0.66,1,2,0.2,4,0,0
139,7.13,1,0.8,0,1,0.94,0,19,0.96,2,0,1
53,8.13,1,0.4,3,1,0.81,1,10,0.83,3,1,1
443,4.34,0,0.65,0,0,0.45,1,9,0.5,2,0,1
21,1.37,1,0.52,0,0,0.42,1,3,0.07,3,0,0
445,4.35,1,0.57,1,0,0.82,1,1,0.02,2,0,0
443,4.4,1,0.37,1,0,0.89,1,2,0.05,5,0,0
143,8.17,0,0.6,2,1,0.33,1,4,0.13,5,0,1
3389,0.35,1,0.58,1,0,0.68,1,2,0.08,5,0,0
3306,9.96,1,0.8,3,1,1.0,0,11,0.97,3,0,1
445,2.78,0,0.45,0,0,0.66,1,3,0.06,1,0,0
3389,6.48,1,0.85,0,0,0.98,1,20,0.73,3,1,1
139,4.73,1,0.56,1,0,0.32,1,3,0.21,4,0,0
80,3.39,0,0.29,1,0,0.33,1,0,0.14,2,0,0
80,4.54,0,0.41,1,0,0.73,1,2,0.21,5,0,0
445,4.27,0,0.5,1,0,0.62,1,0,0.04,5,0,0
139,1.03,0,0.24,0,0,0.83,1,3,0.24,5,0,0
25,2.15,0,0.36,0,0,0.31,1,1,0.01,1,0,0
23,2.9,1,0.63,0,0,0.83,1,1,0.16,3,0,0
445,4.75,0,0.41,1,0,0.86,1,3,0.02,4,0,0
139,5.29,1,0.8,5,0,0.84,0,13,0.65,0,0,1
25,6.54,1,0.6,2,1,0.56,1,15,0.87,3,0,1
22,5.71,1,0.55,1,0,0.82,0,18,0.43,2,1,1
22,2.46,1,0.37,0,0,0.38,1,1,0.0,4,0,0
21,3.85,1,0.9,4,0,0.35,0,8,0.47,3,1,1
143,3.72,0,0.39,1,0,0.42,1,1,0.03,2,0,0
445,3.17,1,0.32,1,0,0.68,1,3,0.13,1,0,0
80,6.63,0,0.7,4,0,0.6,0,2,0.33,2,0,1
139,0.59,0,0.47,0,0,0.76,1,0,0.12,2,0,0
22,0.61,1,0.21,0,0,0.34,1,2,0.21,2,0,0
139,2.51,0,0.4,1,0,0.61,1,3,0.08,5,0,0
22,3.12,0,0.35,0,0,0.68,1,0,0.09,4,0,0
53,2.87,0,0.21,0,0,0.56,1,3,0.07,2,0,0
139,9.77,1,0.8,5,1,0.31,1,19,0.85,4,0,1
25,8.81,1,0.6,1,1,0.82,1,19,0.61,0,1,1
139,1.38,1,0.3,1,0,0.55,1,3,0.21,2,0,0
110,0.97,0,0.29,1,0,0.72,1,2,0.04,2,0,0
23,9.65,1,1.0,1,1,0.36,1,5,0.33,2,0,1
21,2.3,0,0.5,0,0,0.82,1,0,0.24,4,0,0
53,5.83,1,0.4,5,1,0.7,1,20,0.62,3,1,1
3306,4.16,1,0.8,4,0,0.34,0,12,0.21,1,0,1
143,8.45,1,0.6,3,1,0.61,0,3,0.36,3,0,1
443,0.24,0,0.37,1,0,0.89,1,0,0.21,4,0,0
53,0.83,0,0.26,0,0,0.53,1,2,0.17,5,0,0
110,1.78,1,0.37,0,0,0.65,1,2,0.22,3,0,0
3306,9.1,1,0.8,2,0,0.82,0,2,0.61,0,0,1
25,7.52,1,0.6,3,0,0.94,0,18,0.19,5,0,1
110,7.35,1,0.6,5,1,0.35,0,9,0.64,4,0,1
80,3.05,0,0.44,1,0,0.78,1,0,0.11,5,0,0
110,0.32,0,0.36,0,0,0.75,1,2,0.05,2,0,0
443,2.29,0,0.39,0,0,0.78,1,2,0.06,3,0,0
23,3.02,0,0.44,1,0,0.49,1,1,0.12,2,0,0
143,2.1,1,0.3,1,0,0.83,1,0,0.07,4,0,0
22,1.78,0,0.35,1,0,0.61,1,3,0.23,4,0,0
139,2.39,0,0.44,1,0,0.45,1,2,0.12,2,0,0
53,2.22,1,0.15,0,0,0.77,1,2,0.15,4,0,0
23,6.91,1,1.0,3,1,0.97,0,17,0.27,2,1,1
3306,1.29,0,0.54,1,0,0.54,1,2,0.08,3,0,0
110,4.22,1,0.6,3,0,0.88,0,15,0.98,1,1,1
53,9.87,1,0.4,2,0,0.4,1,2,0.24,3,0,1
80,2.77,0,0.42,0,0,0.74,1,1,0.19,2,0,0
3389,0.56,0,0.28,1,0,0.34,1,0,0.06,2,0,0
443,3.27,0,0.23,1,0,0.76,1,3,0.08,3,0,0
22,0.02,1,0.34,1,0,0.32,1,3,0.02,1,0,0
53,6.31,1,0.4,0,0,0.4,0,18,0.15,0,0,1
445,5.84,0,0.9,1,1,0.44,1,2,0.11,4,0,1
143,6.37,0,0.6,1,0,0.41,0,0,0.96,4,0,1
139,4.1,0,0.38,1,0,0.44,1,3,0.1,1,0,0
110,3.64,0,0.35,1,0,0.69,1,1,0.0,2,0,0
445,8.06,1,0.9,5,1,0.66,1,19,0.53,2,1,1
139,5.09,0,0.8,4,0,0.51,1,4,0.92,4,1,1
53,6.92,1,0.4,0,0,0.31,1,7,0.52,1,1,1
23,3.82,1,0.37,1,0,0.9,1,3,0.05,5,0,0
53,8.0,1,0.4,5,1,0.57,0,11,0.26,5,1,1
53,7.55,0,0.4,2,0,0.48,0,12,0.51,2,1,1
139,3.2,1,0.34,1,0,0.84,1,0,0.15,5,0,0
3389,9.9,1,0.85,3,0,0.31,1,15,0.7,3,0,1
23,8.62,1,1.0,0,1,0.77,1,15,0.24,1,1,1
80,1.06,1,0.22,0,0,0.6,1,0,0.05,1,0,0
110,7.18,0,0.6,2,1,0.71,0,5,0.73,3,0,1
143,7.68,0,0.6,4,1,0.87,1,6,0.2,0,0,1
445,4.71,0,0.43,1,0,0.56,1,2,0.08,3,0,0
139,8.82,1,0.8,5,1,0.51,1,5,0.52,4,1,1
53,5.59,1,0.4,5,1,0.36,1,3,0.2,0,0,1
139,7.86,0,0.8,5,0,0.55,0,13,0.33,4,1,1
25,0.87,1,0.24,0,0,0.49,1,0,0.2,2,0,0
445,9.46,1,0.9,0,1,0.84,0,6,0.82,5,1,1
21,4.31,1,0.4,0,0,0.46,1,1,0.19,3,0,0
445,5.69,1,0.9,4,1,0.62,0,16,0.95,5,1,1
110,1.33,1,0.31,0,0,0.81,1,2,0.2,5,0,0
3389,5.97,1,0.85,4,1,0.52,0,13,0.76,1,0,1
445,4.74,0,0.37,1,0,0.89,1,0,0.05,3,0,0
110,8.43,1,0.6,3,1,0.9,0,16,0.47,1,0,1
23,8.8,1,1.0,0,1,0.36,0,11,0.29,5,0,1
23,0.56,0,0.68,1,0,0.77,1,1,0.06,1,0,0
110,9.86,1,0.6,3,1,0.53,1,1,0.17,5,1,1
143,5.64,1,0.6,4,0,0.41,1,12,0.6,5,0,1
3306,9.46,0,0.8,0,1,0.95,1,7,0.86,5,0,1
3306,7.53,1,0.8,2,1,0.48,1,4,0.14,5,0,1
445,1.85,0,0.3,1,0,0.56,1,1,0.16,3,0,0
3306,7.25,0,0.8,2,1,0.83,0,1,0.15,5,1,1
22,5.99,1,0.55,1,1,0.33,1,20,0.33,0,1,1
25,1.41,0,0.26,0,0,0.37,1,2,0.0,1,0,0
22,4.55,0,0.28,0,0,0.36,1,3,0.16,5,0,0
110,6.79,0,0.6,4,1,0.6,1,20,0.15,5,0,1
22,3.4,1,0.25,1,0,0.71,1,2,0.04,5,0,0
25,4.15,1,0.37,1,0,0.33,1,2,0.12,4,0,0
3306,6.91,1,0.8,5,1,0.74,0,15,0.3,2,0,1
23,9.9,0,1.0,2,0,0.57,0,18,0.61,0,0,1
23,8.67,1,1.0,4,1,0.9,1,17,0.69,4,1,1
23,8.86,1,1.0,2,0,0.82,1,3,0.52,0,0,1
3306,3.72,1,0.39,1,0,0.77,1,0,0.18,2,0,0
25,3.12,1,0.27,0,0,0.89,1,1,0.04,3,0,0
3306,8.26,1,0.8,5,0,0.82,0,15,0.75,2,0,1
443,1.24,0,0.35,1,0,0.46,1,2,0.16,4,0,0
143,5.03,0,0.6,2,1,0.36,0,6,0.57,2,1,1
23,0.48,0,0.42,1,0,0.64,1,2,0.24,3,0,0
443,8.94,0,0.65,2,1,0.85,1,10,0.9,4,1,1
139,4.16,1,0.27,0,0,0.67,1,1,0.22,3,0,0
53,1.18,0,0.16,0,0,0.64,1,0,0.21,5,0,0
110,0.46,0,0.19,1,0,0.74,1,1,0.2,5,0,0
21,8.12,1,0.9,3,1,0.38,0,5,0.61,4,0,1
443,1.57,0,0.38,0,0,0.78,1,2,0.03,2,0,0
143,4.37,0,0.6,4,0,0.38,0,20,0.78,1,1,1
445,0.17,1,0.29,0,0,0.53,1,1,0.19,4,0,0
143,8.05,0,0.6,0,1,0.64,1,9,0.68,2,1,1
3306,9.1,0,0.8,2,1,0.39,1,11,0.61,0,0,1
3389,8.41,1,0.85,1,1,0.75,0,8,0.33,2,1,1
23,9.78,1,1.0,4,1,0.47,0,6,0.78,5,0,1
445,5.28,1,0.9,1,1,0.57,0,3,0.12,1,1,1
445,8.14,1,0.9,0,1,0.76,0,5,0.45,1,1,1
445,5.04,1,0.9,5,1,0.83,0,4,0.14,4,0,1
21,3.8,1,0.9,2,0,0.47,0,17,0.74,2,0,1
445,5.99,1,0.9,5,0,0.81,0,16,0.43,4,1,1
22,7.66,1,0.55,2,1,0.85,0,19,0.5,4,1,1
445,3.97,1,0.9,5,0,0.31,0,2,0.65,3,0,1
53,5.87,1,0.4,3,1,0.69,0,4,0.52,1,0,1
80,8.28,1,0.7,1,1,0.44,1,18,0.73,1,0,1
3389,2.83,0,0.37,0,0,0.68,1,2,0.18,3,0,0
445,2.8,0,0.32,1,0,0.62,1,1,0.05,3,0,0
3389,3.52,0,0.28,0,0,0.52,1,2,0.17,5,0,0
3389,6.62,1,0.85,0,1,0.63,1,16,0.52,1,1,1
443,6.33,1,0.65,4,0,0.32,0,13,0.74,1,0,1
443,5.02,0,0.65,5,1,0.9,1,19,0.41,1,0,1
139,0.57,0,0.44,1,0,0.88,1,2,0.24,5,0,0
53,1.05,0,0.26,1,0,0.46,1,3,0.13,2,0,0
443,3.91,1,0.65,2,0,0.77,0,12,0.95,5,0,1
80,9.65,1,0.7,5,0,0.57,1,12,0.73,1,1,1
23,7.86,1,1.0,1,1,0.49,0,10,0.21,3,1,1
110,8.96,1,0.6,1,0,0.62,1,7,0.86,5,1,1
3389,6.44,1,0.85,4,0,0.38,1,4,0.72,0,0,1
21,0.41,0,0.41,1,0,0.58,1,0,0.0,4,0,0
443,9.29,1,0.65,3,1,0.46,1,12,0.23,3,0,1
25,6.09,1,0.6,2,0,0.35,0,15,0.38,1,1,1
25,4.35,0,0.32,1,0,0.34,1,2,0.21,1,0,0
23,5.95,0,1.0,5,1,0.31,1,7,0.39,1,1,1
443,5.04,1,0.65,5,0,0.82,0,9,0.54,1,1,1
3306,7.26,1,0.8,2,1,0.51,1,14,0.83,1,1,1
3389,0.78,0,0.39,1,0,0.53,1,2,0.03,4,0,0
3389,7.7,1,0.85,4,1,0.42,0,4,0.71,5,0,1
110,6.54,1,0.6,0,0,1.0,0,4,0.91,4,1,1
23,8.62,1,1.0,0,0,0.91,0,20,0.98,3,1,1
110,4.55,1,0.34,1,0,0.43,1,3,0.13,3,0,0
3306,4.18,0,0.31,0,0,0.62,1,2,0.08,2,0,0
139,0.62,0,0.43,1,0,0.45,1,2,0.09,1,0,0
53,3.65,1,0.26,0,0,0.56,1,1,0.03,2,0,0
3306,8.0,0,0.8,5,0,0.56,0,1,0.39,2,1,1
3389,4.67,1,0.28,0,0,0.71,1,0,0.2,2,0,0
3306,3.7,1,0.42,0,0,0.49,1,3,0.03,4,0,0
23,5.89,0,1.0,3,1,0.53,0,15,0.15,5,1,1
80,5.82,1,0.7,4,0,0.54,1,14,0.74,4,1,1
80,9.85,0,0.7,0,0,0.7,1,10,0.49,0,0,1
143,3.53,0,0.24,1,0,0.3,1,2,0.03,3,0,0
22,4.56,0,0.55,0,0,0.94,0,4,0.92,1,0,1
445,4.17,0,0.56,0,0,0.83,1,1,0.14,2,0,0
443,4.38,0,0.25,0,0,0.47,1,0,0.12,4,0,0
23,4.83,1,0.51,1,0,0.8,1,2,0.02,1,0,0
443,7.58,0,0.65,2,1,0.65,0,10,0.76,5,1,1
22,5.68,0,0.55,4,1,0.86,1,18,0.59,3,1,1
80,2.58,0,0.45,1,0,0.67,1,1,0.01,2,0,0
80,4.24,0,0.23,0,0,0.73,1,0,0.04,5,0,0
80,2.9,1,0.25,0,0,0.52,1,1,0.01,2,0,0
21,9.11,0,0.9,2,1,0.31,0,1,0.75,2,1,1
23,6.9,1,1.0,0,1,0.79,1,1,0.26,2,0,1
443,6.83,1,0.65,4,0,0.98,0,18,0.78,1,1,1
21,2.15,0,0.29,1,0,0.31,1,1,0.09,3,0,0
143,0.28,0,0.21,1,0,0.45,1,1,0.05,3,0,0
110,4.27,0,0.36,1,0,0.67,1,3,0.14,3,0,0
139,3.38,1,0.37,1,0,0.9,1,3,0.18,3,0,0
443,5.46,0,0.65,1,0,0.81,1,20,0.96,5,1,1
80,7.42,1,0.7,5,0,0.75,1,9,0.9,4,0,1
443,8.06,1,0.65,0,1,0.77,0,3,0.12,0,1,1
53,5.37,0,0.4,3,0,0.35,0,8,0.81,5,0,1
445,2.03,1,0.33,1,0,0.83,1,3,0.01,2,0,0
22,3.92,1,0.55,1,0,0.85,0,0,0.75,5,1,1
25,7.58,0,0.6,4,1,0.74,1,1,0.95,2,0,1
443,1.07,0,0.37,0,0,0.82,1,2,0.08,4,0,0
21,2.45,1,0.33,1,0,0.9,1,2,0.21,4,0,0
443,6.33,1,0.65,3,0,0.64,1,19,0.62,3,0,1
445,6.41,1,0.9,4,1,0.57,0,20,0.33,1,1,1
3306,5.41,1,0.8,3,1,0.99,0,13,0.36,1,0,1
80,5.43,0,0.7,2,1,0.65,1,9,0.46,0,1,1
22,8.88,1,0.55,1,1,0.43,1,19,0.77,0,0,1
445,4.01,0,0.37,1,0,0.5,1,1,0.2,3,0,0
139,0.54,1,0.32,0,0,0.33,1,1,0.02,2,0,0
143,9.79,1,0.6,4,0,0.72,0,3,0.79,5,1,1
443,9.16,1,0.65,1,1,0.72,1,8,0.67,4,1,1
3306,0.74,1,0.29,0,0,0.4,1,2,0.22,4,0,0
25,7.52,0,0.6,3,1,0.4,0,8,0.42,4,0,1
23,6.39,1,1.0,4,1,0.74,0,11,0.8,2,0,1
53,6.86,1,0.4,4,0,0.92,0,10,0.16,3,1,1
110,7.97,0,0.6,0,0,0.93,1,20,0.86,3,0,1
53,1.23,0,0.12,0,0,0.53,1,0,0.07,1,0,0
139,4.67,1,0.49,0,0,0.38,1,3,0.22,2,0,0
25,8.19,1,0.6,0,1,0.93,1,20,0.38,4,1,1
3306,5.91,0,0.8,4,1,0.42,1,13,0.72,3,0,1
3306,3.25,0,0.37,1,0,0.71,1,1,0.14,3,0,0
23,4.42,0,0.55,1,0,0.38,1,1,0.13,3,0,0
445,9.59,1,0.9,2,0,0.78,1,19,0.67,4,1,1
3306,5.8,1,0.8,0,0,0.86,1,9,0.33,0,0,1
23,8.19,1,1.0,0,1,0.38,0,4,0.23,2,0,1
3389,0.94,1,0.45,1,0,0.69,1,2,0.14,5,0,0
80,0.47,0,0.31,1,0,0.48,1,3,0.01,4,0,0
143,0.68,0,0.32,0,0,0.38,1,3,0.1,5,0,0
143,5.58,0,0.6,0,1,0.96,0,2,0.57,1,1,1
443,7.08,0,0.65,3,1,0.85,1,8,0.32,4,1,1
23,5.89,1,1.0,4,1,0.33,0,3,0.53,1,0,1
110,6.88,0,0.6,0,0,0.73,0,9,0.59,3,0,1
53,3.3,0,0.16,0,0,0.61,1,0,0.06,4,0,0
443,3.18,0,0.44,0,0,0.89,1,1,0.05,2,0,0
443,8.6,1,0.65,5,1,0.84,1,7,0.42,1,1,1
23,8.26,1,1.0,2,1,0.43,0,11,0.36,4,1,1
53,4.48,1,0.23,1,0,0.68,1,0,0.0,3,0,0
23,5.94,1,1.0,1,1,0.75,0,6,0.81,1,1,1
22,6.35,0,0.55,2,0,0.54,0,9,0.22,3,1,1
3389,0.92,0,0.54,0,0,0.71,1,2,0.06,4,0,0
445,1.72,0,0.44,1,0,0.85,1,3,0.16,2,0,0
21,1.27,0,0.42,1,0,0.75,1,2,0.18,1,0,0
53,9.89,1,0.4,3,1,0.76,0,4,0.97,3,0,1
21,0.95,0,0.43,0,0,0.6,1,3,0.24,4,0,0
443,3.29,0,0.32,1,0,0.75,1,1,0.15,3,0,0
445,7.22,1,0.9,2,1,0.99,1,7,0.87,3,1,1
139,9.71,0,0.8,5,1,0.31,1,10,0.73,3,1,1
80,8.57,0,0.7,4,0,0.63,1,5,0.87,3,1,1
139,4.89,1,0.8,4,0,0.84,0,11,0.81,3,0,1
110,8.44,1,0.6,2,1,0.37,1,19,0.33,4,1,1
21,7.5,1,0.9,0,1,0.76,1,4,0.8,2,0,1
143,0.64,0,0.35,1,0,0.61,1,2,0.12,5,0,0
143,2.04,1,0.39,0,0,0.68,1,0,0.23,1,0,0
443,1.8,0,0.34,0,0,0.33,1,0,0.25,5,0,0
443,3.3,0,0.21,1,0,0.44,1,1,0.19,3,0,0
53,7.01,1,0.4,3,1,0.46,0,15,0.45,3,0,1
143,3.74,0,0.6,4,0,0.64,1,16,0.55,4,1,1
3389,6.08,0,0.85,5,1,0.88,1,14,0.8,5,0,1
21,3.86,0,0.44,1,0,0.66,1,2,0.19,1,0,0
3306,3.42,0,0.24,0,0,0.64,1,0,0.14,5,0,0
139,4.1,1,0.56,1,0,0.71,1,2,0.19,4,0,0
110,7.13,1,0.6,2,0,0.33,0,20,0.1,2,0,1
445,5.34,1,0.9,1,1,0.4,1,8,0.59,5,1,1
21,4.61,1,0.53,1,0,0.42,1,0,0.06,1,0,0
53,5.69,1,0.4,2,1,0.54,0,2,1.0,2,0,1
21,9.11,1,0.9,2,1,0.96,1,15,0.57,3,1,1
110,5.03,1,0.6,0,1,0.84,0,16,0.86,5,0,1
443,1.76,0,0.43,0,0,0.44,1,2,0.05,2,0,0
25,4.44,1,0.24,1,0,0.42,1,1,0.1,1,0,0
22,4.7,0,0.38,0,0,0.8,1,1,0.06,2,0,0
25,9.12,1,0.6,2,1,0.96,1,19,0.75,0,0,1
80,1.97,0,0.38,0,0,0.62,1,1,0.14,2,0,0
22,1.65,0,0.24,1,0,0.59,1,3,0.12,5,0,0
80,0.63,0,0.27,0,0,0.84,1,3,0.22,3,0,0
80,9.69,1,0.7,2,1,0.87,0,14,0.86,4,1,1
21,2.05,1,0.42,1,0,0.4,1,2,0.04,1,0,0
110,1.03,1,0.37,1,0,0.76,1,3,0.22,1,0,0
143,6.62,1,0.6,3,1,0.83,1,5,0.43,0,1,1
21,2.73,0,0.46,0,0,0.53,1,3,0.12,2,0,0
80,9.29,1,0.7,5,1,0.65,1,18,0.13,0,1,1
110,4.2,0,0.38,0,0,0.6,1,1,0.24,4,0,0
3306,0.79,0,0.4,1,0,0.81,1,2,0.22,2,0,0
80,5.08,1,0.7,5,0,0.42,1,2,0.81,1,0,1
22,0.21,0,0.17,1,0,0.66,1,0,0.13,4,0,0
443,2.11,0,0.26,1,0,0.61,1,2,0.1,1,0,0
22,1.79,0,0.33,1,0,0.72,1,2,0.02,5,0,0
80,0.13,0,0.37,1,0,0.61,1,2,0.09,5,0,0
110,4.5,0,0.21,1,0,0.53,1,2,0.07,3,0,0
139,7.68,1,0.8,4,0,0.82,0,11,0.88,0,1,1
139,1.02,0,0.51,1,0,0.32,1,0,0.09,3,0,0
139,6.79,1,0.8,0,0,0.51,1,5,0.84,4,1,1
80,9.75,1,0.7,4,1,0.95,1,5,0.34,0,0,1
80,7.74,1,0.7,5,1,0.61,1,8,0.41,2,0,1
3389,6.47,1,0.85,5,0,0.88,0,0,0.64,4,1,1
445,9.6,0,0.9,1,0,0.81,0,2,0.75,3,1,1
3306,5.32,1,0.8,1,1,0.9,0,6,0.8,2,1,1
3389,9.3,1,0.85,3,1,0.98,1,3,0.81,0,1,1
53,4.19,0,0.27,0,0,0.34,1,3,0.19,3,0,0
53,4.01,0,0.17,0,0,0.5,1,3,0.05,2,0,0
139,0.55,0,0.26,1,0,0.51,1,3,0.16,3,0,0
443,1.25,0,0.44,1,0,0.66,1,1,0.1,4,0,0
23,6.97,1,1.0,0,0,0.85,1,2,0.39,2,0,1
80,8.42,1,0.7,5,1,0.79,1,4,0.58,2,0,1
443,1.58,1,0.3,1,0,0.36,1,3,0.2,2,0,0
143,5.63,0,0.6,0,1,0.72,1,10,0.2,3,1,1
445,4.49,1,0.9,3,0,0.7,1,15,0.49,5,0,1
23,9.17,0,1.0,0,0,0.35,0,4,0.75,3,1,1
139,3.94,0,0.8,4,0,0.41,0,2,0.78,2,1,1
21,2.73,0,0.54,1,0,0.63,1,2,0.25,1,0,0
22,5.68,1,0.55,0,1,0.48,1,7,0.51,2,1,1
445,1.11,0,0.51,1,0,0.76,1,1,0.08,4,0,0
22,8.76,1,0.55,2,0,0.54,0,3,0.66,5,0,1
110,1.27,0,0.29,0,0,0.82,1,0,0.02,3,0,0
22,9.77,1,0.55,5,1,0.95,0,12,0.92,3,0,1
443,4.65,1,0.65,5,0,0.99,0,14,0.43,1,1,1
3389,4.64,1,0.44,0,0,0.62,1,3,0.22,1,0,0
21,3.49,0,0.29,1,0,0.35,1,0,0.01,1,0,0
53,9.61,1,0.4,1,0,0.36,0,5,0.68,4,0,1
443,3.38,0,0.2,1,0,0.62,1,3,0.11,4,0,0
110,9.56,1,0.6,5,1,0.88,0,20,0.89,0,1,1
139,0.15,0,0.37,0,0,0.52,1,0,0.18,3,0,0
53,0.03,0,0.27,0,0,0.76,1,3,0.24,1,0,0
443,3.48,0,0.39,0,0,0.84,1,2,0.03,5,0,0
21,4.92,1,0.9,4,0,0.65,0,17,0.81,4,0,1
21,9.61,1,0.9,0,1,0.44,1,10,0.31,3,0,1
25,3.37,1,0.38,0,0,0.43,1,0,0.11,4,0,0
25,2.56,0,0.41,1,0,0.37,1,3,0.0,1,0,0
21,6.94,1,0.9,4,0,0.44,0,3,0.64,1,1,1
443,1.06,0,0.22,0,0,0.83,1,2,0.14,4,0,0
53,0.6,0,0.13,0,0,0.32,1,3,0.11,1,0,0
143,3.04,0,0.36,0,0,0.52,1,1,0.13,5,0,0
21,3.97,1,0.47,0,0,0.9,1,3,0.25,4,0,0
139,3.57,0,0.28,0,0,0.86,1,2,0.23,2,0,0
22,1.21,0,0.29,0,0,0.77,1,2,0.22,2,0,0
23,6.74,1,1.0,0,1,0.84,1,13,0.19,2,1,1
80,3.74,1,0.7,0,0,0.34,1,9,0.96,3,1,1
22,3.49,0,0.29,0,0,0.31,1,0,0.07,1,0,0
80,9.96,0,0.7,3,1,0.95,1,3,0.49,2,0,1
80,9.49,1,0.7,4,1,0.38,0,3,0.76,2,1,1
21,0.73,0,0.51,0,0,0.81,1,1,0.18,4,0,0
25,2.62,0,0.39,1,0,0.5,1,2,0.04,5,0,0
53,3.55,1,0.4,1,0,0.39,0,16,0.6,5,1,1
139,5.31,1,0.8,3,0,0.83,0,7,0.35,0,0,1
22,3.54,0,0.26,0,0,0.58,1,2,0.08,5,0,0
25,2.22,0,0.32,0,0,0.35,1,0,0.02,3,0,0
443,1.75,1,0.29,1,0,0.45,1,2,0.04,1,0,0
21,4.59,0,0.42,1,0,0.81,1,2,0.19,4,0,0
445,7.92,1,0.9,5,1,0.91,1,10,0.3,0,0,1
25,5.73,1,0.6,1,1,0.54,1,14,0.4,1,0,1
80,1.44,1,0.37,0,0,0.41,1,1,0.02,1,0,0
53,2.99,0,0.25,1,0,0.44,1,1,0.11,1,0,0
3306,1.92,0,0.31,0,0,0.53,1,1,0.1,1,0,0
53,3.1,1,0.24,0,0,0.85,1,1,0.07,1,0,0
23,9.14,1,1.0,5,1,0.94,0,14,0.56,0,1,1
3389,0.99,0,0.47,1,0,0.59,1,1,0.06,3,0,0
53,9.55,1,0.4,5,0,0.42,0,16,0.53,1,1,1
21,9.82,1,0.9,4,1,0.98,1,4,0.76,1,0,1
3306,4.45,0,0.49,1,0,0.32,1,1,0.1,1,0,0
23,0.59,0,0.4,1,0,0.87,1,3,0.05,3,0,0
23,6.92,1,1.0,3,0,0.34,1,2,0.45,0,1,1
21,9.19,0,0.9,0,1,0.33,1,6,0.25,2,0,1
25,0.52,1,0.36,1,0,0.8,1,2,0.07,1,0,0
53,6.85,1,0.4,2,1,0.6,1,12,0.73,2,1,1
22,7.44,1,0.55,2,0,0.34,1,5,0.88,4,0,1
80,3.97,0,0.36,0,0,0.63,1,1,0.21,5,0,0
139,3.42,0,0.3,0,0,0.3,1,1,0.04,5,0,0
143,4.59,0,0.32,1,0,0.43,1,0,0.14,3,0,0
110,9.86,1,0.6,0,0,0.83,1,4,0.95,3,1,1
25,7.74,1,0.6,4,0,0.66,0,14,0.83,5,1,1
445,2.56,0,0.43,1,0,0.57,1,1,0.21,4,0,0
110,8.87,1,0.6,1,0,0.77,0,6,0.81,0,0,1
110,6.58,1,0.6,1,1,0.69,1,2,0.27,0,0,1
443,3.12,0,0.35,0,0,0.43,1,2,0.24,4,0,0
22,5.33,1,0.55,3,1,0.99,1,5,0.87,5,0,1
53,3.64,1,0.4,4,0,0.62,1,2,0.49,0,0,1
139,6.51,1,0.8,4,1,0.37,1,13,0.14,4,1,1
3306,4.63,0,0.37,0,0,0.71,1,2,0.14,1,0,0
22,3.1,0,0.27,1,0,0.81,1,3,0.22,1,0,0
80,4.61,0,0.26,1,0,0.49,1,3,0.08,2,0,0
445,3.16,0,0.53,0,0,0.78,1,1,0.06,3,0,0
3306,9.57,0,0.8,3,1,0.83,0,6,0.19,2,0,1
143,6.0,1,0.6,3,0,0.38,1,10,0.71,3,0,1
22,2.65,0,0.33,0,0,0.32,1,1,0.16,3,0,0
139,8.32,1,0.8,5,1,0.74,1,20,0.15,2,0,1
445,5.78,0,0.9,3,1,0.7,1,2,0.93,5,1,1
110,0.26,1,0.4,0,0,0.88,1,0,0.09,1,0,0
22,6.34,1,0.55,5,1,0.78,0,2,0.9,4,0,1
139,2.79,1,0.43,1,0,0.58,1,0,0.01,3,0,0
110,7.59,1,0.6,0,1,0.7,1,13,0.49,4,0,1
21,2.33,0,0.57,0,0,0.74,1,2,0.19,2,0,0
23,7.29,0,1.0,2,1,0.56,0,4,0.88,3,0,1
25,3.4,1,0.35,0,0,0.79,1,0,0.01,2,0,0
3306,8.29,0,0.8,4,0,0.71,1,14,0.19,5,1,1
25,2.5,0,0.29,0,0,0.54,1,0,0.16,4,0,0
139,7.68,1,0.8,1,1,0.92,0,2,0.46,1,0,1
139,8.24,1,0.8,3,1,0.67,0,10,0.52,0,1,1
143,7.06,1,0.6,5,1,0.85,1,19,0.7,4,1,1
23,8.17,1,1.0,4,0,0.86,0,3,0.4,2,1,1
445,1.52,1,0.47,1,0,0.59,1,1,0.0,3,0,0
445,1.7,0,0.49,1,0,0.42,1,3,0.23,2,0,0
443,1.73,0,0.39,1,0,0.88,1,2,0.25,5,0,0
80,4.29,0,0.34,0,0,0.71,1,0,0.13,1,0,0
3389,7.31,1,0.85,4,1,0.94,0,15,0.85,3,0,1
3389,4.38,1,0.56,1,0,0.42,1,0,0.16,3,0,0
3389,7.77,1,0.85,4,1,0.59,1,19,0.89,3,1,1
445,1.49,0,0.34,1,0,0.56,1,2,0.12,3,0,0
25,2.85,1,0.22,0,0,0.82,1,3,0.0,1,0,0
143,7.31,1,0.6,5,0,0.78,0,9,0.73,5,0,1
25,3.71,1,0.23,0,0,0.72,1,1,0.01,4,0,0
25,3.39,0,0.41,0,0,0.42,1,0,0.08,5,0,0
21,5.42,0,0.9,5,0,0.35,1,14,0.96,3,1,1
3389,4.33,0,0.52,0,0,0.83,1,1,0.12,1,0,0
445,6.32,0,0.9,4,1,0.38,1,1,0.89,5,0,1
3306,7.57,1,0.8,4,1,0.52,1,19,1.0,1,0,1
53,4.12,0,0.24,1,0,0.69,1,2,0.15,1,0,0
143,4.21,1,0.36,1,0,0.81,1,0,0.03,3,0,0
25,9.73,1,0.6,2,0,0.98,1,0,0.71,1,0,1
23,3.92,0,0.39,1,0,0.69,1,3,0.08,1,0,0
3306,0.3,0,0.41,0,0,0.58,1,1,0.17,5,0,0
110,1.5,0,0.4,1,0,0.76,1,0,0.03,2,0,0
80,0.11,1,0.32,1,0,0.33,1,3,0.14,3,0,0
3306,10.0,1,0.8,2,1,0.55,1,17,0.98,2,0,1
443,0.7,0,0.33,1,0,0.53,1,3,0.23,5,0,0
443,2.27,0,0.24,0,0,0.82,1,3,0.13,5,0,0
53,5.74,1,0.4,4,1,0.47,1,16,0.47,4,1,1
3389,2.61,0,0.46,0,0,0.54,1,2,0.15,4,0,0
443,4.53,0,0.65,3,0,0.83,1,19,0.43,0,0,1
443,9.32,1,0.65,0,0,0.87,1,16,0.42,4,0,1
3389,7.25,1,0.85,4,1,0.99,1,19,0.66,4,0,1
53,0.94,1,0.18,0,0,0.39,1,3,0.1,5,0,0
22,5.57,1,0.55,0,0,0.64,1,20,0.31,0,1,1
143,4.68,0,0.2,0,0,0.37,1,2,0.16,5,0,0
445,2.82,1,0.54,1,0,0.41,1,2,0.17,5,0,0
110,6.16,1,0.6,0,1,0.96,1,15,0.12,4,0,1
443,3.59,0,0.23,0,0,0.86,1,1,0.12,4,0,0
22,7.4,1,0.55,3,1,0.85,1,2,0.81,5,0,1
21,5.08,1,0.9,1,0,0.35,1,9,0.63,2,0,1
143,5.18,1,0.6,2,1,0.55,0,11,0.35,2,1,1
3389,9.47,1,0.85,2,0,0.73,1,2,0.19,0,0,1
21,4.61,0,0.55,0,0,0.5,1,3,0.09,2,0,0
139,3.21,0,0.33,1,0,0.68,1,1,0.05,3,0,0
53,3.74,0,0.4,5,0,0.99,1,8,0.26,1,0,1
110,3.89,0,0.34,1,0,0.63,1,3,0.21,3,0,0
445,7.41,1,0.9,1,1,0.36,1,8,0.39,4,0,1
139,4.13,0,0.8,3,0,0.9,1,7,0.97,1,1,1
443,6.62,1,0.65,5,0,0.94,1,0,0.38,2,1,1
3306,6.94,1,0.8,5,1,0.5,0,13,0.45,5,1,1
139,4.97,1,0.8,3,0,0.69,0,0,0.26,2,0,1
110,6.58,1,0.6,3,1,0.32,0,3,0.34,4,0,1
110,6.42,0,0.6,5,0,0.55,1,14,0.23,4,1,1
23,1.41,0,0.39,1,0,0.85,1,0,0.11,1,0,0
143,1.47,0,0.22,0,0,0.46,1,2,0.19,2,0,0
3389,5.97,1,0.85,5,1,0.35,0,17,0.21,0,1,1
21,4.24,0,0.62,1,0,0.82,1,0,0.02,2,0,0
110,3.57,0,0.3,1,0,0.38,1,0,0.24,5,0,0
139,4.64,1,0.8,4,0,0.41,0,5,0.47,4,1,1
25,3.14,0,0.36,0,0,0.89,1,3,0.04,3,0,0
139,4.37,1,0.8,2,0,0.78,1,18,0.18,1,1,1
23,4.73,0,0.5,1,0,0.77,1,3,0.24,1,0,0
80,2.83,0,0.21,1,0,0.52,1,3,0.01,5,0,0
80,7.96,1,0.7,1,1,0.6,0,16,0.47,5,1,1
80,5.47,0,0.7,2,0,0.51,0,14,0.97,3,0,1
143,1.35,1,0.26,1,0,0.76,1,2,0.13,2,0,0
445,3.36,0,0.45,0,0,0.53,1,1,0.13,5,0,0
445,1.7,0,0.34,1,0,0.82,1,1,0.22,3,0,0
3389,0.08,0,0.46,1,0,0.35,1,2,0.05,1,0,0
53,8.53,1,0.4,1,1,0.65,1,2,0.98,2,0,1
3306,6.42,1,0.8,4,0,0.75,1,16,0.54,0,1,1
25,7.44,1,0.6,0,0,0.34,1,8,0.58,3,1,1
3306,6.58,1,0.8,4,0,0.93,0,10,0.94,2,0,1
445,1.53,0,0.48,0,0,0.32,1,3,0.23,2,0,0
3389,9.97,1,0.85,5,1,0.73,1,15,0.81,2,1,1
21,2.97,0,0.41,1,0,0.73,1,1,0.25,2,0,0
143,5.8,1,0.6,3,1,0.48,0,9,0.79,4,1,1
3306,8.86,1,0.8,3,1,0.32,0,18,0.9,0,1,1
143,9.28,1,0.6,1,0,0.4,0,19,0.96,2,1,1
3306,7.5,1,0.8,0,0,0.64,0,6,0.23,5,1,1
22,7.26,1,0.55,2,1,0.91,1,14,0.86,1,1,1
143,4.75,0,0.36,1,0,0.65,1,1,0.22,4,0,0
80,6.28,1,0.7,4,0,0.69,0,6,0.66,3,1,1
443,2.54,0,0.21,0,0,0.47,1,2,0.02,4,0,0
21,2.01,1,0.38,1,0,0.39,1,0,0.17,2,0,0
21,6.13,1,0.9,3,1,0.51,0,1,0.94,0,0,1
21,3.43,0,0.44,0,0,0.87,1,2,0.15,3,0,0
23,7.35,1,1.0,5,0,0.55,0,11,0.95,4,0,1
443,9.32,1,0.65,4,0,0.58,1,19,0.14,4,1,1
445,8.12,0,0.9,1,0,0.82,0,12,0.22,1,1,1
139,9.82,1,0.8,1,0,0.81,0,4,0.11,3,0,1
22,2.63,1,0.35,0,0,0.77,1,1,0.13,2,0,0
139,7.68,1,0.8,3,0,0.4,0,14,0.64,3,1,1
110,0.98,1,0.24,0,0,0.59,1,2,0.11,4,0,0
143,1.97,1,0.19,1,0,0.74,1,2,0.2,5,0,0
21,8.84,1,0.9,2,0,0.45,0,12,0.32,5,1,1
143,2.35,0,0.25,1,0,0.75,1,2,0.14,1,0,0
139,0.97,0,0.25,1,0,0.73,1,2,0.19,5,0,0
139,3.62,0,0.55,0,0,0.46,1,2,0.02,3,0,0
80,4.67,1,0.4,1,0,0.53,1,0,0.11,1,0,0
110,0.26,0,0.29,1,0,0.67,1,3,0.17,3,0,0
21,5.75,1,0.9,3,1,0.61,0,9,0.49,0,0,1
3389,9.2,0,0.85,4,1,0.87,0,16,0.21,1,1,1
53,4.19,0,0.22,1,0,0.39,1,0,0.11,2,0,0
22,1.44,0,0.25,0,0,0.41,1,0,0.19,3,0,0
3306,3.94,0,0.35,0,0,0.79,1,1,0.21,3,0,0
53,4.27,0,0.25,1,0,0.35,1,2,0.15,4,0,0
22,0.21,0,0.32,1,0,0.46,1,0,0.2,4,0,0
21,8.32,1,0.9,1,1,0.57,1,18,0.33,2,1,1
25,9.91,1,0.6,5,1,0.82,0,3,0.39,5,0,1
110,1.9,0,0.23,0,0,0.47,1,2,0.13,2,0,0
53,5.63,1,0.4,1,1,0.4,1,8,0.79,5,1,1
80,8.3,0,0.7,1,1,0.43,0,14,0.38,5,1,1
53,9.13,1,0.4,1,0,0.81,0,18,0.15,4,1,1
21,6.52,1,0.9,0,1,0.46,0,13,0.51,5,1,1
143,6.81,1,0.6,1,1,0.55,1,19,0.61,5,0,1
3389,4.03,1,0.85,5,0,0.35,0,14,0.71,2,1,1
443,3.25,1,0.38,1,0,0.81,1,1,0.17,4,0,0
3389,4.87,0,0.47,0,0,0.6,1,0,0.0,1,0,0
443,7.8,0,0.65,1,1,0.51,1,1,0.43,4,0,1
3306,3.61,0,0.31,0,0,0.58,1,0,0.19,4,0,0
110,4.75,0,0.35,0,0,0.76,1,3,0.09,5,0,0
139,3.81,1,0.46,1,0,0.61,1,2,0.0,1,0,0
443,8.99,1,0.65,3,1,0.48,0,19,0.26,4,1,1
443,1.09,0,0.32,1,0,0.41,1,2,0.19,3,0,0
443,7.46,1,0.65,0,0,0.72,1,0,0.39,1,0,1
80,1.49,0,0.3,1,0,0.38,1,3,0.17,5,0,0
21,0.69,0,0.44,0,0,0.76,1,1,0.11,3,0,0
3306,1.32,1,0.32,0,0,0.48,1,0,0.21,2,0,0
445,5.06,0,0.9,1,0,0.33,0,18,0.89,1,0,1
3306,9.33,1,0.8,5,0,0.82,1,3,0.33,1,0,1
445,4.84,0,0.6,0,0,0.43,1,1,0.1,3,0,0
80,9.59,1,0.7,0,1,0.76,1,6,0.32,4,1,1
22,5.02,1,0.55,4,0,0.94,1,12,0.52,3,0,1
3306,1.47,1,0.29,1,0,0.56,1,1,0.04,2,0,0
443,2.17,0,0.32,0,0,0.5,1,2,0.22,5,0,0
3389,6.91,0,0.85,3,1,0.97,1,15,0.47,5,1,1
3306,5.78,1,0.8,3,1,0.91,0,10,0.38,0,1,1
110,9.0,0,0.6,1,1,0.43,1,5,0.48,2,1,1
53,8.81,0,0.4,0,1,0.43,1,18,0.6,3,0,1
445,3.72,0,0.48,0,0,0.76,1,2,0.01,2,0,0
443,8.96,1,0.65,3,1,0.91,0,9,0.26,4,1,1
443,9.67,1,0.65,5,1,0.64,0,18,0.6,0,0,1
25,3.45,0,0.39,1,0,0.86,1,3,0.05,4,0,0
3306,3.04,0,0.25,1,0,0.32,1,2,0.12,5,0,0
25,1.33,0,0.22,0,0,0.36,1,2,0.07,5,0,0
3306,7.07,1,0.8,2,1,0.73,0,16,0.92,4,0,1
25,0.82,0,0.23,0,0,0.41,1,0,0.14,1,0,0
25,4.93,1,0.6,3,0,0.34,1,4,0.29,4,1,1
23,5.63,1,1.0,2,1,0.73,1,16,0.22,3,0,1
25,1.9,0,0.34,1,0,0.67,1,3,0.12,3,0,0
53,0.44,0,0.22,0,0,0.61,1,3,0.08,1,0,0
110,3.02,0,0.35,1,0,0.32,1,3,0.12,4,0,0
25,2.03,0,0.37,1,0,0.5,1,2,0.03,2,0,0
25,3.3,0,0.25,0,0,0.33,1,3,0.08,5,0,0
445,0.21,0,0.55,0,0,0.46,1,2,0.23,1,0,0
21,6.67,1,0.9,2,1,0.51,1,7,0.74,1,1,1
143,5.4,1,0.6,1,1,0.75,1,10,0.61,0,1,1
443,7.02,0,0.65,5,1,0.41,0,4,0.55,5,1,1
110,7.21,0,0.6,1,0,0.73,1,12,0.91,4,0,1
110,8.45,0,0.6,2,1,0.7,0,5,0.8,5,0,1
110,7.31,0,0.6,2,0,0.85,0,4,0.95,1,0,1
25,4.67,1,0.41,0,0,0.5,1,1,0.17,5,0,0
21,3.81,0,0.62,0,0,0.7,1,3,0.01,5,0,0
3306,7.58,0,0.8,2,0,0.43,0,7,0.76,5,0,1
3306,1.95,1,0.46,1,0,0.43,1,1,0.13,1,0,0
21,0.67,1,0.54,1,0,0.81,1,3,0.19,4,0,0
443,3.39,0,0.2,0,0,0.38,1,1,0.03,1,0,0
80,1.07,0,0.27,0,0,0.7,1,1,0.18,3,0,0
3389,1.32,1,0.28,0,0,0.54,1,0,0.17,4,0,0
110,9.58,0,0.6,5,1,0.35,1,4,0.26,0,0,1
143,8.26,0,0.6,3,0,0.3,1,4,0.31,4,1,1
21,8.45,0,0.9,0,1,0.52,1,1,0.2,2,1,1
443,9.42,1,0.65,0,0,0.36,1,17,0.39,2,1,1
53,2.59,0,0.18,0,0,0.44,1,0,0.21,4,0,0
80,3.29,0,0.34,0,0,0.54,1,3,0.11,5,0,0
139,4.55,0,0.41,0,0,0.58,1,2,0.17,5,0,0
443,1.47,1,0.35,0,0,0.7,1,2,0.02,2,0,0
3389,4.39,1,0.85,0,0,0.8,0,6,0.56,2,0,1
445,9.48,1,0.9,4,1,0.96,0,5,0.9,4,1,1
3389,6.39,1,0.85,1,0,0.79,1,10,0.16,3,1,1
110,6.24,1,0.6,5,1,0.75,0,18,0.9,4,0,1
22,2.18,0,0.21,1,0,0.67,1,0,0.01,5,0,0
3389,1.59,0,0.28,1,0,0.63,1,2,0.07,2,0,0
23,2.65,0,0.59,0,0,0.63,1,1,0.21,3,0,0
143,6.41,1,0.6,4,1,0.86,1,3,0.76,0,1,1
23,5.39,0,1.0,4,0,0.32,0,10,0.56,5,1,1
22,2.24,0,0.24,0,0,0.51,1,0,0.23,3,0,0
443,5.97,1,0.65,5,1,0.66,1,14,0.53,4,1,1
3306,0.19,0,0.25,0,0,0.48,1,2,0.13,1,0,0
143,0.2,0,0.27,1,0,0.85,1,1,0.14,3,0,0
21,0.7,1,0.38,0,0,0.42,1,0,0.11,4,0,0
3306,5.26,1,0.8,2,1,0.37,0,18,0.3,1,0,1
53,2.4,0,0.15,1,0,0.42,1,3,0.14,1,0,0
80,2.14,0,0.45,1,0,0.34,1,1,0.25,5,0,0
3306,5.2,1,0.8,4,0,0.8,1,4,0.28,1,1,1
25,7.98,1,0.6,3,1,0.8,0,16,0.74,2,0,1
80,1.98,0,0.24,0,0,0.86,1,3,0.01,2,0,0
110,7.37,0,0.6,0,0,0.39,1,14,0.86,5,0,1
23,7.71,1,1.0,2,0,0.96,1,9,0.16,4,0,1
22,8.94,1,0.55,4,0,0.46,1,5,0.95,3,0,1
22,6.2,1,0.55,4,1,0.51,1,3,0.73,2,0,1
25,9.9,0,0.6,2,1,0.66,1,15,0.95,0,0,1
53,6.57,1,0.4,1,1,0.89,0,9,0.86,5,0,1
445,4.13,0,0.57,0,0,0.71,1,2,0.01,2,0,0
443,1.0,1,0.23,0,0,0.68,1,0,0.06,4,0,0
139,3.82,0,0.27,0,0,0.7,1,0,0.01,2,0,0
143,5.39,1,0.6,0,1,0.88,0,19,0.58,1,1,1
22,9.94,1,0.55,3,0,0.32,0,4,0.81,3,0,1
3306,2.7,0,0.3,1,0,0.5,1,3,0.04,5,0,0
143,7.49,1,0.6,4,1,0.44,0,17,0.68,3,1,1
53,4.83,1,0.4,4,0,0.3,1,7,0.49,1,1,1
3389,4.84,1,0.49,0,0,0.56,1,0,0.08,4,0,0
143,1.33,0,0.33,0,0,0.69,1,3,0.1,4,0,0
22,6.79,1,0.55,5,0,0.64,0,14,0.81,1,0,1
139,1.22,0,0.27,1,0,0.44,1,3,0.21,5,0,0
445,7.3,0,0.9,0,0,0.39,0,1,0.63,5,0,1
22,7.26,1,0.55,4,0,0.85,1,5,0.43,2,0,1
23,7.98,1,1.0,0,0,0.49,0,17,0.82,4,1,1
23,3.46,1,0.36,0,0,0.81,1,1,0.23,3,0,0
25,3.92,0,0.2,0,0,0.52,1,0,0.17,1,0,0
445,8.24,1,0.9,2,1,0.36,1,10,0.68,1,0,1
21,6.52,1,0.9,5,0,0.89,1,13,0.14,2,0,1
445,3.55,0,0.29,1,0,0.49,1,3,0.16,3,0,0
3306,2.13,0,0.44,1,0,0.4,1,3,0.18,2,0,0
143,7.48,0,0.6,5,1,0.89,1,5,0.13,4,1,1
3389,9.37,0,0.85,3,1,0.91,0,17,0.87,2,0,1
139,1.84,0,0.38,1,0,0.86,1,0,0.22,1,0,0
25,0.48,0,0.41,0,0,0.59,1,0,0.05,4,0,0
80,5.19,1,0.7,3,0,0.67,1,18,0.84,1,0,1
443,1.6,0,0.24,0,0,0.36,1,1,0.04,1,0,0
25,5.85,1,0.6,3,1,0.32,0,16,0.61,2,0,1
3306,3.94,0,0.27,0,0,0.57,1,2,0.14,4,0,0
25,7.0,0,0.6,3,1,0.84,1,15,0.59,0,1,1
139,8.0,1,0.8,3,1,0.59,0,1,0.23,2,1,1
25,7.54,0,0.6,3,0,0.62,1,4,0.21,5,0,1
80,6.38,1,0.7,4,1,0.41,0,15,0.37,2,1,1
139,1.66,0,0.4,1,0,0.56,1,0,0.13,3,0,0
3389,1.84,0,0.43,0,0,0.71,1,2,0.14,3,0,0
3306,1.45,0,0.48,1,0,0.3,1,1,0.01,5,0,0
53,6.35,1,0.4,4,1,0.7,0,3,0.66,2,0,1
3389,1.98,0,0.58,1,0,0.32,1,1,0.02,2,0,0
3389,4.34,1,0.85,0,0,0.66,0,15,0.46,0,1,1
110,3.4,0,0.38,0,0,0.36,1,2,0.04,3,0,0
25,7.8,1,0.6,1,1,0.8,1,13,0.3,0,1,1
21,2.52,0,0.29,0,0,0.31,1,1,0.18,4,0,0
143,1.1,0,0.28,0,0,0.38,1,1,0.24,1,0,0
110,8.08,0,0.6,1,1,0.44,1,16,0.92,0,0,1
80,8.86,1,0.7,4,0,0.48,0,3,0.38,1,0,1
443,9.47,1,0.65,3,1,0.96,0,20,0.9,1,0,1
80,1.47,1,0.43,0,0,0.51,1,3,0.05,1,0,0
23,1.68,1,0.63,0,0,0.8,1,3,0.2,1,0,0
443,6.35,0,0.65,4,1,0.6,0,17,0.38,5,0,1
139,0.01,0,0.44,0,0,0.53,1,0,0.2,4,0,0
25,8.31,1,0.6,5,0,0.9,0,14,0.26,4,1,1
445,4.89,1,0.61,1,0,0.82,1,1,0.21,2,0,0
445,8.47,1,0.9,5,0,0.78,1,20,0.77,2,1,1
443,2.73,0,0.43,1,0,0.43,1,2,0.04,1,0,0
3389,3.04,0,0.32,0,0,0.78,1,0,0.22,3,0,0
80,7.04,1,0.7,1,0,0.76,0,10,0.85,2,0,1
139,4.76,1,0.36,0,0,0.58,1,1,0.17,2,0,0
3306,9.19,0,0.8,4,1,0.7,1,2,0.81,4,1,1
22,7.62,1,0.55,0,1,0.42,1,5,0.36,4,0,1
443,9.73,1,0.65,1,1,0.4,0,5,0.81,3,0,1
23,0.18,1,0.45,0,0,0.56,1,1,0.17,3,0,0
23,1.95,0,0.3,0,0,0.89,1,2,0.12,5,0,0
53,1.12,0,0.24,1,0,0.85,1,3,0.16,2,0,0
23,0.13,0,0.4,0,0,0.79,1,3,0.18,3,0,0
143,7.7,1,0.6,3,1,0.59,1,10,0.41,4,1,1
139,6.13,1,0.8,3,0,0.87,0,16,0.18,5,1,1
3306,2.32,0,0.24,0,0,0.4,1,0,0.15,2,0,0
21,8.3,0,0.9,2,1,0.4,1,17,0.7,4,0,1
3306,4.24,0,0.32,1,0,0.8,1,2,0.11,3,0,0
3306,5.53,1,0.8,3,1,0.41,0,1,0.9,4,0,1
80,2.7,0,0.26,0,0,0.34,1,3,0.19,1,0,0
110,5.31,1,0.6,0,1,0.82,1,7,0.47,2,0,1
80,5.03,1,0.7,3,1,0.83,1,10,0.62,4,0,1
143,0.88,0,0.28,0,0,0.8,1,3,0.16,1,0,0
3389,4.66,0,0.37,1,0,0.47,1,1,0.11,5,0,0
139,8.83,0,0.8,3,1,0.52,1,20,0.28,1,0,1
445,1.97,1,0.42,1,0,0.37,1,2,0.2,2,0,0
143,9.35,0,0.6,1,1,0.3,1,7,0.24,3,0,1
22,0.85,1,0.28,0,0,0.54,1,3,0.24,3,0,0
445,5.9,1,0.9,0,1,0.53,1,20,0.56,5,1,1
25,2.33,1,0.3,0,0,0.73,1,0,0.05,1,0,0
21,6.45,0,0.9,5,1,0.79,0,2,0.28,0,0,1
110,3.37,0,0.2,1,0,0.56,1,1,0.16,2,0,0
21,1.4,0,0.41,1,0,0.37,1,0,0.1,5,0,0
21,3.19,0,0.32,0,0,0.78,1,0,0.09,1,0,0
3306,5.75,1,0.8,4,1,0.88,0,11,0.12,1,1,1
22,4.6,0,0.17,0,0,0.82,1,0,0.08,3,0,0
22,9.36,0,0.55,1,0,0.97,1,2,0.43,2,1,1
25,4.38,0,0.38,0,0,0.41,1,3,0.24,5,0,0
53,1.87,1,0.28,1,0,0.37,1,3,0.01,4,0,0
139,2.77,0,0.47,1,0,0.82,1,1,0.15,5,0,0
3306,3.34,0,0.3,0,0,0.45,1,2,0.22,4,0,0
21,5.05,1,0.9,5,1,0.64,0,18,0.31,3,1,1
3389,5.51,1,0.85,4,1,0.55,0,1,0.92,2,1,1
80,0.73,1,0.36,0,0,0.5,1,3,0.1,3,0,0
139,4.67,1,0.44,0,0,0.42,1,3,0.23,3,0,0
3389,7.29,1,0.85,4,1,0.39,1,1,0.58,0,1,1
25,6.71,1,0.6,4,1,0.38,0,19,0.32,3,0,1
3306,1.47,1,0.49,1,0,0.44,1,0,0.22,1,0,0
443,6.3,1,0.65,0,0,0.83,1,17,0.77,1,1,1
23,0.53,1,0.63,1,0,0.81,1,3,0.16,4,0,0
445,2.08,1,0.38,0,0,0.78,1,3,0.23,3,0,0
80,7.6,1,0.7,3,1,0.31,0,2,0.45,3,1,1
21,3.27,1,0.47,0,0,0.61,1,2,0.01,2,0,0
22,4.11,1,0.27,1,0,0.31,1,2,0.2,1,0,0
143,3.36,1,0.31,0,0,0.65,1,0,0.02,3,0,0
443,5.79,1,0.65,0,1,0.35,1,7,0.14,4,1,1
443,2.63,0,0.42,1,0,0.31,1,2,0.08,3,0,0
443,9.49,1,0.65,4,1,0.53,1,4,0.27,1,1,1
110,7.57,1,0.6,0,1,0.7,0,15,0.68,0,1,1
53,7.93,1,0.4,3,1,1.0,1,15,0.55,3,0,1
3389,7.79,1,0.85,1,1,0.44,1,17,0.14,0,0,1
80,0.11,1,0.31,0,0,0.55,1,1,0.19,1,0,0
445,2.43,0,0.34,1,0,0.38,1,0,0.1,1,0,0
3306,1.21,0,0.48,0,0,0.87,1,0,0.21,4,0,0
443,6.16,1,0.65,1,1,0.75,0,11,0.88,0,0,1
139,3.97,1,0.8,1,0,0.83,1,6,0.59,0,0,1
3306,5.99,1,0.8,5,1,0.49,0,1,0.64,1,1,1
53,1.01,1,0.14,0,0,0.39,1,2,0.24,3,0,0
3306,4.54,0,0.55,1,0,0.68,1,1,0.22,2,0,0
443,3.32,1,0.39,1,0,0.38,1,0,0.07,5,0,0
445,3.33,1,0.61,1,0,0.42,1,0,0.25,1,0,0
53,7.9,1,0.4,5,1,0.42,1,11,0.23,1,1,1
25,2.89,0,0.19,1,0,0.53,1,3,0.05,2,0,0
443,3.04,0,0.35,0,0,0.7,1,2,0.07,2,0,0
80,9.55,1,0.7,5,0,0.77,1,5,0.36,0,1,1
53,5.59,0,0.4,1,1,0.3,1,1,0.51,3,0,1
443,7.49,1,0.65,2,1,0.75,1,16,0.32,5,1,1
25,8.43,1,0.6,1,0,0.96,0,11,0.54,3,0,1
23,4.14,0,0.34,1,0,0.67,1,2,0.19,3,0,0
143,9.33,1,0.6,1,1,0.54,1,1,0.82,3,0,1
143,3.89,1,0.32,1,0,0.76,1,3,0.16,4,0,0
22,7.77,1,0.55,1,1,0.53,0,20,0.1,1,0,1
445,6.95,0,0.9,4,1,0.34,1,3,0.23,0,0,1
25,4.3,0,0.26,0,0,0.46,1,0,0.11,3,0,0
80,4.12,1,0.36,0,0,0.56,1,0,0.12,5,0,0
143,7.05,1,0.6,3,0,0.48,0,15,0.55,5,0,1
443,4.55,0,0.42,0,0,0.45,1,0,0.11,3,0,0
143,0.05,1,0.33,0,0,0.85,1,2,0.15,2,0,0
3389,7.86,1,0.85,4,0,0.41,1,18,0.95,5,1,1
3389,6.26,1,0.85,1,0,0.68,1,3,0.17,5,1,1
53,5.95,0,0.4,4,1,0.99,0,10,0.92,0,1,1
25,5.97,1,0.6,4,1,0.95,1,13,0.25,0,1,1
110,5.62,1,0.6,3,0,0.95,1,7,0.98,1,1,1
3306,1.45,0,0.54,0,0,0.89,1,1,0.13,2,0,0
110,3.63,0,0.24,0,0,0.86,1,1,0.04,3,0,0
25,6.65,1,0.6,0,1,0.57,0,19,0.47,2,0,1
21,5.76,1,0.9,5,0,0.89,0,14,0.77,3,1,1
139,8.24,1,0.8,4,1,0.97,1,7,0.17,3,1,1
25,4.35,0,0.27,0,0,0.36,1,2,0.07,2,0,0
23,2.36,1,0.61,0,0,0.56,1,1,0.15,2,0,0
3306,5.17,0,0.8,0,0,0.33,1,13,0.97,3,1,1
139,2.15,0,0.43,0,0,0.58,1,3,0.03,5,0,0
3306,5.32,1,0.8,4,1,0.83,0,20,0.77,0,1,1
22,5.1,1,0.55,5,0,0.55,1,2,0.17,5,1,1
110,9.88,0,0.6,4,1,0.94,1,3,0.6,5,0,1
25,8.77,1,0.6,1,1,0.65,1,8,0.83,5,1,1
53,8.08,1,0.4,4,1,0.5,0,15,0.65,2,0,1
445,9.02,0,0.9,2,1,0.39,1,15,0.11,5,1,1
110,9.66,0,0.6,3,1,0.66,0,13,0.11,1,0,1
23,7.81,1,1.0,4,1,0.85,0,19,0.83,3,1,1
23,8.66,1,1.0,0,0,0.41,1,13,0.45,1,1,1
21,7.16,1,0.9,3,0,0.63,1,14,0.43,2,0,1
110,8.71,0,0.6,1,1,0.4,1,7,0.94,5,1,1
443,0.03,0,0.23,0,0,0.67,1,0,0.02,2,0,0
22,8.84,0,0.55,2,1,0.55,1,17,0.6,3,0,1
21,6.69,1,0.9,2,1,0.83,1,3,0.58,2,1,1
21,7.86,1,0.9,0,1,0.38,0,13,0.82,0,0,1
110,1.77,1,0.21,0,0,0.72,1,0,0.03,2,0,0
143,4.3,0,0.2,1,0,0.62,1,3,0.25,2,0,0
110,7.16,1,0.6,3,1,0.72,0,19,0.41,1,1,1
443,4.74,1,0.27,0,0,0.78,1,0,0.09,1,0,0
443,7.54,1,0.65,4,1,0.8,1,10,0.62,0,1,1
21,4.74,1,0.9,5,0,1.0,1,7,0.73,5,0,1
25,4.85,1,0.6,4,0,0.93,1,6,0.59,3,1,1
25,0.72,1,0.27,1,0,0.4,1,3,0.23,3,0,0
80,0.11,0,0.4,0,0,0.47,1,3,0.08,2,0,0
53,5.27,1,0.4,4,0,0.65,0,2,0.15,2,1,1
53,7.16,0,0.4,5,0,0.41,0,12,0.71,0,0,1
139,1.99,0,0.27,1,0,0.82,1,0,0.05,5,0,0
3389,4.71,0,0.56,1,0,0.62,1,3,0.07,4,0,0
23,5.19,1,1.0,3,0,0.38,1,1,0.5,5,1,1
3306,8.53,1,0.8,4,1,0.53,1,17,0.44,1,1,1
143,4.58,0,0.36,1,0,0.42,1,3,0.13,4,0,0
53,4.5,1,0.4,2,0,0.48,1,9,0.1,1,0,1
3306,3.23,1,0.49,0,0,0.58,1,1,0.02,2,0,0
139,6.8,1,0.8,4,1,0.42,0,9,0.8,4,0,1
143,8.51,1,0.6,3,0,0.49,0,2,0.24,5,1,1
110,2.95,0,0.21,1,0,0.48,1,3,0.25,2,0,0
3306,6.87,1,0.8,4,0,0.64,1,16,0.76,0,0,1
22,0.03,0,0.2,0,0,0.4,1,3,0.14,2,0,0
143,1.67,0,0.41,1,0,0.52,1,1,0.24,2,0,0
110,0.41,0,0.39,1,0,0.49,1,0,0.07,5,0,0
21,4.29,0,0.51,0,0,0.49,1,1,0.17,4,0,0
3306,7.7,1,0.8,1,0,0.65,0,7,0.55,4,0,1
80,7.27,1,0.7,3,0,0.39,1,7,0.24,1,1,1
80,1.17,0,0.43,1,0,0.67,1,1,0.19,2,0,0
25,4.35,0,0.34,0,0,0.56,1,3,0.13,1,0,0
23,4.64,1,0.66,0,0,0.49,1,0,0.09,4,0,0
22,4.05,1,0.55,5,0,0.82,0,17,0.15,4,1,1
443,6.34,1,0.65,1,0,0.43,1,1,0.14,0,1,1
25,6.92,1,0.6,2,0,0.86,0,11,0.96,3,0,1
25,0.38,0,0.33,1,0,0.34,1,3,0.03,5,0,0
80,8.53,1,0.7,3,1,0.99,0,16,0.97,1,1,1
53,3.04,1,0.13,1,0,0.69,1,3,0.11,2,0,0
23,6.58,1,1.0,5,1,0.83,1,7,0.12,3,1,1
443,0.61,0,0.3,1,0,0.6,1,2,0.05,2,0,0
53,5.63,0,0.4,2,1,0.48,1,9,0.87,0,0,1
3389,2.49,1,0.45,0,0,0.62,1,0,0.2,5,0,0
21,4.32,0,0.58,1,0,0.77,1,0,0.21,1,0,0
25,7.39,1,0.6,0,1,0.57,0,7,0.82,2,0,1
21,0.48,0,0.3,1,0,0.57,1,0,0.03,1,0,0
3389,5.68,1,0.85,4,1,0.92,1,7,0.12,5,0,1
110,8.67,1,0.6,2,0,0.65,1,13,0.7,2,0,1
3306,9.65,1,0.8,0,0,0.98,0,17,0.14,0,0,1
143,1.22,1,0.31,1,0,0.59,1,2,0.07,2,0,0
23,9.19,1,1.0,2,0,0.6,0,0,0.82,3,0,1
139,7.52,1,0.8,5,0,0.93,0,18,0.62,3,0,1
443,6.86,1,0.65,2,1,0.7,1,11,0.57,5,1,1
21,3.72,1,0.9,1,0,0.58,0,18,0.53,2,0,1
53,3.53,0,0.24,1,0,0.34,1,3,0.14,2,0,0
110,7.56,1,0.6,1,1,0.87,0,12,0.81,3,1,1
139,1.6,0,0.3,1,0,0.62,1,2,0.0,2,0,0
443,8.74,1,0.65,3,1,0.53,1,9,1.0,2,0,1
110,9.2,0,0.6,2,1,0.3,0,10,0.84,5,1,1
25,8.05,1,0.6,2,1,0.61,1,6,0.24,4,0,1
139,9.63,1,0.8,4,1,0.55,1,14,0.61,2,0,1
445,4.82,1,0.58,0,0,0.53,1,1,0.2,3,0,0
143,1.56,0,0.38,1,0,0.34,1,2,0.21,5,0,0
3306,2.5,0,0.42,1,0,0.82,1,0,0.2,5,0,0
53,3.76,0,0.19,0,0,0.77,1,0,0.05,3,0,0
143,4.82,0,0.34,0,0,0.89,1,0,0.09,5,0,0
80,4.44,0,0.47,0,0,0.77,1,1,0.24,2,0,0
443,2.67,0,0.35,0,0,0.56,1,3,0.09,5,0,0
445,1.55,1,0.5,1,0,0.73,1,1,0.25,1,0,0
3306,6.64,1,0.8,1,0,0.53,0,13,0.46,0,0,1
23,6.49,1,1.0,3,0,0.62,1,19,0.69,2,0,1
3389,0.04,0,0.32,0,0,0.56,1,1,0.11,2,0,0
22,9.96,1,0.55,3,1,0.87,0,18,0.46,4,1,1
143,7.9,1,0.6,4,0,0.69,1,19,0.3,1,0,1
110,7.23,1,0.6,3,1,0.74,0,17,0.48,0,0,1
25,9.83,1,0.6,2,0,0.49,1,19,0.68,1,1,1
23,3.61,1,0.68,0,0,0.83,1,2,0.07,3,0,0
3389,9.87,1,0.85,0,1,0.4,1,11,0.24,3,1,1
21,3.05,0,0.54,0,0,0.59,1,0,0.23,4,0,0
80,9.6,1,0.7,4,0,0.79,1,13,0.63,2,1,1
80,1.58,1,0.36,0,0,0.85,1,0,0.17,5,0,0
22,0.16,1,0.25,0,0,0.73,1,0,0.15,2,0,0
25,4.41,0,0.28,1,0,0.58,1,1,0.12,1,0,0
110,6.28,1,0.6,0,1,0.72,0,4,0.69,0,0,1
445,7.73,1,0.9,2,0,0.84,0,4,0.79,2,0,1
22,0.98,0,0.25,0,0,0.45,1,2,0.02,4,0,0
445,7.0,1,0.9,0,0,0.5,1,9,0.34,0,1,1
443,2.63,0,0.34,1,0,0.69,1,1,0.01,5,0,0
143,5.61,1,0.6,5,1,0.41,0,5,0.6,1,0,1
23,4.1,0,0.48,0,0,0.88,1,3,0.11,3,0,0
23,6.46,0,1.0,5,1,0.79,0,3,0.71,1,1,1
139,4.41,0,0.55,1,0,0.32,1,2,0.17,5,0,0
139,6.33,1,0.8,3,1,0.75,1,18,0.44,2,1,1
22,9.81,0,0.55,3,0,0.48,0,10,0.61,3,0,1
143,9.42,1,0.6,4,1,0.41,1,18,0.48,3,1,1
80,4.72,1,0.37,0,0,0.45,1,1,0.19,2,0,0
3389,2.84,0,0.35,1,0,0.64,1,3,0.19,4,0,0
25,3.69,1,0.6,3,0,0.88,0,18,0.78,4,0,1
53,6.65,1,0.4,1,1,0.76,0,5,0.38,5,0,1
3389,5.89,0,0.85,3,0,0.35,1,12,0.41,5,1,1
139,1.94,0,0.53,0,0,0.62,1,3,0.07,5,0,0
80,8.98,1,0.7,1,1,1.0,0,3,0.55,5,1,1
53,5.06,1,0.4,2,0,0.99,1,7,0.43,3,0,1
3389,9.22,1,0.85,1,1,0.57,0,17,0.26,2,0,1
53,7.17,1,0.4,2,1,0.71,0,16,0.12,2,1,1
3389,3.47,0,0.51,1,0,0.37,1,1,0.21,1,0,0
22,6.81,1,0.55,3,1,0.91,1,4,0.44,5,0,1
445,1.5,1,0.43,0,0,0.41,1,2,0.08,3,0,0
139,5.58,0,0.8,1,0,0.57,1,8,0.3,4,1,1
143,9.03,0,0.6,0,0,0.86,0,11,0.46,1,0,1
143,2.85,0,0.26,0,0,0.88,1,1,0.14,4,0,0
21,8.68,1,0.9,0,0,0.68,0,0,0.98,2,0,1
443,0.48,1,0.38,1,0,0.5,1,1,0.15,4,0,0
110,3.66,1,0.6,0,0,0.45,0,14,0.88,5,0,1
22,5.94,1,0.55,1,1,0.66,1,5,0.29,2,1,1
143,4.39,0,0.33,0,0,0.65,1,0,0.01,4,0,0
53,3.9,0,0.27,0,0,0.55,1,1,0.22,3,0,0
3306,7.67,1,0.8,5,1,0.76,0,20,0.5,1,0,1
139,5.92,1,0.8,0,1,0.66,1,13,0.94,5,1,1
443,2.31,0,0.25,1,0,0.53,1,0,0.17,3,0,0
22,9.81,0,0.55,3,1,0.78,1,14,0.68,1,0,1
3389,6.3,1,0.85,0,1,0.8,0,15,0.53,5,0,1
23,1.41,1,0.6,0,0,0.53,1,0,0.17,3,0,0
22,8.88,1,0.55,4,1,0.33,1,18,0.83,3,1,1
143,3.03,0,0.41,0,0,0.4,1,2,0.21,2,0,0
110,6.24,1,0.6,0,1,0.3,0,7,0.24,4,0,1
25,5.26,1,0.6,1,0,0.96,0,19,0.26,3,0,1
139,3.8,1,0.8,5,0,0.93,0,17,0.49,3,0,1
445,8.76,1,0.9,2,1,0.55,1,2,0.13,3,1,1
22,8.5,1,0.55,4,1,0.49,0,2,0.25,3,0,1
143,3.7,0,0.21,1,0,0.71,1,2,0.13,3,0,0
443,1.95,0,0.43,1,0,0.61,1,0,0.05,1,0,0
110,4.04,0,0.36,1,0,0.84,1,1,0.25,4,0,0
143,4.19,0,0.35,0,0,0.42,1,2,0.04,2,0,0
3306,5.56,1,0.8,0,0,0.84,0,6,0.67,3,0,1
143,7.9,1,0.6,4,1,0.47,1,19,0.19,0,1,1
143,1.51,0,0.39,0,0,0.5,1,0,0.21,4,0,0
53,3.11,1,0.14,0,0,0.33,1,3,0.0,4,0,0
110,1.59,1,0.3,1,0,0.58,1,3,0.19,2,0,0
443,3.72,0,0.43,1,0,0.46,1,0,0.02,1,0,0
25,4.9,0,0.41,0,0,0.31,1,2,0.1,1,0,0
21,3.5,0,0.49,1,0,0.39,1,2,0.22,3,0,0
443,2.84,0,0.41,0,0,0.51,1,0,0.23,3,0,0
143,2.55,0,0.41,0,0,0.75,1,1,0.24,2,0,0
110,4.06,1,0.24,1,0,0.31,1,1,0.12,3,0,0
139,8.67,1,0.8,0,1,0.83,0,13,0.83,3,1,1
23,3.07,0,0.55,0,0,0.3,1,1,0.04,2,0,0
110,9.84,0,0.6,1,1,0.34,1,6,0.66,4,1,1
23,9.78,0,1.0,0,1,0.48,1,3,0.66,3,0,1
23,4.26,0,0.65,1,0,0.56,1,1,0.11,5,0,0
110,0.87,0,0.25,1,0,0.68,1,3,0.1,1,0,0
53,8.96,0,0.4,2,1,0.42,1,20,0.58,0,1,1
110,5.63,1,0.6,1,1,0.39,1,16,0.85,5,0,1
22,2.19,1,0.2,1,0,0.74,1,1,0.1,4,0,0
53,4.68,1,0.25,0,0,0.4,1,1,0.21,2,0,0
80,7.99,0,0.7,1,1,0.65,1,18,0.93,0,0,1
143,4.21,1,0.31,1,0,0.52,1,0,0.21,5,0,0
21,6.96,1,0.9,0,1,0.62,1,2,0.18,2,0,1
445,2.45,0,0.34,1,0,0.3,1,3,0.13,4,0,0
21,3.05,1,0.53,1,0,0.86,1,3,0.17,2,0,0
22,4.76,1,0.55,1,0,0.31,0,4,0.77,4,1,1
53,8.16,0,0.4,3,0,0.39,1,14,0.38,0,0,1
443,6.83,0,0.65,5,1,0.58,0,3,0.27,4,0,1
53,1.28,0,0.26,1,0,0.81,1,0,0.02,5,0,0
443,9.8,1,0.65,0,0,0.96,1,16,0.15,5,1,1
110,2.77,0,0.33,0,0,0.63,1,1,0.1,2,0,0
443,0.56,0,0.25,1,0,0.89,1,2,0.22,3,0,0
139,8.49,1,0.8,5,1,0.31,0,13,0.62,2,1,1
143,6.16,1,0.6,5,1,0.88,0,17,0.94,1,0,1
443,1.46,0,0.42,1,0,0.37,1,0,0.15,2,0,0
80,0.92,1,0.24,1,0,0.75,1,2,0.15,3,0,0
22,5.76,1,0.55,5,1,0.58,0,10,0.98,5,0,1
25,0.73,1,0.35,0,0,0.66,1,1,0.23,5,0,0
139,0.52,0,0.53,0,0,0.47,1,2,0.05,1,0,0
143,2.08,0,0.2,1,0,0.37,1,1,0.08,1,0,0
445,2.56,0,0.34,0,0,0.54,1,2,0.11,1,0,0
25,2.46,0,0.41,0,0,0.41,1,2,0.2,1,0,0
80,9.27,1,0.7,5,1,0.91,1,7,0.25,1,0,1
3389,1.74,1,0.57,0,0,0.48,1,1,0.17,3,0,0
110,3.08,1,0.26,1,0,0.76,1,0,0.21,1,0,0
80,0.23,0,0.47,0,0,0.53,1,2,0.0,4,0,0
3306,9.45,0,0.8,4,0,0.45,0,15,0.24,5,1,1
110,6.5,1,0.6,1,0,0.44,1,9,0.6,0,1,1
110,7.34,1,0.6,5,0,0.55,1,10,0.16,4,0,1
3389,4.38,1,0.53,0,0,0.39,1,1,0.12,1,0,0
3306,1.64,0,0.48,1,0,0.67,1,2,0.24,1,0,0
53,0.02,0,0.23,1,0,0.43,1,3,0.15,1,0,0
25,7.36,0,0.6,3,0,0.71,1,11,0.25,2,0,1
143,3.65,0,0.39,0,0,0.65,1,2,0.22,1,0,0
3306,0.23,0,0.27,0,0,0.74,1,3,0.07,4,0,0
21,3.95,0,0.6,1,0,0.39,1,3,0.23,3,0,0
53,4.84,1,0.23,0,0,0.38,1,3,0.05,3,0,0
25,8.55,1,0.6,4,0,0.36,1,13,0.43,1,1,1
25,2.56,0,0.29,0,0,0.39,1,3,0.1,4,0,0
143,6.04,1,0.6,3,0,0.49,0,10,0.93,0,0,1
53,9.23,1,0.4,4,0,0.87,1,3,0.73,1,0,1
110,0.51,1,0.41,0,0,0.68,1,3,0.05,3,0,0
443,9.63,0,0.65,1,1,0.98,0,14,0.12,5,1,1
25,5.8,1,0.6,2,1,0.92,1,2,0.35,0,1,1
80,1.7,1,0.27,1,0,0.76,1,2,0.12,1,0,0
110,2.84,1,0.28,0,0,0.88,1,2,0.17,2,0,0
143,6.94,1,0.6,4,0,0.44,0,14,0.97,4,1,1
139,6.79,0,0.8,4,0,0.75,0,12,0.56,2,1,1
80,7.08,1,0.7,5,0,0.92,0,14,0.36,4,0,1
143,4.46,0,0.21,1,0,0.31,1,1,0.02,2,0,0
21,8.81,1,0.9,4,0,0.45,0,16,0.88,0,0,1
3306,2.9,1,0.47,0,0,0.86,1,1,0.24,1,0,0
22,5.0,1,0.55,2,1,0.98,1,2,0.82,0,1,1
445,3.26,0,0.4,1,0,0.87,1,1,0.18,2,0,0
22,3.67,0,0.55,1,0,0.84,1,2,0.51,3,1,1
445,7.26,1,0.9,3,1,0.7,1,13,0.12,3,1,1
143,4.48,0,0.2,0,0,0.56,1,1,0.23,4,0,0
443,5.95,0,0.65,4,1,0.63,1,16,0.12,3,1,1
443,9.91,1,0.65,1,0,0.9,0,11,0.91,0,0,1
110,3.18,0,0.3,0,0,0.83,1,3,0.09,3,0,0
3306,4.52,0,0.5,1,0,0.48,1,2,0.13,1,0,0
445,6.26,0,0.9,5,1,0.6,1,18,0.13,0,1,1
443,1.98,0,0.32,1,0,0.76,1,2,0.16,5,0,0
443,7.29,0,0.65,1,1,0.91,1,7,0.74,5,1,1
3306,8.32,0,0.8,5,1,0.71,1,13,0.91,4,0,1
443,0.11,0,0.28,0,0,0.56,1,0,0.19,3,0,0
139,6.15,1,0.8,2,1,0.84,1,5,0.11,5,0,1
110,8.78,1,0.6,2,1,0.66,0,14,0.78,1,1,1
23,4.69,1,1.0,2,0,0.69,1,9,0.34,2,0,1
3389,3.37,0,0.3,0,0,0.82,1,3,0.22,5,0,0
23,0.19,1,0.33,0,0,0.89,1,2,0.02,4,0,0
3389,6.1,1,0.85,2,1,0.86,1,19,0.33,4,0,1
25,1.56,1,0.31,1,0,0.51,1,0,0.09,2,0,0
110,7.35,1,0.6,3,0,0.31,1,20,0.68,2,1,1
25,6.63,1,0.6,5,0,0.88,0,6,0.83,2,1,1
3306,3.21,0,0.46,0,0,0.8,1,0,0.07,2,0,0
53,0.26,0,0.25,0,0,0.5,1,0,0.12,3,0,0
21,8.32,0,0.9,2,1,0.93,1,3,0.44,2,0,1
139,7.82,0,0.8,1,0,0.68,1,11,0.6,5,1,1
445,2.6,0,0.58,1,0,0.46,1,0,0.25,1,0,0
22,1.68,0,0.25,0,0,0.88,1,0,0.03,4,0,0
110,3.0,0,0.24,0,0,0.39,1,3,0.22,3,0,0
445,1.82,0,0.52,1,0,0.52,1,3,0.09,4,0,0
21,8.62,1,0.9,3,0,0.93,1,15,0.95,2,0,1
22,7.72,0,0.55,0,1,0.91,0,8,0.36,0,0,1
25,2.54,0,0.21,1,0,0.39,1,3,0.0,2,0,0
25,4.27,1,0.19,1,0,0.74,1,0,0.09,2,0,0
21,3.96,0,0.9,3,0,0.7,0,20,0.12,4,1,1
3389,8.36,0,0.85,1,1,0.83,1,7,0.17,5,0,1
80,5.64,1,0.7,1,1,0.56,0,2,0.91,1,0,1
443,5.95,0,0.65,5,1,0.6,1,15,0.51,5,0,1
53,5.52,1,0.4,4,1,0.53,0,13,0.38,2,0,1
21,8.34,1,0.9,0,0,0.88,0,15,0.23,5,1,1
25,9.75,0,0.6,3,0,0.67,0,10,0.78,5,0,1
3389,3.99,0,0.49,1,0,0.34,1,0,0.09,3,0,0
23,6.64,1,1.0,4,1,0.59,1,1,0.53,1,0,1
3306,5.68,1,0.8,4,1,0.32,0,7,0.85,1,0,1
23,6.82,1,1.0,3,1,0.74,0,18,0.29,2,0,1
23,6.54,0,1.0,0,0,0.63,1,1,0.36,1,1,1
21,6.59,1,0.9,0,0,0.43,1,9,0.25,4,0,1
21,3.98,1,0.9,0,0,0.94,0,4,0.44,3,0,1
143,4.95,0,0.6,4,0,0.9,0,5,0.66,4,0,1
110,0.03,0,0.31,0,0,0.65,1,0,0.1,3,0,0
3306,6.53,1,0.8,1,1,0.96,0,20,0.43,0,0,1
139,0.68,1,0.37,1,0,0.89,1,3,0.22,3,0,0
80,4.9,0,0.23,1,0,0.87,1,0,0.16,4,0,0
25,7.49,1,0.6,2,1,0.37,0,20,0.44,1,1,1
21,4.9,0,0.46,1,0,0.33,1,1,0.13,2,0,0
443,1.75,1,0.44,0,0,0.57,1,3,0.12,3,0,0
139,0.64,0,0.36,1,0,0.33,1,2,0.13,2,0,0
445,5.19,1,0.9,0,1,1.0,1,8,0.28,1,0,1
3389,6.84,1,0.85,4,0,0.42,1,20,0.43,1,1,1
445,4.21,0,0.39,0,0,0.45,1,3,0.08,5,0,0
21,9.47,1,0.9,3,1,0.7,0,11,0.27,5,1,1
23,5.92,0,1.0,3,1,0.56,1,1,0.46,3,0,1
3389,1.15,0,0.35,0,0,0.68,1,1,0.23,3,0,0
3306,1.03,1,0.25,1,0,0.84,1,3,0.19,3,0,0
22,7.11,1,0.55,5,1,0.87,0,3,0.31,0,0,1
443,1.71,0,0.33,0,0,0.55,1,0,0.03,2,0,0
3306,5.9,1,0.8,3,1,1.0,0,13,0.9,0,1,1
22,8.52,1,0.55,3,1,0.72,0,12,0.74,4,1,1
21,7.36,0,0.9,4,0,0.9,1,12,0.72,1,0,1
143,8.73,1,0.6,4,1,0.68,1,10,0.94,4,0,1
3389,8.58,1,0.85,2,1,0.39,1,1,0.8,1,1,1
3306,0.12,1,0.51,0,0,0.8,1,2,0.23,4,0,0
25,9.18,1,0.6,0,1,0.38,0,16,0.65,4,0,1
21,6.95,1,0.9,0,1,0.84,0,7,0.44,0,0,1
22,1.89,0,0.33,0,0,0.32,1,1,0.06,1,0,0
3306,7.29,0,0.8,5,1,0.73,0,3,0.36,4,0,1
53,1.21,0,0.2,1,0,0.87,1,1,0.11,5,0,0
3389,2.58,0,0.48,0,0,0.34,1,2,0.13,2,0,0
80,1.0,0,0.29,1,0,0.75,1,1,0.14,3,0,0
443,7.09,1,0.65,1,1,0.31,1,11,0.42,2,1,1
21,1.06,0,0.29,0,0,0.46,1,0,0.15,3,0,0
3306,3.98,1,0.47,0,0,0.73,1,3,0.22,4,0,0
3389,3.06,0,0.44,1,0,0.33,1,0,0.08,3,0,0
23,3.74,0,0.47,0,0,0.67,1,2,0.04,5,0,0
110,4.39,0,0.21,1,0,0.77,1,0,0.16,3,0,0
80,0.74,1,0.27,0,0,0.86,1,1,0.23,3,0,0
3306,9.6,1,0.8,4,1,0.61,1,1,0.23,3,0,1
80,2.45,0,0.37,0,0,0.56,1,2,0.06,3,0,0
80,9.78,0,0.7,3,0,0.49,0,1,0.45,3,1,1
110,7.45,1,0.6,5,1,0.38,1,12,0.26,2,1,1
139,3.8,0,0.39,0,0,0.77,1,1,0.18,5,0,0
53,7.26,1,0.4,1,0,0.31,0,20,0.74,3,1,1
110,2.59,0,0.36,1,0,0.51,1,2,0.1,3,0,0
143,3.51,1,0.41,1,0,0.82,1,2,0.16,1,0,0
53,6.15,1,0.4,2,1,0.31,0,17,0.16,3,1,1
53,1.35,0,0.19,0,0,0.76,1,1,0.19,5,0,0
445,8.48,0,0.9,3,0,0.41,0,19,0.83,1,1,1
139,4.18,0,0.56,0,0,0.33,1,2,0.13,1,0,0
21,9.06,0,0.9,3,1,0.53,1,17,0.13,2,0,1
23,2.1,0,0.35,0,0,0.4,1,2,0.05,4,0,0
53,7.52,1,0.4,0,1,0.98,0,16,0.11,4,1,1
110,1.42,0,0.29,0,0,0.69,1,3,0.13,3,0,0
25,9.63,0,0.6,4,1,0.73,1,16,0.99,1,0,1
110,5.52,1,0.6,5,1,0.39,0,6,0.17,5,0,1
139,4.02,0,0.27,1,0,0.45,1,3,0.07,4,0,0
143,8.66,1,0.6,3,1,0.79,1,14,0.17,0,1,1
110,6.21,0,0.6,2,1,0.74,0,5,0.34,3,0,1
3306,9.35,0,0.8,3,1,0.88,0,2,0.5,5,0,1
23,1.01,0,0.58,0,0,0.85,1,1,0.2,4,0,0
21,4.1,1,0.9,4,0,0.49,0,7,0.44,0,0,1
443,4.46,1,0.41,1,0,0.55,1,0,0.09,1,0,0
23,2.99,1,0.51,0,0,0.31,1,2,0.06,3,0,0
143,8.51,1,0.6,4,1,0.75,1,11,0.22,1,1,1
23,9.27,1,1.0,3,1,0.71,1,8,0.53,0,0,1
21,0.3,0,0.62,1,0,0.57,1,3,0.18,3,0,0
22,6.08,0,0.55,1,0,0.81,0,19,0.13,2,1,1
3389,5.54,0,0.85,3,1,0.55,1,15,0.44,1,0,1
23,8.9,0,1.0,5,1,0.37,1,8,0.51,2,1,1
443,3.43,0,0.22,1,0,0.59,1,1,0.12,5,0,0
139,6.56,1,0.8,4,0,0.5,0,20,0.47,4,0,1
139,2.91,0,0.47,0,0,0.42,1,0,0.12,5,0,0
445,8.64,1,0.9,3,1,0.87,0,14,0.9,0,0,1
443,1.74,1,0.39,1,0,0.47,1,0,0.08,4,0,0
143,4.17,1,0.6,3,0,0.46,1,9,0.84,4,1,1
21,2.91,1,0.45,0,0,0.51,1,3,0.11,3,0,0
445,9.08,1,0.9,0,0,0.89,1,18,0.76,1,1,1
445,2.83,1,0.42,1,0,0.56,1,2,0.03,1,0,0
53,9.16,0,0.4,0,1,0.63,0,12,0.3,0,0,1
3306,4.21,0,0.39,0,0,0.54,1,3,0.21,3,0,0
53,4.09,1,0.19,1,0,0.5,1,2,0.07,1,0,0
110,0.85,0,0.38,0,0,0.9,1,1,0.0,2,0,0
139,1.0,0,0.28,0,0,0.73,1,2,0.22,4,0,0
443,8.66,0,0.65,2,0,0.45,1,2,0.39,3,0,1
3389,6.66,0,0.85,4,0,0.66,0,3,0.34,2,1,1
443,8.88,0,0.65,4,1,0.47,1,7,0.65,3,0,1
143,8.72,1,0.6,4,1,0.86,0,11,0.86,3,0,1
445,0.43,1,0.52,1,0,0.34,1,0,0.13,2,0,0
3306,5.5,1,0.8,2,1,0.47,0,17,0.87,3,1,1
53,0.33,0,0.2,0,0,0.68,1,2,0.03,5,0,0
3306,3.94,0,0.38,1,0,0.68,1,0,0.18,1,0,0
22,8.55,0,0.55,2,1,0.64,1,11,0.23,1,0,1
3389,6.31,1,0.85,1,0,0.86,0,15,0.83,1,1,1
139,8.47,1,0.8,4,1,0.93,1,1,0.5,5,1,1
3306,2.44,0,0.46,1,0,0.32,1,1,0.22,2,0,0
445,9.12,0,0.9,0,1,0.94,1,6,0.14,4,1,1
110,0.49,0,0.26,0,0,0.44,1,0,0.2,4,0,0
80,6.01,0,0.7,1,1,0.56,0,14,0.53,4,0,1
445,4.37,1,0.32,1,0,0.37,1,0,0.22,3,0,0
22,6.57,1,0.55,3,1,0.51,1,16,0.86,0,1,1
25,8.59,1,0.6,5,0,0.99,1,5,0.29,4,1,1
25,3.69,1,0.6,2,0,0.44,1,4,0.25,5,0,1
25,8.99,1,0.6,4,0,0.54,0,13,0.77,0,1,1
110,3.74,0,0.38,1,0,0.6,1,2,0.04,1,0,0
3389,0.31,0,0.46,1,0,0.31,1,3,0.21,5,0,0
23,6.68,0,1.0,2,1,0.38,1,13,0.65,4,0,1
3306,6.85,1,0.8,1,0,0.54,1,7,0.71,4,0,1
3389,9.64,1,0.85,0,1,0.86,0,2,0.31,5,0,1
3306,9.73,1,0.8,0,1,0.84,1,20,0.31,0,1,1
3389,8.07,1,0.85,2,1,0.44,0,3,0.7,3,1,1
22,3.64,0,0.18,0,0,0.38,1,2,0.01,1,0,0
80,5.45,0,0.7,2,1,0.7,1,19,0.18,2,1,1
25,0.27,1,0.36,1,0,0.74,1,3,0.18,1,0,0
22,2.13,0,0.24,1,0,0.57,1,3,0.13,3,0,0
443,9.25,0,0.65,0,0,0.38,1,16,0.28,0,0,1
443,0.82,0,0.36,1,0,0.82,1,2,0.04,3,0,0
23,6.36,1,1.0,0,1,0.85,0,9,0.34,4,1,1
3389,0.42,0,0.46,0,0,0.44,1,2,0.14,2,0,0
110,8.47,1,0.6,0,1,0.95,0,15,0.54,0,1,1
443,7.15,1,0.65,5,1,0.61,0,11,0.63,2,0,1
23,6.86,0,1.0,5,1,0.5,0,8,0.88,0,1,1
110,2.48,0,0.34,1,0,0.74,1,2,0.05,3,0,0
3306,0.3,1,0.34,1,0,0.33,1,2,0.19,3,0,0
445,0.72,0,0.39,0,0,0.39,1,0,0.14,2,0,0
3389,7.4,1,0.85,4,0,0.36,0,20,0.14,2,1,1
25,0.99,0,0.28,1,0,0.5,1,0,0.1,2,0,0
80,8.71,1,0.7,5,1,0.7,1,5,0.33,1,0,1
21,9.47,0,0.9,5,1,0.77,0,11,0.7,5,1,1
80,3.6,1,0.7,0,0,0.57,1,7,0.16,2,1,1
139,3.08,1,0.52,0,0,0.45,1,1,0.08,1,0,0
80,2.19,0,0.29,0,0,0.39,1,1,0.06,5,0,0
80,6.46,1,0.7,4,1,0.99,0,5,0.97,3,0,1
21,4.28,1,0.43,1,0,0.61,1,3,0.22,4,0,0
143,8.81,1,0.6,2,1,0.73,0,15,0.27,2,0,1
80,6.04,1,0.7,3,0,0.37,0,10,0.55,5,1,1
143,7.4,0,0.6,4,1,0.49,1,2,0.69,4,0,1
443,1.63,1,0.37,0,0,0.51,1,1,0.09,1,0,0
3306,3.41,1,0.5,0,0,0.85,1,1,0.2,4,0,0
3389,3.36,0,0.29,0,0,0.81,1,1,0.21,5,0,0
80,0.91,0,0.48,0,0,0.66,1,3,0.18,3,0,0
110,9.29,0,0.6,4,0,0.33,0,13,0.69,4,1,1
139,8.07,1,0.8,3,0,0.31,1,12,0.96,4,0,1
3389,2.91,1,0.59,1,0,0.51,1,2,0.16,2,0,0
3306,3.7,1,0.31,0,0,0.75,1,2,0.11,2,0,0
445,5.8,1,0.9,3,0,0.91,0,9,0.64,2,0,1
443,4.36,0,0.65,2,0,0.58,0,18,0.79,3,1,1
3306,3.37,1,0.34,0,0,0.49,1,1,0.05,2,0,0
3389,8.91,1,0.85,3,1,0.76,0,17,0.68,0,1,1
53,7.96,1,0.4,3,1,0.43,0,3,0.26,1,1,1
110,5.03,0,0.6,1,1,0.76,1,13,0.88,5,1,1
22,3.36,0,0.26,1,0,0.5,1,0,0.22,3,0,0
110,8.31,1,0.6,1,0,0.44,0,8,0.78,0,0,1
445,6.99,1,0.9,0,1,0.63,0,8,0.15,3,1,1
3306,6.73,1,0.8,4,0,0.85,1,5,0.43,5,1,1
23,1.46,0,0.67,0,0,0.39,1,2,0.02,4,0,0
53,2.74,1,0.24,1,0,0.3,1,3,0.14,1,0,0
443,9.5,1,0.65,3,0,0.47,1,8,0.89,2,0,1
443,7.93,1,0.65,0,1,0.67,0,14,0.93,1,1,1
21,0.46,0,0.49,1,0,0.48,1,0,0.08,2,0,0
143,0.14,0,0.42,1,0,0.46,1,2,0.05,4,0,0
143,5.56,0,0.6,3,1,0.67,1,3,0.24,2,1,1
3389,1.02,0,0.35,1,0,0.54,1,0,0.11,2,0,0
3306,1.58,1,0.48,0,0,0.51,1,0,0.2,4,0,0
139,0.31,0,0.48,0,0,0.89,1,0,0.21,2,0,0
22,2.07,1,0.29,1,0,0.56,1,3,0.11,4,0,0
25,3.74,0,0.25,0,0,0.37,1,0,0.11,4,0,0
21,5.98,1,0.9,1,0,0.37,1,6,0.68,3,1,1
443,8.42,0,0.65,5,1,0.45,1,20,0.9,3,1,1
23,4.84,0,0.69,0,0,0.46,1,3,0.04,2,0,0
21,6.83,1,0.9,0,1,0.63,0,11,0.52,1,0,1
3306,6.37,1,0.8,2,0,0.78,1,4,0.17,4,0,1
80,2.54,0,0.26,0,0,0.63,1,2,0.02,1,0,0
80,3.67,1,0.24,0,0,0.88,1,0,0.12,1,0,0
25,3.97,1,0.27,0,0,0.64,1,1,0.19,2,0,0
143,5.83,0,0.6,5,0,0.59,0,20,0.15,4,1,1
21,3.09,0,0.46,1,0,0.88,1,3,0.08,1,0,0
25,5.65,1,0.6,0,1,0.74,0,2,0.33,0,0,1
110,7.68,0,0.6,3,1,0.42,0,1,0.53,1,1,1
53,2.51,0,0.26,0,0,0.49,1,0,0.03,5,0,0
3306,1.15,1,0.53,1,0,0.33,1,3,0.03,4,0,0
3389,9.1,0,0.85,2,1,0.89,1,5,0.5,3,1,1
3306,8.72,1,0.8,3,1,0.38,0,18,0.83,0,1,1
80,8.8,1,0.7,4,1,0.44,0,13,0.58,4,1,1
139,3.45,0,0.51,0,0,0.51,1,3,0.06,1,0,0
21,1.89,0,0.31,0,0,0.75,1,2,0.08,5,0,0
445,5.59,1,0.9,3,0,0.36,1,14,0.7,0,1,1
139,4.35,0,0.43,0,0,0.85,1,2,0.24,5,0,0
53,0.1,0,0.23,1,0,0.5,1,2,0.22,2,0,0
22,0.84,0,0.17,0,0,0.42,1,0,0.21,1,0,0
445,7.1,0,0.9,1,0,0.53,1,7,0.81,4,0,1
25,1.84,1,0.18,0,0,0.3,1,3,0.01,1,0,0
143,8.97,0,0.6,5,1,0.58,1,16,0.97,4,1,1
443,3.68,1,0.45,0,0,0.54,1,3,0.07,2,0,0
143,2.38,0,0.21,0,0,0.84,1,2,0.14,3,0,0
443,2.76,0,0.33,1,0,0.65,1,0,0.01,3,0,0
139,9.63,1,0.8,3,1,0.91,0,6,0.73,4,0,1
443,5.65,1,0.65,4,0,0.46,1,19,0.55,5,1,1
21,1.54,0,0.54,1,0,0.36,1,2,0.22,1,0,0
445,2.27,0,0.45,1,0,0.87,1,1,0.04,2,0,0
110,8.03,0,0.6,5,1,0.95,1,5,0.73,4,1,1
110,8.26,0,0.6,2,1,0.49,0,9,0.69,3,1,1
139,4.34,1,0.47,1,0,0.37,1,2,0.23,4,0,0
139,1.19,0,0.45,1,0,0.76,1,2,0.15,4,0,0
23,5.89,0,1.0,4,1,0.41,1,2,0.16,1,1,1
23,4.28,0,0.47,0,0,0.53,1,1,0.08,3,0,0
110,3.54,1,0.32,0,0,0.42,1,3,0.11,2,0,0
443,9.99,1,0.65,5,0,0.97,0,4,0.16,2,0,1
53,3.87,0,0.16,1,0,0.53,1,1,0.25,5,0,0
143,3.84,0,0.3,0,0,0.38,1,0,0.23,1,0,0
110,0.29,0,0.2,0,0,0.55,1,3,0.19,4,0,0
21,2.23,0,0.58,0,0,0.84,1,3,0.14,2,0,0
22,9.23,0,0.55,1,0,0.75,0,2,0.58,0,0,1
23,7.94,0,1.0,4,0,0.54,0,6,0.62,4,1,1
23,0.02,1,0.36,1,0,0.61,1,1,0.21,2,0,0
3306,5.24,1,0.8,4,0,0.47,0,12,0.53,3,0,1
25,4.34,1,0.6,1,0,0.9,0,18,0.56,5,0,1
3306,8.27,1,0.8,1,1,0.59,0,1,0.2,1,1,1
139,4.76,1,0.52,0,0,0.55,1,2,0.13,5,0,0
21,1.59,0,0.37,0,0,0.56,1,3,0.08,3,0,0
443,2.48,1,0.23,0,0,0.79,1,1,0.11,5,0,0
139,0.63,0,0.48,1,0,0.85,1,3,0.04,5,0,0
25,1.79,0,0.25,1,0,0.52,1,0,0.19,3,0,0
25,0.52,0,0.36,1,0,0.38,1,2,0.06,2,0,0
21,0.91,0,0.51,0,0,0.63,1,3,0.13,1,0,0
3306,7.41,1,0.8,2,0,0.45,1,7,0.9,5,1,1
445,5.49,1,0.9,0,1,0.81,1,12,0.84,2,1,1
3389,3.16,0,0.37,0,0,0.63,1,3,0.16,3,0,0
110,4.55,0,0.2,1,0,0.76,1,1,0.07,4,0,0
25,0.94,0,0.37,1,0,0.85,1,3,0.23,2,0,0
445,4.25,0,0.35,0,0,0.37,1,0,0.2,1,0,0
139,3.14,0,0.36,0,0,0.52,1,0,0.2,2,0,0
143,9.26,1,0.6,2,0,0.58,1,5,0.88,4,1,1
53,4.37,0,0.18,1,0,0.35,1,3,0.06,4,0,0
445,5.23,1,0.9,0,0,0.85,0,20,0.23,1,1,1
110,4.87,0,0.18,0,0,0.52,1,1,0.16,4,0,0
3389,9.97,1,0.85,5,1,0.54,1,9,0.6,3,1,1
53,3.89,0,0.13,1,0,0.63,1,1,0.02,2,0,0
22,3.65,1,0.55,3,0,0.74,0,10,0.87,4,1,1
443,7.91,1,0.65,1,0,0.58,1,7,0.14,3,0,1
445,4.38,1,0.9,5,0,0.64,1,7,0.94,4,0,1
3389,3.69,1,0.85,5,0,0.98,0,15,0.93,0,1,1
25,9.66,1,0.6,3,0,0.84,1,16,0.57,1,0,1
23,7.77,0,1.0,5,0,0.34,0,18,0.86,3,1,1
80,8.69,1,0.7,3,0,0.81,1,12,0.93,1,0,1
53,8.14,1,0.4,3,1,0.85,1,4,0.22,3,1,1
80,4.92,1,0.7,4,0,0.63,0,3,0.7,3,0,1
139,2.58,1,0.3,0,0,0.83,1,3,0.0,4,0,0
23,8.02,0,1.0,0,1,0.66,0,2,0.31,4,0,1
445,3.32,1,0.59,0,0,0.62,1,2,0.24,2,0,0
53,8.06,1,0.4,3,0,0.46,0,18,0.33,1,0,1
25,1.61,0,0.2,1,0,0.63,1,3,0.17,3,0,0
3306,2.26,1,0.26,1,0,0.69,1,2,0.16,3,0,0
110,1.99,1,0.22,1,0,0.72,1,3,0.15,5,0,0
110,5.16,0,0.6,2,0,0.94,1,15,0.24,1,0,1
80,5.39,1,0.7,4,0,0.81,0,18,0.82,3,0,1
3306,0.04,1,0.37,1,0,0.49,1,2,0.12,4,0,0
443,4.61,1,0.65,2,0,0.88,1,10,0.67,4,1,1
143,4.02,0,0.36,1,0,0.89,1,0,0.01,4,0,0
21,5.06,0,0.9,2,1,0.77,1,6,0.72,5,0,1
21,2.19,0,0.47,1,0,0.46,1,3,0.0,3,0,0
21,3.16,0,0.61,1,0,0.7,1,3,0.14,2,0,0
3306,8.5,1,0.8,1,1,0.74,0,17,0.52,1,0,1
3389,0.19,0,0.47,1,0,0.54,1,3,0.05,1,0,0
25,5.34,1,0.6,1,0,0.81,0,17,0.3,3,1,1
443,7.69,1,0.65,3,1,0.88,1,11,0.87,0,1,1
53,9.81,1,0.4,4,0,0.88,0,17,0.52,0,0,1
23,8.46,1,1.0,1,0,0.61,0,6,0.74,5,0,1
143,5.97,1,0.6,0,1,0.31,1,5,0.25,2,0,1
3389,8.16,1,0.85,2,1,0.89,1,14,0.81,0,0,1
80,4.59,0,0.45,0,0,0.83,1,1,0.13,4,0,0
25,7.79,0,0.6,0,0,0.56,0,5,0.39,3,1,1
21,3.46,0,0.55,0,0,0.81,1,0,0.06,4,0,0
53,1.12,0,0.25,1,0,0.32,1,1,0.07,5,0,0
139,8.87,1,0.8,1,0,0.54,1,16,0.73,0,0,1
23,0.63,0,0.39,1,0,0.51,1,1,0.16,3,0,0
443,0.01,0,0.29,0,0,0.82,1,2,0.06,4,0,0
143,1.8,1,0.38,1,0,0.54,1,3,0.09,5,0,0
3306,2.17,0,0.41,0,0,0.84,1,2,0.02,1,0,0
3389,1.61,0,0.36,0,0,0.63,1,2,0.12,3,0,0
21,0.5,1,0.28,1,0,0.71,1,3,0.09,3,0,0
23,6.76,1,1.0,3,1,0.79,1,20,0.81,2,0,1
3389,4.15,1,0.85,2,0,0.69,0,10,0.25,3,0,1
139,1.2,1,0.47,1,0,0.85,1,1,0.12,1,0,0
22,3.65,1,0.55,3,0,0.39,0,15,0.72,0,0,1
3389,1.99,0,0.34,0,0,0.53,1,2,0.16,1,0,0
445,6.7,1,0.9,4,1,0.48,0,18,0.15,2,0,1
23,3.54,1,1.0,0,0,0.92,0,19,0.34,5,1,1
25,1.3,0,0.24,0,0,0.32,1,3,0.21,1,0,0
23,3.98,0,0.45,0,0,0.72,1,0,0.07,1,0,0
22,7.21,1,0.55,4,1,0.86,1,1,0.33,3,1,1
21,2.11,1,0.36,1,0,0.62,1,1,0.02,1,0,0
25,2.85,0,0.35,1,0,0.8,1,2,0.21,5,0,0
80,8.55,1,0.7,3,1,0.49,1,12,0.77,4,1,1
21,4.75,0,0.6,1,0,0.84,1,2,0.23,3,0,0
25,4.85,0,0.29,1,0,0.8,1,3,0.06,5,0,0
21,1.47,1,0.55,1,0,0.46,1,1,0.09,5,0,0
139,0.78,1,0.4,0,0,0.88,1,1,0.2,5,0,0
143,9.24,1,0.6,0,1,0.72,1,11,0.34,4,1,1
3389,5.17,1,0.85,5,1,0.83,0,8,0.37,2,0,1
25,1.17,0,0.3,0,0,0.65,1,2,0.07,1,0,0
25,1.86,0,0.34,0,0,0.51,1,3,0.16,4,0,0
80,7.32,1,0.7,0,1,0.47,0,4,0.37,0,1,1
22,6.95,1,0.55,5,1,0.95,0,13,0.67,3,1,1
25,3.24,0,0.32,0,0,0.55,1,0,0.01,5,0,0
22,3.82,1,0.55,1,0,0.43,1,6,0.86,3,1,1
53,3.56,1,0.22,1,0,0.59,1,2,0.17,1,0,0
3389,3.47,0,0.5,1,0,0.45,1,3,0.19,2,0,0
143,2.11,0,0.38,0,0,0.38,1,1,0.08,1,0,0
21,3.57,0,0.9,5,0,0.78,0,2,0.39,5,0,1
22,3.64,1,0.3,0,0,0.55,1,2,0.15,2,0,0
3389,2.91,0,0.42,1,0,0.65,1,1,0.17,2,0,0
80,8.61,0,0.7,3,0,0.76,1,9,0.68,0,0,1
139,1.43,1,0.4,0,0,0.34,1,1,0.25,4,0,0
21,4.11,1,0.35,0,0,0.69,1,0,0.2,5,0,0
53,6.49,1,0.4,2,1,1.0,0,13,0.13,5,1,1
143,4.42,0,0.32,0,0,0.6,1,2,0.16,5,0,0
25,1.71,0,0.25,1,0,0.41,1,3,0.07,2,0,0
25,4.02,1,0.21,0,0,0.78,1,2,0.17,4,0,0
110,9.52,1,0.6,1,0,0.78,0,7,0.84,2,1,1
25,5.24,0,0.6,5,1,0.85,1,14,0.72,3,1,1
23,9.87,0,1.0,2,1,0.95,1,9,0.65,2,1,1
143,9.28,1,0.6,0,1,0.5,0,5,0.37,5,1,1
3306,1.09,0,0.46,1,0,0.41,1,1,0.17,3,0,0
80,0.08,1,0.48,0,0,0.75,1,0,0.23,3,0,0
443,4.7,0,0.4,1,0,0.31,1,1,0.18,4,0,0
110,0.25,0,0.33,0,0,0.82,1,2,0.15,4,0,0
25,6.04,0,0.6,5,1,0.81,1,8,0.6,5,1,1
25,0.98,1,0.22,1,0,0.81,1,2,0.19,2,0,0
22,4.16,0,0.35,0,0,0.47,1,1,0.07,4,0,0
3389,5.43,1,0.85,4,0,0.66,1,9,0.39,2,0,1
25,2.5,0,0.21,1,0,0.83,1,1,0.23,3,0,0
143,6.47,0,0.6,3,1,0.88,1,19,0.38,4,0,1
3306,5.62,1,0.8,3,1,0.57,1,15,0.7,5,0,1
110,1.71,1,0.41,1,0,0.72,1,2,0.03,1,0,0
25,7.04,1,0.6,4,1,0.54,0,18,0.92,3,0,1
110,2.22,1,0.2,1,0,0.37,1,3,0.16,4,0,0
143,5.87,0,0.6,0,0,0.35,1,10,0.3,4,0,1
25,3.39,0,0.34,0,0,0.88,1,1,0.1,1,0,0
22,3.2,0,0.19,0,0,0.59,1,0,0.07,3,0,0
3389,7.26,0,0.85,5,1,0.49,1,7,0.26,5,1,1
139,4.75,1,0.8,2,0,0.54,1,2,0.33,3,0,1
3389,6.95,0,0.85,1,1,0.69,0,14,0.97,3,1,1
3389,6.94,1,0.85,1,1,0.58,1,10,0.84,5,1,1
53,9.99,1,0.4,3,1,1.0,1,11,0.86,0,1,1
25,0.09,0,0.29,0,0,0.7,1,3,0.11,1,0,0
80,1.94,0,0.24,1,0,0.76,1,0,0.24,1,0,0
53,0.6,0,0.15,1,0,0.52,1,0,0.04,3,0,0
21,2.83,0,0.37,1,0,0.76,1,2,0.06,4,0,0
21,8.51,0,0.9,3,1,0.75,1,19,0.98,0,0,1
445,4.11,1,0.42,1,0,0.51,1,2,0.23,4,0,0
3389,8.48,1,0.85,4,1,0.57,0,12,0.37,3,1,1
3306,7.75,1,0.8,4,0,0.33,0,0,0.26,0,1,1
443,5.19,1,0.65,5,1,0.82,1,1,0.29,1,0,1
3389,3.93,1,0.44,0,0,0.4,1,0,0.22,3,0,0
53,0.19,1,0.21,1,0,0.68,1,1,0.17,1,0,0
25,0.22,0,0.27,0,0,0.43,1,2,0.02,1,0,0
143,4.41,1,0.6,4,0,0.46,0,9,0.52,1,0,1
445,0.2,1,0.35,0,0,0.72,1,0,0.15,4,0,0
139,4.88,1,0.8,3,0,0.73,1,6,0.18,0,0,1
143,7.13,1,0.6,2,1,0.65,0,8,0.6,3,1,1
139,5.75,0,0.8,3,1,0.36,1,14,0.96,5,0,1
445,1.94,1,0.3,1,0,0.7,1,3,0.24,1,0,0
22,9.63,1,0.55,4,1,0.51,1,11,0.83,2,0,1
22,8.89,1,0.55,5,0,0.84,0,4,0.12,5,1,1
143,7.51,1,0.6,4,1,0.81,1,19,0.57,1,0,1
23,5.36,0,1.0,4,0,0.44,1,11,0.75,0,0,1
53,1.82,1,0.18,0,0,0.38,1,3,0.04,3,0,0
22,5.23,1,0.55,1,1,0.68,1,5,0.31,5,0,1
25,9.26,0,0.6,3,1,0.75,0,5,0.55,1,0,1
443,3.12,0,0.23,0,0,0.72,1,2,0.22,4,0,0
22,6.97,1,0.55,3,0,0.82,1,16,0.25,1,0,1
443,0.87,0,0.26,1,0,0.87,1,1,0.07,2,0,0
110,5.67,0,0.6,1,1,0.53,0,15,0.86,0,0,1
139,8.93,1,0.8,0,1,0.38,1,9,0.23,2,0,1
53,9.78,1,0.4,3,1,0.34,0,11,0.6,1,1,1
143,0.52,0,0.4,1,0,0.9,1,3,0.24,3,0,0
110,3.24,1,0.34,1,0,0.78,1,0,0.05,5,0,0
25,5.69,1,0.6,3,0,0.97,1,2,0.93,4,0,1
139,5.39,1,0.8,5,1,0.78,0,17,0.55,1,1,1
53,2.8,0,0.25,0,0,0.81,1,1,0.11,1,0,0
110,3.93,0,0.35,1,0,0.81,1,3,0.2,4,0,0
22,8.99,1,0.55,1,0,0.57,1,0,0.47,3,0,1
21,9.77,1,0.9,4,1,0.44,0,14,0.83,2,1,1
22,7.23,1,0.55,0,0,0.72,1,12,0.25,5,1,1
143,7.07,0,0.6,4,1,0.84,0,18,0.83,4,1,1
53,3.82,1,0.4,1,0,0.9,0,6,0.34,3,0,1
139,2.35,0,0.42,1,0,0.64,1,3,0.05,3,0,0
23,0.76,0,0.44,0,0,0.71,1,2,0.14,1,0,0
139,7.99,0,0.8,3,0,0.95,1,18,0.4,5,0,1
80,6.81,1,0.7,4,1,0.42,1,13,0.52,5,0,1
139,6.78,1,0.8,0,1,0.73,0,5,0.79,5,0,1
110,1.68,0,0.4,1,0,0.39,1,2,0.14,4,0,0
445,1.25,0,0.41,0,0,0.84,1,0,0.02,5,0,0
139,2.36,0,0.38,0,0,0.71,1,1,0.2,2,0,0
143,3.92,0,0.23,1,0,0.85,1,1,0.16,3,0,0
23,1.03,0,0.32,1,0,0.78,1,0,0.1,2,0,0
25,3.77,1,0.36,1,0,0.76,1,0,0.15,4,0,0
21,1.68,0,0.59,0,0,0.85,1,0,0.07,1,0,0
3389,9.75,1,0.85,4,1,0.9,1,5,0.28,1,0,1
445,5.17,0,0.9,0,1,0.62,1,6,0.1,2,1,1
53,2.63,0,0.21,0,0,0.81,1,1,0.11,5,0,0
22,6.46,0,0.55,2,1,0.74,0,3,0.57,5,0,1
443,5.17,1,0.65,5,1,0.9,0,20,0.47,0,0,1
22,6.43,1,0.55,4,0,0.78,0,4,0.98,3,1,1
22,1.17,0,0.31,0,0,0.44,1,1,0.01,1,0,0
23,2.75,1,0.4,1,0,0.36,1,1,0.01,5,0,0
3306,0.25,1,0.51,0,0,0.61,1,2,0.13,1,0,0
25,0.82,1,0.38,1,0,0.36,1,0,0.08,3,0,0
3306,3.85,1,0.47,1,0,0.59,1,2,0.21,4,0,0
23,6.07,0,1.0,3,1,0.59,1,5,0.94,4,0,1
3306,4.14,0,0.38,0,0,0.71,1,2,0.2,4,0,0
21,3.94,0,0.41,0,0,0.31,1,2,0.03,1,0,0
80,9.57,0,0.7,4,1,0.84,1,16,0.4,0,0,1
25,2.31,0,0.18,0,0,0.45,1,2,0.02,4,0,0
110,1.13,0,0.18,1,0,0.43,1,1,0.01,3,0,0
22,6.3,1,0.55,3,0,0.9,0,20,0.99,0,0,1
445,8.32,0,0.9,1,0,0.82,0,18,0.48,0,0,1
443,8.39,1,0.65,2,1,0.55,1,10,0.53,5,0,1
443,7.61,1,0.65,4,0,0.4,0,12,0.17,3,0,1
443,1.86,0,0.32,0,0,0.83,1,1,0.04,1,0,0
139,0.21,0,0.5,0,0,0.52,1,1,0.09,2,0,0
22,1.21,0,0.23,0,0,0.72,1,2,0.2,1,0,0
80,4.94,1,0.7,3,0,0.49,1,4,0.71,2,1,1
110,3.25,0,0.2,0,0,0.59,1,1,0.09,4,0,0
23,1.16,0,0.65,1,0,0.81,1,3,0.22,1,0,0
53,6.73,1,0.4,5,1,0.7,0,6,0.76,2,1,1
143,0.46,1,0.3,0,0,0.53,1,2,0.05,4,0,0
25,1.18,0,0.19,1,0,0.73,1,3,0.03,1,0,0
25,9.79,1,0.6,5,1,0.54,1,12,0.73,5,1,1
25,8.04,0,0.6,4,1,0.91,0,5,0.9,0,1,1
445,4.58,0,0.28,0,0,0.67,1,2,0.18,4,0,0
3389,6.79,0,0.85,3,1,0.95,0,1,0.93,2,1,1
445,7.95,1,0.9,2,0,0.87,1,19,0.14,1,1,1
22,0.46,0,0.28,0,0,0.75,1,1,0.24,1,0,0
25,2.76,1,0.26,0,0,0.54,1,0,0.1,2,0,0
25,0.23,1,0.29,0,0,0.82,1,3,0.1,5,0,0
80,3.16,1,0.38,1,0,0.74,1,1,0.04,1,0,0
445,3.4,0,0.31,0,0,0.54,1,3,0.2,1,0,0
445,3.79,0,0.35,0,0,0.57,1,3,0.02,3,0,0
139,1.22,0,0.31,0,0,0.62,1,2,0.05,1,0,0
3389,1.31,0,0.41,1,0,0.65,1,0,0.02,2,0,0
445,3.67,1,0.58,0,0,0.83,1,3,0.16,3,0,0
143,2.08,0,0.27,0,0,0.85,1,1,0.23,3,0,0
110,1.39,1,0.32,0,0,0.67,1,3,0.13,1,0,0
25,8.63,0,0.6,4,1,0.81,1,2,0.68,0,0,1
139,9.19,0,0.8,5,0,0.94,1,4,0.36,0,0,1
139,9.26,0,0.8,1,1,0.66,0,8,0.69,5,0,1
22,0.93,1,0.27,1,0,0.41,1,1,0.08,4,0,0
80,5.48,1,0.7,4,1,0.53,1,15,0.64,5,1,1
21,0.67,0,0.55,1,0,0.45,1,0,0.03,5,0,0
53,0.37,0,0.21,1,0,0.33,1,2,0.24,1,0,0
110,8.69,1,0.6,4,1,1.0,0,16,0.46,4,1,1
143,9.76,1,0.6,5,1,0.97,1,1,0.71,0,0,1
3306,0.37,0,0.5,0,0,0.32,1,3,0.15,3,0,0
3306,5.7,1,0.8,3,1,0.83,0,5,0.9,5,0,1
53,1.66,0,0.12,0,0,0.47,1,0,0.16,4,0,0
22,4.14,0,0.33,1,0,0.67,1,0,0.16,4,0,0
23,4.54,1,1.0,4,0,0.44,1,0,0.41,3,1,1
3306,3.95,0,0.31,0,0,0.85,1,0,0.06,5,0,0
21,1.58,0,0.32,0,0,0.82,1,0,0.13,1,0,0
21,3.4,1,0.53,1,0,0.47,1,1,0.02,4,0,0
143,9.41,1,0.6,2,1,0.74,0,10,0.47,2,0,1
3306,3.2,0,0.49,1,0,0.81,1,2,0.18,3,0,0
21,5.23,1,0.9,0,0,0.52,1,20,0.63,0,0,1
110,4.78,0,0.6,3,0,0.33,1,14,0.64,4,1,1
80,0.14,0,0.39,0,0,0.8,1,1,0.25,4,0,0
3389,1.11,0,0.45,0,0,0.47,1,1,0.06,3,0,0
143,9.62,0,0.6,3,1,0.79,1,15,0.6,1,0,1
110,3.94,0,0.35,1,0,0.83,1,2,0.24,5,0,0
143,7.86,1,0.6,2,0,0.75,0,0,0.61,5,1,1
3389,3.22,1,0.41,0,0,0.69,1,1,0.08,3,0,0
21,3.26,0,0.62,1,0,0.61,1,3,0.16,4,0,0
21,6.98,0,0.9,0,1,0.36,1,19,0.53,5,0,1
110,9.37,1,0.6,3,1,0.99,0,3,0.26,1,0,1
21,0.86,1,0.45,0,0,0.56,1,3,0.08,4,0,0
443,7.45,1,0.65,5,1,0.83,0,2,0.43,4,0,1
25,0.96,0,0.29,0,0,0.37,1,2,0.17,1,0,0
25,0.57,0,0.34,1,0,0.84,1,1,0.12,4,0,0
21,6.85,1,0.9,4,1,0.8,0,4,0.88,1,1,1
3306,8.34,1,0.8,3,0,0.69,1,0,0.79,3,0,1
23,6.38,0,1.0,4,1,0.92,1,18,0.5,2,1,1
53,8.46,0,0.4,0,1,0.63,0,13,0.72,5,1,1
139,9.11,0,0.8,5,1,0.57,1,12,0.78,0,0,1
139,3.55,1,0.8,5,0,0.76,1,13,0.72,3,0,1
22,9.1,1,0.55,0,1,0.56,0,9,0.31,4,1,1
110,5.15,1,0.6,0,1,0.52,1,16,0.94,3,0,1
143,9.43,0,0.6,0,1,0.85,0,6,0.56,5,1,1
3306,0.69,1,0.44,0,0,0.32,1,0,0.12,4,0,0
443,9.14,1,0.65,1,0,0.56,0,2,0.2,2,1,1
3389,4.19,0,0.36,1,0,0.69,1,0,0.21,4,0,0
3306,7.52,1,0.8,5,1,0.58,0,2,0.6,5,1,1
110,8.39,0,0.6,5,1,0.75,0,11,0.19,5,1,1
3306,6.62,1,0.8,5,0,0.73,1,4,0.84,1,0,1
23,1.8,0,0.53,1,0,0.62,1,2,0.19,2,0,0
22,3.02,0,0.17,1,0,0.45,1,2,0.14,1,0,0
25,4.2,1,0.41,0,0,0.33,1,0,0.1,2,0,0
22,8.74,1,0.55,3,1,0.59,1,16,0.37,1,0,1
110,2.78,1,0.4,1,0,0.4,1,0,0.04,3,0,0
3389,3.18,0,0.55,1,0,0.37,1,0,0.11,1,0,0
110,8.36,0,0.6,3,1,0.8,1,15,0.79,0,1,1
23,4.03,0,0.41,1,0,0.68,1,0,0.15,4,0,0
22,6.92,1,0.55,2,1,0.75,0,15,0.41,0,0,1
25,8.27,1,0.6,4,0,0.76,1,15,0.9,1,0,1
143,4.61,1,0.6,4,0,0.88,0,10,0.5,2,0,1
3389,2.55,0,0.31,1,0,0.49,1,0,0.12,4,0,0
143,3.98,1,0.19,0,0,0.49,1,2,0.0,5,0,0
445,9.86,1,0.9,3,1,0.41,1,4,0.15,4,0,1
3306,1.32,0,0.55,1,0,0.53,1,1,0.05,1,0,0
110,6.3,1,0.6,1,0,0.91,1,2,0.82,3,0,1
110,6.95,0,0.6,3,0,0.47,0,13,0.14,0,1,1
80,5.02,0,0.7,1,1,0.7,0,16,0.81,0,0,1
3389,1.59,0,0.31,1,0,0.65,1,1,0.16,5,0,0
3306,3.57,1,0.8,2,0,0.39,0,20,0.25,2,0,1
443,6.44,1,0.65,3,0,0.63,0,4,0.55,3,1,1
443,0.81,0,0.44,1,0,0.39,1,1,0.07,1,0,0
21,5.38,1,0.9,4,1,0.85,1,9,0.73,1,1,1
143,3.19,0,0.34,1,0,0.33,1,1,0.17,5,0,0
25,4.81,0,0.3,0,0,0.79,1,1,0.04,3,0,0
443,9.93,0,0.65,3,1,0.4,1,13,0.67,3,1,1
143,0.96,0,0.35,0,0,0.68,1,3,0.18,2,0,0
3306,0.46,0,0.3,0,0,0.44,1,1,0.11,3,0,0
80,9.0,0,0.7,4,1,0.59,0,12,0.87,1,1,1
21,1.82,0,0.46,0,0,0.49,1,2,0.22,1,0,0
143,3.33,0,0.29,1,0,0.41,1,1,0.17,4,0,0
25,7.2,0,0.6,4,1,0.34,1,4,0.38,3,1,1
22,5.36,0,0.55,5,0,0.94,1,19,0.93,2,0,1
445,1.52,0,0.56,0,0,0.42,1,2,0.15,3,0,0
445,3.74,0,0.37,0,0,0.44,1,2,0.06,3,0,0
80,8.28,0,0.7,3,1,0.66,0,14,0.32,1,1,1
445,3.21,0,0.38,0,0,0.45,1,2,0.05,1,0,0
110,2.24,1,0.28,1,0,0.51,1,0,0.24,5,0,0
80,1.35,1,0.37,0,0,0.74,1,2,0.06,2,0,0
143,1.07,0,0.38,1,0,0.8,1,3,0.13,3,0,0
110,4.4,0,0.28,1,0,0.54,1,2,0.1,1,0,0
22,6.78,1,0.55,5,0,0.59,0,17,0.64,1,0,1
21,3.31,0,0.53,0,0,0.82,1,1,0.25,4,0,0
3389,8.12,0,0.85,1,1,0.45,0,20,0.33,5,0,1
23,9.68,1,1.0,2,0,0.62,0,12,0.44,2,0,1
139,4.35,0,0.32,0,0,0.9,1,0,0.04,3,0,0
53,8.67,0,0.4,4,1,0.88,0,19,0.47,3,0,1
53,5.82,1,0.4,3,0,0.42,1,4,0.45,3,1,1
22,3.67,1,0.28,0,0,0.84,1,1,0.17,3,0,0
139,2.88,0,0.51,1,0,0.31,1,0,0.14,3,0,0
22,8.43,0,0.55,4,1,0.96,0,8,0.21,3,0,1
53,4.61,0,0.16,1,0,0.86,1,1,0.2,4,0,0
110,0.05,0,0.21,1,0,0.82,1,2,0.08,5,0,0
445,6.43,1,0.9,1,1,0.85,1,9,0.7,3,0,1
25,2.16,0,0.22,1,0,0.78,1,0,0.2,3,0,0
443,2.18,0,0.38,0,0,0.74,1,3,0.09,2,0,0
443,6.18,1,0.65,5,0,0.91,0,20,0.62,2,0,1
110,8.23,1,0.6,1,1,0.47,1,3,0.3,2,0,1
3306,5.5,1,0.8,2,1,0.56,0,13,0.54,0,0,1
445,4.44,0,0.44,0,0,0.39,1,3,0.19,4,0,0
443,5.94,1,0.65,1,1,0.49,1,3,0.36,4,1,1
23,3.93,0,0.56,1,0,0.56,1,0,0.03,1,0,0
21,8.57,1,0.9,1,0,0.4,0,2,0.97,5,1,1
23,2.46,0,0.48,0,0,0.53,1,0,0.1,2,0,0
143,2.2,0,0.4,1,0,0.82,1,2,0.06,5,0,0
110,5.47,1,0.6,0,1,0.42,1,12,0.85,3,0,1
21,8.6,1,0.9,0,1,0.72,1,12,0.53,3,1,1
143,2.12,1,0.31,1,0,0.43,1,0,0.1,1,0,0
3389,0.91,0,0.31,0,0,0.44,1,0,0.06,3,0,0
3389,1.8,0,0.38,0,0,0.34,1,3,0.09,3,0,0
110,8.63,1,0.6,5,1,0.82,1,13,0.12,5,1,1
139,8.87,1,0.8,0,1,0.42,0,9,0.87,1,0,1
23,5.65,1,1.0,5,1,0.35,0,5,0.88,2,1,1
22,1.65,0,0.29,1,0,0.43,1,3,0.22,4,0,0
443,4.63,0,0.43,0,0,0.64,1,1,0.13,1,0,0
143,6.03,1,0.6,3,1,0.85,1,11,0.12,4,1,1
445,6.34,1,0.9,1,1,0.8,1,3,0.81,3,0,1
25,1.95,0,0.35,0,0,0.87,1,2,0.15,3,0,0
110,7.92,1,0.6,5,0,0.61,1,18,0.8,3,0,1
445,9.28,1,0.9,0,1,0.98,0,7,0.11,1,1,1
23,5.88,1,1.0,5,1,0.52,0,1,0.23,2,1,1
23,5.45,1,1.0,1,0,0.38,0,20,0.39,5,0,1
22,3.27,0,0.17,0,0,0.57,1,3,0.21,1,0,0
80,7.72,1,0.7,2,1,0.91,0,19,0.44,3,0,1
53,4.22,1,0.21,1,0,0.61,1,2,0.17,2,0,0
3389,4.65,0,0.35,0,0,0.76,1,1,0.18,2,0,0
53,3.32,1,0.21,0,0,0.82,1,2,0.25,4,0,0
23,0.42,0,0.47,0,0,0.8,1,3,0.03,1,0,0
445,1.08,0,0.41,0,0,0.51,1,1,0.21,1,0,0
21,0.2,1,0.33,0,0,0.52,1,1,0.19,1,0,0
110,8.72,1,0.6,0,1,0.89,1,11,0.55,0,1,1
3306,9.6,1,0.8,5,1,0.88,1,12,0.97,2,0,1
139,0.42,0,0.43,1,0,0.85,1,2,0.1,5,0,0
143,6.79,0,0.6,1,1,0.3,0,2,0.4,2,0,1
445,3.62,1,0.29,1,0,0.67,1,1,0.17,4,0,0
110,5.16,0,0.6,5,0,0.9,1,4,0.57,3,0,1
139,2.42,0,0.46,0,0,0.67,1,3,0.21,2,0,0
23,6.7,1,1.0,5,1,0.78,1,8,0.78,1,0,1
445,3.67,0,0.39,0,0,0.82,1,2,0.25,4,0,0
21,7.53,1,0.9,4,1,0.33,0,3,0.92,3,0,1
143,7.95,0,0.6,0,1,0.68,1,11,0.23,2,0,1
22,9.71,1,0.55,4,0,0.64,1,14,0.9,3,1,1
25,1.18,0,0.26,1,0,0.6,1,2,0.0,2,0,0
21,5.93,1,0.9,0,0,0.56,0,10,0.94,5,1,1
53,1.39,1,0.16,0,0,0.79,1,1,0.19,5,0,0
22,7.78,0,0.55,5,0,0.39,0,18,0.12,0,0,1
80,4.47,0,0.43,0,0,0.33,1,1,0.18,4,0,0
25,7.39,0,0.6,1,1,0.57,0,5,0.7,4,0,1
21,2.11,0,0.53,0,0,0.38,1,3,0.16,3,0,0
3389,0.5,0,0.44,0,0,0.71,1,1,0.19,2,0,0
443,6.95,1,0.65,1,1,0.51,1,16,0.74,3,0,1
53,1.91,0,0.27,0,0,0.66,1,0,0.01,3,0,0
25,8.07,1,0.6,3,1,0.33,1,2,0.21,3,1,1
21,9.88,1,0.9,0,0,0.98,1,2,0.38,3,0,1
22,3.38,0,0.35,1,0,0.75,1,3,0.01,1,0,0
80,8.89,1,0.7,5,1,0.69,1,16,0.4,3,1,1
139,4.41,0,0.44,0,0,0.46,1,3,0.01,2,0,0
3306,6.3,1,0.8,4,1,0.42,0,10,0.83,4,0,1
23,7.92,1,1.0,1,1,0.31,0,19,0.81,3,0,1
3306,8.85,1,0.8,4,0,0.59,0,20,0.78,1,1,1
22,8.76,1,0.55,0,1,0.74,0,10,0.87,1,0,1
143,2.61,0,0.25,1,0,0.61,1,3,0.19,4,0,0
3306,4.52,1,0.32,0,0,0.32,1,2,0.19,2,0,0
139,4.95,1,0.8,4,0,0.48,1,12,0.27,5,1,1
3306,1.85,0,0.43,1,0,0.73,1,3,0.14,5,0,0
110,5.17,1,0.6,0,1,0.32,0,12,0.38,1,1,1
3389,2.35,1,0.31,0,0,0.78,1,0,0.19,2,0,0
25,3.11,1,0.35,1,0,0.48,1,3,0.08,3,0,0
3389,1.94,0,0.43,0,0,0.56,1,3,0.06,3,0,0
25,3.48,0,0.22,1,0,0.39,1,1,0.09,4,0,0
3389,8.54,1,0.85,0,1,0.82,0,3,0.21,4,0,1
443,7.67,1,0.65,5,0,0.66,1,3,0.61,1,0,1
3389,8.39,1,0.85,3,0,0.44,1,15,0.55,4,1,1
143,3.43,0,0.26,1,0,0.87,1,2,0.16,4,0,0
3389,5.09,0,0.85,2,0,0.56,1,3,0.11,5,0,1
443,3.83,0,0.45,1,0,0.47,1,3,0.13,4,0,0
143,0.04,0,0.37,1,0,0.9,1,1,0.12,4,0,0
110,8.02,1,0.6,0,1,0.31,1,6,0.87,0,0,1
23,7.75,1,1.0,4,1,0.66,1,7,0.57,1,0,1
22,3.52,0,0.25,1,0,0.81,1,0,0.2,4,0,0
80,4.25,0,0.44,1,0,0.67,1,0,0.12,2,0,0
25,0.3,0,0.21,0,0,0.52,1,1,0.22,2,0,0
21,5.03,1,0.9,2,0,0.57,0,19,0.24,3,1,1
110,3.68,1,0.6,5,0,0.73,0,2,0.2,1,1,1
80,0.41,1,0.38,1,0,0.55,1,0,0.06,3,0,0
21,0.55,1,0.46,0,0,0.46,1,2,0.16,3,0,0
139,9.84,1,0.8,1,0,0.61,1,18,0.2,2,1,1
3389,1.79,0,0.26,0,0,0.57,1,2,0.14,3,0,0
139,5.19,1,0.8,4,1,0.36,1,1,0.98,4,0,1
3306,7.5,0,0.8,1,1,0.8,0,6,0.36,4,1,1
3306,2.57,1,0.25,0,0,0.5,1,2,0.22,5,0,0
22,5.68,1,0.55,0,1,0.41,0,15,0.52,3,0,1
22,5.85,0,0.55,0,1,0.5,1,12,0.18,1,1,1
25,7.25,0,0.6,5,0,0.45,1,6,0.69,5,0,1
22,2.04,0,0.22,0,0,0.41,1,3,0.04,5,0,0
443,0.67,1,0.31,0,0,0.75,1,2,0.2,3,0,0
53,8.07,1,0.4,4,0,0.53,1,15,0.47,4,1,1
443,2.91,1,0.44,0,0,0.46,1,1,0.07,1,0,0
23,1.44,1,0.46,1,0,0.59,1,1,0.18,4,0,0
3306,1.89,0,0.51,1,0,0.86,1,0,0.17,3,0,0
445,1.05,0,0.46,1,0,0.73,1,3,0.16,5,0,0
53,0.49,0,0.19,1,0,0.9,1,2,0.2,2,0,0
443,3.18,0,0.3,1,0,0.69,1,3,0.11,3,0,0
53,0.82,0,0.24,1,0,0.9,1,1,0.2,4,0,0
21,6.48,0,0.9,2,0,0.38,1,8,0.57,0,1,1
25,6.99,1,0.6,5,1,0.73,1,10,0.34,3,1,1
23,2.93,0,0.7,0,0,0.48,1,0,0.06,4,0,0
23,4.19,0,0.36,1,0,0.86,1,1,0.12,3,0,0
445,0.08,0,0.49,1,0,0.82,1,1,0.14,2,0,0
139,7.57,0,0.8,3,1,0.54,0,9,0.33,5,1,1
3389,3.94,0,0.31,0,0,0.62,1,2,0.05,4,0,0
53,3.53,1,0.14,0,0,0.86,1,1,0.17,3,0,0
445,1.68,0,0.56,0,0,0.62,1,2,0.04,3,0,0
139,4.67,0,0.3,1,0,0.35,1,2,0.19,5,0,0
445,3.99,0,0.38,1,0,0.61,1,0,0.1,3,0,0
23,7.65,1,1.0,3,1,0.38,0,8,0.96,1,0,1
139,4.08,1,0.26,0,0,0.81,1,2,0.06,5,0,0
445,1.58,0,0.29,1,0,0.88,1,1,0.14,3,0,0
53,4.01,0,0.26,0,0,0.41,1,3,0.11,4,0,0
143,1.81,0,0.26,0,0,0.74,1,2,0.04,3,0,0
143,4.35,1,0.6,3,0,0.98,0,12,0.27,2,1,1
80,0.74,0,0.26,1,0,0.68,1,1,0.17,3,0,0
23,1.67,1,0.55,0,0,0.82,1,3,0.02,5,0,0
53,1.34,0,0.26,1,0,0.71,1,0,0.24,3,0,0
80,4.49,1,0.27,0,0,0.72,1,1,0.01,3,0,0
110,3.87,0,0.19,1,0,0.87,1,0,0.16,5,0,0
143,0.23,0,0.4,1,0,0.85,1,2,0.17,1,0,0
22,8.26,1,0.55,5,1,0.31,0,11,0.29,1,0,1
445,2.71,0,0.5,0,0,0.73,1,2,0.0,1,0,0
3306,3.55,0,0.44,1,0,0.77,1,2,0.12,2,0,0
25,1.15,0,0.19,0,0,0.74,1,1,0.12,2,0,0
445,8.9,1,0.9,3,1,0.57,1,7,0.91,0,1,1
143,9.77,0,0.6,5,1,0.73,1,16,0.21,1,1,1
110,8.52,0,0.6,3,1,0.35,0,17,0.71,0,0,1
143,8.34,1,0.6,3,1,0.62,0,10,0.27,1,1,1
3389,1.04,0,0.52,1,0,0.85,1,2,0.05,4,0,0
22,5.43,1,0.55,1,1,0.99,0,5,0.6,3,0,1
23,9.97,0,1.0,0,1,0.4,1,18,0.88,0,1,1
22,1.4,1,0.29,0,0,0.3,1,0,0.11,3,0,0
53,2.03,0,0.2,1,0,0.76,1,3,0.04,4,0,0
53,7.44,1,0.4,4,1,0.48,0,20,0.13,3,0,1
22,6.51,0,0.55,3,1,0.87,1,1,0.29,3,1,1
22,0.97,0,0.33,1,0,0.47,1,3,0.02,2,0,0
80,6.47,0,0.7,3,0,0.67,1,19,0.45,3,0,1
110,4.39,1,0.6,3,0,0.59,1,18,0.56,3,1,1
143,3.59,1,0.6,0,0,0.36,1,14,0.3,1,0,1
110,1.39,1,0.24,0,0,0.81,1,2,0.08,1,0,0
139,3.78,0,0.37,1,0,0.34,1,3,0.05,2,0,0
25,9.85,1,0.6,4,0,0.99,1,1,0.14,0,1,1
80,1.21,1,0.42,1,0,0.4,1,3,0.11,1,0,0
3389,8.25,1,0.85,3,0,0.52,0,7,0.35,0,0,1
3389,4.05,1,0.85,3,0,0.91,0,0,0.95,4,0,1
25,4.71,0,0.34,0,0,0.34,1,1,0.16,4,0,0
80,5.61,0,0.7,2,1,0.51,1,5,0.64,0,1,1
25,1.69,0,0.35,1,0,0.75,1,1,0.1,1,0,0
143,7.45,1,0.6,0,0,0.58,0,3,0.61,1,0,1
25,4.51,1,0.21,0,0,0.55,1,2,0.21,1,0,0
110,0.57,0,0.24,1,0,0.39,1,0,0.12,1,0,0
139,0.49,0,0.44,1,0,0.51,1,3,0.21,1,0,0
80,9.4,1,0.7,1,1,0.72,0,5,0.56,1,1,1
80,8.71,1,0.7,1,1,0.82,1,11,0.99,2,0,1
445,4.64,0,0.36,1,0,0.68,1,3,0.09,5,0,0
139,9.0,1,0.8,3,0,0.92,0,2,0.37,1,1,1
3306,5.7,0,0.8,2,1,0.64,0,12,0.76,3,1,1
143,3.09,1,0.28,1,0,0.75,1,1,0.04,4,0,0
53,0.11,0,0.18,1,0,0.41,1,3,0.1,2,0,0
3389,8.25,0,0.85,4,0,0.63,0,19,0.65,4,0,1
3306,3.46,0,0.34,0,0,0.76,1,1,0.01,2,0,0
21,5.81,1,0.9,2,1,0.75,0,4,0.37,3,1,1
23,8.86,0,1.0,1,0,0.52,1,2,0.97,2,1,1
22,0.29,0,0.18,0,0,0.56,1,3,0.09,1,0,0
110,5.35,1,0.6,3,0,0.91,0,6,0.76,3,1,1
23,4.72,0,0.63,0,0,0.76,1,2,0.14,2,0,0
22,0.85,1,0.32,1,0,0.73,1,2,0.17,2,0,0
3306,8.33,1,0.8,4,0,0.5,0,20,0.54,5,0,1
21,4.39,1,0.58,0,0,0.71,1,1,0.0,1,0,0
443,8.53,1,0.65,3,1,0.33,1,5,0.37,2,0,1
25,9.7,1,0.6,1,1,0.73,1,13,0.59,0,1,1
139,6.59,1,0.8,3,0,0.6,1,2,0.79,4,1,1
22,6.91,0,0.55,1,1,0.64,0,16,0.53,2,0,1
22,3.8,1,0.26,1,0,0.82,1,2,0.16,4,0,0
139,7.61,1,0.8,3,0,0.62,0,12,0.56,2,1,1
110,3.91,1,0.6,1,0,0.74,0,17,0.73,3,0,1
3389,8.49,0,0.85,3,1,0.89,1,8,0.17,0,0,1
21,6.85,1,0.9,3,0,0.98,1,7,0.13,1,1,1
22,5.03,1,0.55,2,1,0.76,1,15,0.79,5,1,1
143,3.27,0,0.36,0,0,0.54,1,3,0.0,5,0,0
139,0.38,0,0.25,0,0,0.87,1,3,0.01,4,0,0
25,1.73,0,0.26,1,0,0.53,1,1,0.04,4,0,0
80,0.59,0,0.45,0,0,0.43,1,2,0.1,2,0,0
25,6.11,1,0.6,2,1,0.37,1,18,0.65,4,1,1
3389,9.85,1,0.85,1,1,0.86,1,13,0.25,0,0,1
445,1.22,0,0.33,1,0,0.6,1,2,0.2,4,0,0
139,5.85,1,0.8,1,1,0.85,0,20,0.4,1,1,1
3389,6.21,1,0.85,1,1,0.66,0,11,0.59,5,0,1
445,5.11,0,0.9,4,1,0.51,1,5,0.1,1,0,1
3389,7.4,0,0.85,2,1,0.7,1,11,0.23,1,1,1
80,5.12,1,0.7,2,1,0.73,1,20,0.23,0,0,1
53,6.66,1,0.4,0,0,0.67,0,18,0.73,4,1,1
22,5.6,1,0.55,2,0,0.4,1,6,0.47,0,1,1
443,1.8,0,0.41,1,0,0.71,1,1,0.17,2,0,0
443,8.37,1,0.65,0,0,0.77,0,10,0.56,1,0,1
53,9.44,1,0.4,5,0,0.52,1,12,0.9,5,1,1
139,5.13,1,0.8,4,1,0.46,1,8,0.64,0,0,1
25,3.33,1,0.37,1,0,0.59,1,1,0.12,2,0,0
3306,3.29,0,0.26,1,0,0.31,1,3,0.16,4,0,0
80,3.6,0,0.42,0,0,0.82,1,3,0.01,4,0,0
110,2.12,0,0.42,1,0,0.32,1,2,0.15,5,0,0
21,5.4,1,0.9,3,1,0.31,0,9,0.25,2,1,1
445,5.47,1,0.9,2,0,0.46,0,11,0.12,3,0,1
3306,8.38,0,0.8,4,1,0.57,0,3,0.37,5,1,1
110,5.78,1,0.6,2,1,0.7,0,18,0.79,4,1,1
3389,9.06,0,0.85,0,0,0.49,1,8,0.19,1,0,1
23,5.54,1,1.0,3,1,0.43,0,13,0.38,0,1,1
25,4.82,1,0.6,3,0,0.45,1,12,0.61,2,1,1
25,8.77,1,0.6,1,0,0.86,0,4,0.71,1,1,1
443,9.3,1,0.65,3,1,0.4,0,6,0.23,5,0,1
143,0.63,0,0.37,1,0,0.41,1,2,0.11,3,0,0
139,3.47,0,0.34,1,0,0.87,1,1,0.16,4,0,0
139,4.12,1,0.8,2,0,0.36,1,8,0.4,1,1,1
3306,7.38,0,0.8,4,0,0.84,0,6,0.75,0,0,1
143,9.75,1,0.6,5,1,0.73,1,5,0.68,5,1,1
143,3.3,1,0.4,1,0,0.88,1,1,0.13,4,0,0
21,9.3,1,0.9,3,1,0.63,1,18,0.5,5,0,1
110,6.41,0,0.6,3,1,0.47,0,17,0.27,2,0,1
139,0.34,0,0.49,0,0,0.49,1,1,0.05,1,0,0
139,2.43,0,0.54,0,0,0.9,1,1,0.12,5,0,0
139,6.64,1,0.8,0,1,0.92,0,17,0.34,4,0,1
110,1.52,1,0.29,0,0,0.7,1,2,0.15,3,0,0
3306,8.77,1,0.8,2,0,0.46,1,12,0.79,5,1,1
3389,3.55,0,0.85,0,0,0.72,1,5,0.54,2,0,1
22,3.25,1,0.36,1,0,0.41,1,1,0.23,1,0,0
110,7.48,1,0.6,2,0,0.35,1,20,0.65,0,0,1
22,9.03,1,0.55,4,0,0.94,0,20,0.56,2,0,1
143,3.17,0,0.35,1,0,0.86,1,1,0.2,4,0,0
21,6.23,1,0.9,0,1,0.99,1,15,0.1,0,1,1
25,8.55,1,0.6,5,1,0.57,1,8,0.83,0,0,1
53,3.41,1,0.24,1,0,0.43,1,2,0.09,3,0,0
3389,3.67,0,0.42,0,0,0.42,1,3,0.23,5,0,0
110,6.53,1,0.6,1,1,0.46,1,16,0.16,3,0,1
3306,2.15,0,0.26,1,0,0.58,1,0,0.03,2,0,0
443,7.62,1,0.65,1,1,0.34,1,9,0.47,5,1,1
143,1.61,0,0.18,1,0,0.79,1,1,0.24,1,0,0
3306,2.65,0,0.34,1,0,0.82,1,2,0.13,4,0,0
3389,7.84,0,0.85,5,1,0.63,1,10,0.72,5,1,1
139,0.83,1,0.41,1,0,0.34,1,2,0.14,2,0,0
3306,7.55,1,0.8,1,1,0.76,0,14,0.93,3,1,1
443,2.0,0,0.31,0,0,0.35,1,2,0.17,2,0,0
23,2.01,0,0.46,1,0,0.48,1,3,0.15,3,0,0
3306,0.75,0,0.41,0,0,0.82,1,2,0.09,1,0,0
80,2.68,1,0.42,0,0,0.34,1,0,0.25,3,0,0
25,8.61,1,0.6,2,1,0.43,0,1,0.46,0,0,1
110,7.71,1,0.6,2,1,0.3,0,2,0.81,4,0,1
443,7.92,0,0.65,2,1,0.44,0,18,0.86,5,0,1
3306,3.73,0,0.8,4,0,0.47,1,2,0.81,5,1,1
25,0.61,0,0.32,1,0,0.31,1,0,0.11,5,0,0
445,5.88,1,0.9,5,0,0.93,0,18,0.95,1,0,1
443,7.15,1,0.65,3,1,0.57,0,18,0.28,2,0,1
53,9.04,1,0.4,1,0,0.83,0,9,0.64,5,0,1
23,4.24,0,0.34,0,0,0.75,1,1,0.07,1,0,0
53,8.83,1,0.4,5,1,0.96,1,16,0.7,3,1,1
443,5.94,0,0.65,2,1,0.63,1,12,0.27,3,0,1
21,4.41,1,0.9,3,0,0.58,0,0,0.86,1,1,1
143,5.9,1,0.6,2,0,0.71,1,3,0.71,3,0,1
445,3.69,0,0.41,1,0,0.71,1,0,0.05,3,0,0
22,2.28,0,0.38,1,0,0.37,1,1,0.23,1,0,0
25,3.71,0,0.31,1,0,0.6,1,3,0.05,4,0,0
3306,8.12,1,0.8,1,1,0.43,0,10,0.86,3,0,1
110,5.02,1,0.6,5,0,0.39,0,11,0.51,5,0,1
110,1.77,1,0.41,1,0,0.87,1,1,0.07,4,0,0
25,0.5,1,0.26,0,0,0.38,1,3,0.1,4,0,0
80,4.64,0,0.34,0,0,0.48,1,2,0.21,4,0,0
139,2.32,0,0.49,0,0,0.69,1,3,0.16,4,0,0
445,5.95,1,0.9,2,0,0.9,0,7,0.76,2,0,1
80,8.04,1,0.7,4,1,0.55,0,15,0.25,0,1,1
25,3.92,1,0.22,1,0,0.46,1,1,0.2,4,0,0
25,7.75,0,0.6,5,1,0.86,0,6,0.16,4,1,1
110,8.7,0,0.6,2,1,0.66,1,19,0.37,0,1,1
110,6.24,0,0.6,0,1,1.0,0,3,0.7,3,1,1
21,0.75,1,0.44,1,0,0.46,1,2,0.05,5,0,0
21,4.29,0,0.37,1,0,0.34,1,2,0.25,5,0,0
143,0.61,0,0.4,1,0,0.83,1,3,0.07,4,0,0
23,3.02,1,0.56,1,0,0.47,1,0,0.11,1,0,0
22,7.75,1,0.55,5,0,0.91,0,18,0.31,0,0,1
3306,1.78,1,0.27,1,0,0.66,1,1,0.06,1,0,0
21,6.52,1,0.9,4,1,0.82,0,15,0.52,1,1,1
80,0.51,0,0.33,0,0,0.37,1,1,0.12,4,0,0
143,3.86,1,0.35,0,0,0.68,1,0,0.01,3,0,0
23,2.53,1,0.56,1,0,0.31,1,2,0.07,3,0,0
445,6.42,1,0.9,3,1,0.45,1,3,0.17,1,1,1
21,0.49,0,0.38,0,0,0.76,1,0,0.04,3,0,0
110,2.48,0,0.23,0,0,0.72,1,3,0.14,4,0,0
143,3.72,0,0.27,0,0,0.62,1,0,0.22,1,0,0
3306,0.5,0,0.29,0,0,0.58,1,0,0.2,2,0,0
23,6.35,1,1.0,3,1,0.63,1,17,0.25,3,1,1
3389,2.07,0,0.31,0,0,0.33,1,1,0.16,5,0,0
143,8.34,0,0.6,5,1,0.64,0,13,0.64,3,1,1
80,1.88,1,0.43,0,0,0.86,1,3,0.08,4,0,0
445,8.11,1,0.9,5,1,0.92,1,4,0.45,4,1,1
22,7.92,1,0.55,5,1,0.39,0,4,0.26,4,0,1
80,8.88,1,0.7,5,1,0.58,1,10,0.8,0,1,1
143,7.09,1,0.6,5,1,0.83,1,13,0.97,2,1,1
3389,1.56,0,0.32,0,0,0.76,1,2,0.06,4,0,0
3306,0.92,0,0.26,1,0,0.83,1,1,0.24,5,0,0
443,4.4,1,0.3,0,0,0.76,1,3,0.15,3,0,0
80,3.02,1,0.33,1,0,0.34,1,1,0.08,4,0,0
25,3.59,0,0.29,1,0,0.78,1,1,0.01,4,0,0
3306,6.56,1,0.8,4,1,0.35,0,6,0.95,2,0,1
3389,2.88,0,0.54,0,0,0.61,1,3,0.21,3,0,0
23,9.15,0,1.0,0,1,0.59,0,4,0.42,1,0,1
21,0.02,0,0.55,1,0,0.74,1,3,0.23,1,0,0
25,5.58,1,0.6,2,1,0.46,0,18,0.12,5,0,1
110,4.78,1,0.6,0,0,0.56,1,0,0.16,1,0,1
3306,1.01,0,0.28,0,0,0.38,1,2,0.12,4,0,0
139,2.01,0,0.37,1,0,0.66,1,0,0.18,2,0,0
80,4.75,0,0.22,1,0,0.42,1,2,0.03,4,0,0
139,4.82,1,0.8,4,0,0.68,0,14,0.77,3,0,1
22,3.16,0,0.32,1,0,0.7,1,1,0.2,5,0,0
139,0.83,1,0.26,0,0,0.83,1,3,0.09,2,0,0
23,6.9,1,1.0,0,1,0.54,1,7,0.3,2,0,1
110,4.11,0,0.21,0,0,0.48,1,1,0.05,1,0,0
3389,2.2,1,0.43,0,0,0.36,1,0,0.04,4,0,0
3389,5.76,1,0.85,2,1,0.99,0,1,0.99,1,0,1
443,6.49,1,0.65,0,1,0.37,0,16,0.96,4,1,1
445,4.22,0,0.47,0,0,0.48,1,2,0.16,5,0,0
22,4.88,1,0.21,0,0,0.73,1,0,0.22,1,0,0
3306,2.92,0,0.42,0,0,0.63,1,2,0.02,2,0,0
80,1.39,1,0.23,0,0,0.38,1,2,0.14,2,0,0
21,8.97,1,0.9,4,0,0.94,0,17,0.94,5,1,1
139,6.94,1,0.8,3,0,0.39,1,0,0.24,5,1,1
23,7.39,1,1.0,3,0,0.78,1,4,0.29,1,1,1
22,8.74,1,0.55,3,0,0.74,0,8,0.76,3,1,1
139,1.93,1,0.29,1,0,0.86,1,2,0.12,3,0,0
21,4.56,0,0.6,0,0,0.78,1,2,0.02,5,0,0
3306,7.93,0,0.8,5,0,0.49,1,0,0.74,3,1,1
22,0.09,0,0.34,1,0,0.88,1,1,0.07,4,0,0
139,5.74,0,0.8,5,1,0.77,0,20,0.39,4,0,1
80,0.69,0,0.4,1,0,0.34,1,2,0.24,3,0,0
3389,7.54,1,0.85,5,1,0.76,1,2,0.27,1,1,1
25,7.36,1,0.6,5,0,0.79,0,7,0.77,3,1,1
22,5.12,1,0.55,1,1,0.54,1,15,0.48,3,1,1
143,6.13,0,0.6,0,0,0.54,0,3,0.99,1,0,1
25,5.74,1,0.6,1,1,0.95,1,4,0.54,0,0,1
80,7.12,1,0.7,3,1,0.38,1,4,0.52,4,0,1
445,1.43,0,0.43,1,0,0.81,1,0,0.19,2,0,0
80,7.71,0,0.7,2,0,0.43,1,2,0.23,5,0,1
139,7.59,0,0.8,4,1,0.75,0,5,0.49,0,0,1
21,0.41,0,0.58,1,0,0.44,1,2,0.23,2,0,0
22,0.49,1,0.18,1,0,0.72,1,0,0.25,5,0,0
3306,4.27,0,0.46,0,0,0.89,1,0,0.12,2,0,0
143,4.58,0,0.34,1,0,0.54,1,0,0.01,4,0,0
22,9.46,1,0.55,3,1,0.93,0,1,0.21,2,1,1
25,6.87,1,0.6,1,1,0.68,1,4,0.99,5,1,1
22,8.29,0,0.55,3,0,0.64,0,20,0.24,0,0,1
143,6.47,1,0.6,4,1,0.79,0,20,0.89,1,0,1
139,0.88,0,0.39,1,0,0.38,1,0,0.08,2,0,0
23,7.63,1,1.0,2,1,0.63,0,17,0.9,0,0,1
3306,1.89,1,0.48,1,0,0.58,1,3,0.02,2,0,0
53,4.29,0,0.16,1,0,0.43,1,1,0.14,1,0,0
80,2.43,1,0.47,1,0,0.86,1,0,0.01,3,0,0
53,0.97,1,0.18,1,0,0.78,1,3,0.07,3,0,0
21,0.21,0,0.29,0,0,0.62,1,0,0.04,4,0,0
143,3.13,0,0.18,0,0,0.53,1,0,0.09,1,0,0
21,3.33,0,0.6,0,0,0.77,1,2,0.15,1,0,0
3389,7.24,1,0.85,1,0,0.34,0,20,0.1,1,1,1
25,8.14,1,0.6,0,1,0.86,0,5,0.18,0,0,1
53,4.0,1,0.4,5,0,0.67,1,2,0.29,3,0,1
3389,3.7,1,0.53,1,0,0.43,1,0,0.03,2,0,0
3389,7.73,1,0.85,0,1,0.99,0,13,0.51,3,1,1
80,4.24,1,0.48,1,0,0.74,1,3,0.09,4,0,0
3389,8.44,0,0.85,0,1,0.41,0,17,0.19,1,0,1
21,4.15,1,0.29,0,0,0.78,1,0,0.01,4,0,0
143,8.49,0,0.6,2,0,0.64,0,20,0.95,0,0,1
110,1.94,0,0.41,0,0,0.89,1,0,0.13,2,0,0
3389,1.32,0,0.34,0,0,0.64,1,0,0.23,5,0,0
110,9.09,1,0.6,4,0,0.36,1,16,0.69,5,1,1
443,4.79,0,0.44,0,0,0.33,1,3,0.0,4,0,0
21,1.78,1,0.47,1,0,0.89,1,2,0.23,5,0,0
143,4.42,0,0.31,0,0,0.87,1,3,0.23,1,0,0
445,8.09,0,0.9,0,1,0.98,1,5,0.94,5,0,1
139,4.65,0,0.38,0,0,0.8,1,2,0.01,3,0,0
139,5.23,0,0.8,5,0,0.98,0,3,0.78,2,0,1
139,8.97,1,0.8,5,1,0.67,1,18,0.2,3,0,1
25,0.37,1,0.35,1,0,0.33,1,0,0.2,2,0,0
110,8.72,1,0.6,1,0,0.49,0,2,0.43,2,0,1
143,5.17,0,0.6,3,1,0.79,0,19,0.53,5,0,1
143,6.44,0,0.6,1,1,0.95,1,18,0.75,1,0,1
21,6.15,1,0.9,2,1,0.76,1,4,0.75,3,1,1
3306,7.77,1,0.8,0,0,0.87,1,16,0.78,3,1,1
110,9.7,0,0.6,4,0,0.86,1,3,0.47,1,1,1
110,5.4,1,0.6,2,1,0.7,1,13,0.57,5,1,1
143,6.46,1,0.6,3,0,0.31,1,11,0.16,4,0,1
80,5.33,1,0.7,3,1,0.97,1,8,0.89,4,0,1
3306,3.53,1,0.8,5,0,0.41,1,6,0.59,1,0,1
139,4.28,0,0.8,1,0,1.0,0,19,0.46,3,1,1
143,5.2,1,0.6,0,1,0.63,1,10,0.35,2,1,1
3389,1.79,0,0.33,1,0,0.8,1,1,0.04,1,0,0
110,9.35,0,0.6,5,0,0.44,0,14,0.52,3,1,1
443,4.41,0,0.45,1,0,0.36,1,3,0.1,4,0,0
80,1.57,1,0.35,0,0,0.31,1,1,0.15,1,0,0
143,4.39,1,0.32,1,0,0.41,1,2,0.07,3,0,0
22,4.29,0,0.21,1,0,0.74,1,1,0.2,4,0,0
445,9.42,1,0.9,5,0,0.57,1,7,0.3,0,1,1
110,7.71,0,0.6,2,1,0.59,0,10,0.27,0,0,1
445,8.77,1,0.9,4,0,0.97,0,10,0.36,4,1,1
25,4.05,0,0.2,1,0,0.84,1,2,0.08,5,0,0
3306,0.08,0,0.43,1,0,0.77,1,3,0.04,4,0,0
110,3.51,0,0.18,0,0,0.75,1,3,0.06,2,0,0
80,8.06,0,0.7,1,1,0.74,0,18,0.77,2,1,1
21,1.96,0,0.49,0,0,0.31,1,0,0.19,4,0,0
143,4.47,0,0.35,0,0,0.53,1,0,0.11,3,0,0
3306,1.63,0,0.31,1,0,0.42,1,1,0.08,4,0,0
80,8.72,0,0.7,0,1,0.53,1,9,0.51,5,0,1
445,7.39,1,0.9,5,0,0.98,0,15,0.37,4,0,1
23,4.45,0,0.55,1,0,0.42,1,1,0.12,5,0,0
53,6.93,1,0.4,1,1,0.78,1,12,0.98,5,1,1
53,3.43,0,0.28,0,0,0.84,1,3,0.06,1,0,0
445,2.54,0,0.28,1,0,0.55,1,1,0.01,1,0,0
3306,1.05,0,0.37,0,0,0.73,1,2,0.24,2,0,0
53,8.43,1,0.4,5,0,0.69,0,7,0.14,2,1,1
3389,1.45,0,0.43,0,0,0.88,1,1,0.21,1,0,0
80,9.91,1,0.7,5,1,0.86,0,6,0.76,3,1,1
25,6.71,0,0.6,2,0,0.59,0,14,0.25,2,1,1
22,8.89,1,0.55,2,1,0.8,1,2,0.53,1,0,1
80,1.22,1,0.41,1,0,0.3,1,3,0.25,1,0,0
21,4.94,1,0.9,0,0,0.84,1,17,0.56,4,0,1
21,5.21,0,0.9,5,0,0.92,1,20,0.32,3,1,1
23,3.7,0,0.53,0,0,0.46,1,2,0.17,2,0,0
3389,8.12,1,0.85,1,0,0.92,0,0,0.29,0,1,1
143,3.91,0,0.32,0,0,0.89,1,1,0.15,3,0,0
3389,3.85,0,0.55,1,0,0.34,1,0,0.02,5,0,0
3306,9.4,1,0.8,1,1,0.87,0,14,0.71,1,0,1
25,2.73,1,0.34,1,0,0.53,1,3,0.01,4,0,0
21,3.19,0,0.41,0,0,0.41,1,2,0.04,5,0,0
110,3.26,0,0.29,1,0,0.81,1,3,0.23,4,0,0
53,8.51,0,0.4,0,1,0.48,1,16,0.46,1,0,1
21,6.52,1,0.9,2,0,0.76,0,0,0.15,3,1,1
21,1.82,0,0.45,0,0,0.38,1,2,0.23,5,0,0
110,2.2,1,0.36,0,0,0.82,1,3,0.03,4,0,0
445,8.24,1,0.9,1,0,0.7,0,9,0.6,3,0,1
139,8.26,1,0.8,3,0,0.43,1,17,0.85,1,1,1
80,7.23,0,0.7,0,1,0.72,1,2,0.58,3,0,1
53,3.55,1,0.4,1,0,0.63,0,16,0.97,4,0,1
139,4.92,0,0.8,1,0,0.97,0,16,0.39,3,1,1
3306,9.89,0,0.8,2,1,0.91,0,14,0.73,3,1,1
80,7.56,1,0.7,0,0,0.55,0,11,0.67,1,1,1
80,6.76,0,0.7,4,0,0.83,0,20,0.31,3,0,1
22,0.23,0,0.36,1,0,0.72,1,3,0.04,3,0,0
143,0.84,0,0.29,0,0,0.75,1,2,0.17,1,0,0
445,5.51,0,0.9,1,1,0.98,1,2,0.28,4,1,1
22,2.97,1,0.36,1,0,0.35,1,2,0.13,5,0,0
445,7.95,1,0.9,0,1,0.77,0,11,0.45,4,0,1
139,6.52,1,0.8,3,0,0.54,1,10,0.26,1,1,1
3389,1.17,0,0.5,1,0,0.72,1,1,0.12,1,0,0
3306,3.51,1,0.27,1,0,0.85,1,2,0.24,5,0,0
53,6.68,0,0.4,0,1,0.82,0,4,0.5,4,0,1
25,3.14,0,0.29,1,0,0.67,1,2,0.04,5,0,0
3306,0.56,0,0.45,1,0,0.48,1,2,0.18,2,0,0
21,1.5,0,0.29,1,0,0.31,1,1,0.1,5,0,0
3389,7.58,1,0.85,3,0,0.65,1,20,0.65,0,1,1
53,3.28,1,0.25,1,0,0.58,1,0,0.22,5,0,0
443,0.09,1,0.45,1,0,0.32,1,0,0.08,3,0,0
445,5.39,1,0.9,3,0,0.34,1,8,0.71,3,1,1
80,0.84,0,0.47,1,0,0.73,1,1,0.17,5,0,0
110,0.51,0,0.26,1,0,0.52,1,2,0.13,3,0,0
3306,1.63,1,0.32,0,0,0.76,1,0,0.25,4,0,0
22,4.23,0,0.35,0,0,0.31,1,3,0.14,3,0,0
53,0.69,0,0.24,1,0,0.43,1,2,0.04,1,0,0
110,7.56,0,0.6,3,1,0.3,0,16,0.85,0,0,1
23,0.25,1,0.62,1,0,0.64,1,2,0.13,2,0,0
53,0.23,0,0.21,0,0,0.82,1,1,0.14,1,0,0
21,4.38,0,0.48,1,0,0.7,1,1,0.18,5,0,0
80,6.48,0,0.7,3,1,0.64,0,14,0.42,5,1,1
139,7.86,0,0.8,1,1,0.85,0,20,0.65,1,0,1
53,9.54,0,0.4,4,1,0.46,0,6,0.48,1,0,1
110,1.43,0,0.25,1,0,0.33,1,1,0.05,5,0,0
23,1.38,0,0.69,1,0,0.37,1,1,0.23,2,0,0
25,8.19,1,0.6,2,1,0.36,1,6,0.6,1,0,1
445,5.4,0,0.9,3,1,0.78,0,4,0.94,5,0,1
445,1.24,1,0.33,0,0,0.36,1,0,0.05,3,0,0
3389,4.86,1,0.32,1,0,0.35,1,2,0.16,1,0,0
3389,8.8,1,0.85,3,1,0.38,1,4,0.48,4,0,1
3306,2.12,0,0.37,1,0,0.47,1,0,0.08,2,0,0
25,5.99,0,0.6,0,1,0.76,0,20,0.22,0,0,1
3306,0.43,0,0.52,1,0,0.56,1,3,0.07,2,0,0
139,1.61,0,0.48,0,0,0.41,1,2,0.1,5,0,0
22,9.19,1,0.55,4,1,0.97,1,11,0.13,2,1,1
110,8.7,1,0.6,3,0,0.4,1,14,0.21,3,0,1
80,9.03,0,0.7,4,1,0.67,0,6,0.97,4,1,1
80,7.32,1,0.7,0,0,0.78,0,1,0.58,4,1,1
23,3.94,1,0.57,1,0,0.38,1,2,0.16,3,0,0
53,2.86,0,0.23,1,0,0.32,1,3,0.13,2,0,0
53,9.56,1,0.4,2,0,0.4,1,8,0.88,1,0,1
21,8.78,1,0.9,0,0,0.58,0,13,0.85,2,0,1
25,3.6,1,0.6,0,0,0.45,0,20,0.32,5,0,1
3389,8.76,1,0.85,4,0,0.79,1,15,0.85,2,1,1
443,0.98,0,0.43,1,0,0.68,1,0,0.04,4,0,0
23,4.3,0,0.48,1,0,0.56,1,3,0.22,3,0,0
443,4.15,0,0.26,0,0,0.34,1,0,0.14,5,0,0
110,9.54,1,0.6,0,1,0.57,1,5,0.18,4,1,1
3306,8.24,1,0.8,5,1,0.88,0,14,0.58,5,1,1
22,3.72,0,0.33,1,0,0.56,1,1,0.08,5,0,0
143,2.74,1,0.24,0,0,0.42,1,2,0.25,4,0,0
53,9.43,1,0.4,4,0,0.46,0,3,0.44,1,0,1
143,2.99,0,0.39,1,0,0.7,1,2,0.17,3,0,0
139,5.16,0,0.8,0,1,0.67,0,17,0.35,2,1,1
3389,1.64,0,0.41,0,0,0.34,1,2,0.05,4,0,0
139,1.94,0,0.3,1,0,0.59,1,2,0.24,1,0,0
22,9.83,1,0.55,4,0,0.81,1,9,0.37,0,0,1
139,6.25,1,0.8,3,1,0.64,0,12,0.89,2,1,1
21,8.71,1,0.9,0,1,0.81,0,9,0.8,5,1,1
443,3.0,1,0.34,1,0,0.47,1,1,0.01,1,0,0
53,2.39,0,0.28,0,0,0.37,1,1,0.21,2,0,0
110,5.43,0,0.6,3,1,0.94,0,1,0.97,1,1,1
139,9.44,1,0.8,0,1,0.72,1,17,0.6,0,1,1
3389,9.34,0,0.85,2,1,0.52,0,2,0.41,3,1,1
3389,6.3,1,0.85,4,0,0.59,0,7,0.38,0,0,1
143,9.62,1,0.6,1,1,0.65,0,9,0.83,1,1,1
443,1.7,1,0.45,0,0,0.88,1,2,0.04,4,0,0
3306,3.79,0,0.33,1,0,0.34,1,2,0.15,1,0,0
139,9.01,0,0.8,2,0,0.31,0,20,0.41,0,0,1
3306,4.27,1,0.33,1,0,0.76,1,1,0.1,5,0,0
80,4.37,0,0.36,0,0,0.34,1,1,0.12,5,0,0
21,2.24,1,0.49,1,0,0.65,1,2,0.15,2,0,0
3389,3.01,0,0.38,1,0,0.75,1,0,0.0,3,0,0
139,5.35,1,0.8,5,1,0.43,0,9,0.85,3,0,1
80,6.49,0,0.7,0,0,0.3,0,12,0.42,0,1,1
3306,3.1,0,0.41,1,0,0.44,1,2,0.03,5,0,0
3389,0.01,0,0.44,1,0,0.49,1,2,0.07,2,0,0
80,3.76,1,0.7,0,0,0.33,0,0,0.7,1,1,1
110,4.77,0,0.3,0,0,0.39,1,3,0.23,2,0,0
139,5.15,0,0.8,4,1,0.45,0,3,0.72,1,0,1
139,6.18,0,0.8,0,0,0.3,0,11,0.36,4,0,1
80,1.47,0,0.26,1,0,0.35,1,2,0.17,4,0,0
53,0.87,0,0.2,1,0,0.4,1,3,0.18,3,0,0
25,2.2,0,0.34,1,0,0.35,1,0,0.14,3,0,0
445,1.48,0,0.29,0,0,0.55,1,1,0.19,3,0,0
53,0.34,1,0.26,1,0,0.73,1,0,0.19,1,0,0
21,5.78,1,0.9,3,1,0.91,0,16,0.39,2,1,1
110,7.55,1,0.6,0,0,0.39,1,11,0.93,3,1,1
21,9.71,0,0.9,3,0,0.78,0,14,0.83,2,0,1
25,2.77,0,0.41,1,0,0.37,1,0,0.15,3,0,0
3389,3.49,0,0.41,1,0,0.48,1,3,0.16,4,0,0
139,3.85,0,0.34,0,0,0.85,1,2,0.15,1,0,0
80,1.93,0,0.49,0,0,0.75,1,1,0.17,2,0,0
53,4.56,0,0.4,0,0,0.76,1,19,0.38,3,0,1
25,8.3,1,0.6,4,0,0.6,0,14,0.5,0,1,1
25,7.29,1,0.6,1,0,0.57,0,2,0.96,1,1,1
21,6.4,1,0.9,4,1,0.83,0,15,0.5,5,1,1
110,8.65,1,0.6,5,1,0.8,0,7,0.37,0,0,1
443,9.34,1,0.65,1,0,0.47,0,0,0.96,1,1,1
25,8.06,1,0.6,4,0,0.72,1,4,0.91,0,1,1
23,4.14,0,0.58,1,0,0.57,1,0,0.15,3,0,0
110,3.01,0,0.23,0,0,0.63,1,0,0.17,5,0,0
25,8.66,1,0.6,0,1,0.54,0,10,0.65,2,0,1
25,4.86,1,0.33,1,0,0.36,1,0,0.12,5,0,0
443,4.2,0,0.36,1,0,0.46,1,0,0.15,1,0,0
3389,9.54,0,0.85,1,1,0.53,0,16,0.7,2,1,1
443,9.63,1,0.65,1,1,0.51,1,1,0.25,4,0,1
80,6.24,1,0.7,5,1,0.73,0,2,0.42,1,0,1
25,5.71,0,0.6,4,1,0.83,0,20,0.91,4,0,1
139,5.45,0,0.8,2,0,0.86,1,11,0.44,1,0,1
110,6.18,0,0.6,1,1,0.54,1,19,0.44,0,0,1
23,2.76,1,0.52,0,0,0.48,1,1,0.04,2,0,0
3389,6.64,1,0.85,0,1,0.56,1,19,0.81,5,0,1
139,6.49,1,0.8,0,0,0.84,1,4,0.61,5,1,1
3306,9.34,1,0.8,3,0,0.69,1,6,0.61,4,1,1
110,7.76,1,0.6,3,1,0.63,1,10,0.34,4,1,1
139,6.48,1,0.8,2,1,0.81,0,7,0.32,2,1,1
443,1.36,0,0.37,0,0,0.7,1,2,0.23,4,0,0
23,8.68,0,1.0,0,1,0.36,0,17,0.43,5,0,1
25,5.38,1,0.6,0,1,0.4,1,7,0.34,3,1,1
3389,8.27,0,0.85,4,1,0.38,1,6,0.91,2,0,1
53,9.66,0,0.4,2,0,0.42,1,10,0.36,5,1,1
143,3.78,0,0.41,0,0,0.49,1,1,0.12,4,0,0
3306,7.9,1,0.8,1,1,0.83,0,11,0.42,2,1,1
23,1.61,0,0.32,1,0,0.46,1,2,0.02,2,0,0
445,8.69,1,0.9,4,1,0.37,1,4,0.56,1,0,1
3389,2.95,0,0.36,0,0,0.62,1,1,0.02,5,0,0
22,5.85,1,0.55,5,0,0.79,1,15,0.36,1,0,1
3306,9.7,1,0.8,5,1,0.47,1,10,0.68,5,1,1
23,4.1,0,0.5,1,0,0.85,1,3,0.24,1,0,0
23,5.04,0,1.0,2,1,0.5,1,16,0.69,3,0,1
53,3.25,1,0.22,0,0,0.81,1,2,0.03,4,0,0
53,3.91,0,0.23,1,0,0.35,1,3,0.02,5,0,0
139,4.53,1,0.51,1,0,0.43,1,3,0.02,4,0,0
443,3.29,1,0.44,1,0,0.43,1,2,0.06,4,0,0
21,1.62,1,0.51,1,0,0.58,1,2,0.1,2,0,0
3306,4.53,0,0.35,1,0,0.87,1,3,0.24,2,0,0
110,2.19,0,0.37,1,0,0.78,1,3,0.18,5,0,0
110,8.95,1,0.6,0,1,0.47,1,18,0.34,5,1,1
143,1.46,0,0.22,1,0,0.41,1,2,0.2,4,0,0
25,8.37,1,0.6,4,0,0.71,1,14,0.41,0,1,1
80,6.48,1,0.7,4,0,0.44,0,18,0.82,2,1,1
139,3.13,0,0.26,1,0,0.64,1,1,0.21,5,0,0
80,0.74,0,0.41,0,0,0.46,1,1,0.24,1,0,0
23,1.07,0,0.3,0,0,0.64,1,1,0.08,5,0,0
23,0.29,0,0.32,0,0,0.31,1,0,0.12,4,0,0
23,0.15,1,0.63,1,0,0.85,1,0,0.19,5,0,0
22,0.42,0,0.17,1,0,0.62,1,0,0.25,5,0,0
445,7.27,1,0.9,5,1,0.93,0,7,0.88,5,1,1
445,0.47,0,0.62,1,0,0.81,1,2,0.06,5,0,0
22,1.92,0,0.32,0,0,0.56,1,0,0.15,5,0,0
110,0.47,0,0.25,1,0,0.84,1,1,0.01,1,0,0
53,5.06,1,0.4,4,1,0.38,1,12,0.21,0,0,1
443,1.33,1,0.29,0,0,0.41,1,2,0.02,5,0,0
443,1.58,0,0.36,1,0,0.9,1,1,0.15,5,0,0
80,5.14,1,0.7,3,0,0.37,1,8,0.62,0,0,1
22,1.8,0,0.28,0,0,0.58,1,1,0.11,1,0,0
443,5.46,1,0.65,5,1,0.74,1,8,0.17,1,0,1
3389,0.51,0,0.48,1,0,0.7,1,0,0.17,4,0,0
3389,9.17,1,0.85,1,0,0.44,0,16,0.99,4,0,1
143,8.65,0,0.6,5,1,0.77,1,19,0.92,4,0,1
139,8.17,1,0.8,1,0,0.75,1,2,0.23,0,0,1
25,7.26,1,0.6,3,0,0.75,1,19,0.54,4,1,1
443,2.24,0,0.34,0,0,0.35,1,0,0.03,4,0,0
110,1.21,1,0.33,1,0,0.76,1,2,0.14,5,0,0
3389,9.01,1,0.85,1,0,0.93,0,4,0.58,3,1,1
80,7.84,0,0.7,1,1,0.41,1,19,0.67,4,1,1
445,5.83,1,0.9,1,1,0.72,1,11,0.74,2,1,1
22,6.19,1,0.55,2,1,0.45,1,6,0.2,0,0,1
25,3.15,0,0.28,0,0,0.68,1,0,0.24,5,0,0
110,7.3,1,0.6,2,1,0.57,0,10,0.97,2,1,1
139,0.71,1,0.41,1,0,0.49,1,1,0.08,1,0,0
80,1.65,1,0.25,0,0,0.83,1,3,0.01,2,0,0
22,9.17,0,0.55,5,1,0.76,1,17,0.68,3,1,1
443,6.52,1,0.65,0,1,0.81,0,16,0.81,2,0,1
443,3.73,1,0.35,0,0,0.75,1,3,0.13,5,0,0
25,9.71,1,0.6,3,1,0.61,0,12,0.23,1,1,1
3306,2.12,0,0.37,1,0,0.84,1,0,0.22,1,0,0
443,1.81,0,0.31,1,0,0.41,1,0,0.06,1,0,0
22,6.26,1,0.55,4,1,0.94,0,9,0.66,2,0,1
21,3.92,0,0.9,4,0,0.48,0,3,0.35,3,0,1
110,8.12,1,0.6,4,1,0.43,0,17,0.88,4,1,1
3389,1.65,0,0.57,0,0,0.84,1,1,0.1,1,0,0
445,9.92,0,0.9,1,1,0.64,0,5,0.16,1,1,1
443,7.54,1,0.65,1,1,0.78,0,5,0.19,5,1,1
443,0.22,0,0.31,1,0,0.6,1,1,0.05,3,0,0
23,4.24,1,0.42,0,0,0.68,1,3,0.07,3,0,0
139,7.07,0,0.8,4,1,0.38,1,4,0.35,5,1,1
143,8.33,0,0.6,3,0,0.88,1,18,0.59,4,0,1
23,7.05,0,1.0,4,0,0.99,0,16,0.13,0,0,1
25,3.53,0,0.6,5,0,0.62,0,4,0.92,4,1,1
143,4.82,1,0.34,0,0,0.58,1,0,0.03,4,0,0
139,9.24,1,0.8,0,1,0.43,0,15,0.16,0,1,1
3306,9.15,1,0.8,0,1,0.97,0,14,0.98,4,0,1
3389,1.09,0,0.31,0,0,0.9,1,0,0.16,2,0,0
80,0.59,1,0.31,0,0,0.88,1,0,0.2,5,0,0
23,8.23,1,1.0,2,0,0.49,0,2,0.41,4,1,1
3306,4.7,0,0.37,0,0,0.31,1,2,0.25,4,0,0
443,6.58,1,0.65,1,1,0.37,0,4,0.35,3,1,1
3389,4.4,1,0.28,1,0,0.56,1,3,0.01,4,0,0
80,0.62,0,0.3,1,0,0.88,1,0,0.23,2,0,0
23,3.45,1,0.69,1,0,0.59,1,0,0.01,4,0,0
139,5.2,1,0.8,5,0,0.91,0,10,0.57,5,0,1
110,9.99,0,0.6,1,1,0.89,1,19,0.9,3,1,1
3306,0.15,0,0.55,1,0,0.74,1,3,0.08,3,0,0
80,2.6,0,0.37,0,0,0.39,1,2,0.01,1,0,0
110,7.46,1,0.6,3,0,0.58,1,13,0.37,4,1,1
143,4.25,0,0.34,0,0,0.39,1,0,0.06,5,0,0
443,2.18,0,0.29,0,0,0.4,1,2,0.25,2,0,0
3306,5.64,1,0.8,0,0,0.69,0,17,0.64,2,1,1
110,3.78,1,0.24,1,0,0.39,1,3,0.25,3,0,0
445,7.85,0,0.9,0,1,0.86,1,13,0.42,4,0,1
23,1.15,0,0.43,1,0,0.87,1,0,0.12,4,0,0
25,8.83,1,0.6,0,1,0.54,1,5,0.44,5,0,1
21,4.25,0,0.39,1,0,0.77,1,3,0.08,1,0,0
139,5.89,1,0.8,4,1,0.79,1,16,0.34,3,0,1
139,5.77,1,0.8,2,1,0.46,1,6,0.97,3,1,1
443,4.03,0,0.41,0,0,0.75,1,1,0.09,2,0,0
23,3.04,1,0.38,1,0,0.72,1,0,0.04,3,0,0
21,4.58,0,0.62,0,0,0.44,1,3,0.02,4,0,0
443,9.21,1,0.65,0,1,0.89,0,6,0.16,2,0,1
23,3.91,0,0.35,0,0,0.69,1,0,0.01,1,0,0
445,6.98,0,0.9,1,1,0.93,1,16,0.46,5,1,1
443,9.63,1,0.65,4,1,0.38,0,19,0.19,1,1,1
143,4.03,0,0.39,1,0,0.45,1,0,0.04,1,0,0
110,6.86,1,0.6,2,1,0.62,0,19,0.72,0,1,1
443,9.3,0,0.65,2,0,0.71,1,1,0.2,4,0,1
3389,2.46,0,0.29,1,0,0.73,1,0,0.21,3,0,0
3306,8.58,0,0.8,5,1,0.46,1,12,0.85,2,1,1
80,2.06,0,0.41,0,0,0.63,1,0,0.24,2,0,0
443,8.43,0,0.65,2,1,0.51,1,5,0.16,3,1,1
139,2.08,1,0.5,1,0,0.48,1,1,0.04,4,0,0
3306,8.63,1,0.8,5,0,0.76,0,18,0.76,2,0,1
23,4.12,1,0.57,0,0,0.85,1,0,0.1,3,0,0
53,2.23,1,0.22,1,0,0.42,1,0,0.1,3,0,0
22,3.03,0,0.2,0,0,0.89,1,2,0.25,2,0,0
23,4.38,1,0.4,0,0,0.57,1,0,0.08,3,0,0
139,4.55,1,0.8,0,0,0.47,0,18,0.63,1,0,1
143,0.76,0,0.34,1,0,0.58,1,3,0.21,5,0,0
80,2.16,0,0.47,1,0,0.75,1,3,0.23,4,0,0
22,6.43,0,0.55,5,1,0.46,0,2,0.76,0,0,1
143,3.94,1,0.6,2,0,1.0,0,13,0.98,5,0,1
25,3.19,0,0.31,1,0,0.52,1,0,0.09,1,0,0
143,4.22,0,0.21,0,0,0.56,1,0,0.15,1,0,0
3306,8.51,1,0.8,0,1,0.39,0,10,0.51,1,0,1
143,6.9,1,0.6,0,1,0.69,0,13,0.79,5,0,1
25,0.42,1,0.19,0,0,0.51,1,1,0.01,2,0,0
139,2.48,1,0.49,0,0,0.75,1,1,0.11,2,0,0
445,2.51,0,0.37,1,0,0.61,1,3,0.23,3,0,0
143,7.32,1,0.6,5,0,0.39,0,20,0.87,3,0,1
21,1.53,1,0.37,0,0,0.59,1,0,0.22,3,0,0
22,9.75,1,0.55,5,1,0.92,0,18,0.32,0,1,1
110,1.85,0,0.25,1,0,0.46,1,1,0.0,1,0,0
143,0.24,0,0.39,0,0,0.53,1,2,0.13,4,0,0
445,5.7,1,0.9,2,1,0.67,1,20,0.58,1,0,1
21,3.31,0,0.48,0,0,0.86,1,0,0.12,5,0,0
22,7.6,1,0.55,5,0,0.41,0,17,0.47,1,0,1
53,7.97,1,0.4,2,1,0.73,1,14,0.62,2,0,1
80,6.6,1,0.7,4,1,0.71,1,17,0.99,5,1,1
80,1.65,0,0.38,1,0,0.42,1,0,0.21,3,0,0
80,1.14,0,0.29,0,0,0.71,1,1,0.18,2,0,0
143,2.87,0,0.27,0,0,0.62,1,0,0.07,4,0,0
80,8.38,0,0.7,4,1,0.53,0,4,0.19,4,0,1
25,3.71,0,0.31,0,0,0.83,1,1,0.05,5,0,0
445,3.34,0,0.48,1,0,0.55,1,3,0.03,1,0,0
22,8.02,0,0.55,2,1,0.94,1,15,0.52,0,0,1
25,7.3,1,0.6,5,0,0.93,1,19,0.67,2,0,1
21,4.42,1,0.6,0,0,0.63,1,0,0.24,2,0,0
443,1.07,0,0.45,0,0,0.59,1,2,0.21,4,0,0
53,4.29,0,0.17,1,0,0.85,1,3,0.11,2,0,0
23,0.2,1,0.62,0,0,0.5,1,2,0.1,2,0,0
22,2.46,1,0.17,0,0,0.7,1,0,0.19,3,0,0
110,1.22,1,0.35,0,0,0.48,1,0,0.17,2,0,0
3306,7.51,1,0.8,1,0,0.7,1,15,0.82,3,0,1
443,7.27,1,0.65,0,1,0.48,1,17,0.2,0,1,1
25,9.52,1,0.6,3,1,0.93,0,6,0.27,4,1,1
21,2.25,0,0.41,0,0,0.86,1,2,0.24,3,0,0
22,0.93,0,0.22,0,0,0.8,1,0,0.02,5,0,0
445,5.84,1,0.9,0,1,0.82,1,18,0.44,4,1,1
143,4.63,1,0.6,0,0,0.39,1,7,0.63,0,0,1
445,8.64,1,0.9,2,1,0.97,1,1,0.23,0,1,1
3389,3.56,0,0.43,1,0,0.65,1,0,0.13,4,0,0
110,1.39,0,0.26,0,0,0.53,1,1,0.03,2,0,0
80,8.68,1,0.7,0,0,0.46,1,18,0.55,4,1,1
143,0.32,0,0.33,1,0,0.41,1,3,0.13,4,0,0
3306,1.92,0,0.46,0,0,0.33,1,2,0.21,2,0,0
445,8.3,1,0.9,1,1,0.63,0,15,0.13,1,1,1
23,7.97,1,1.0,0,1,0.72,1,16,0.6,4,1,1
23,7.38,0,1.0,1,1,0.69,1,18,0.21,1,0,1
445,0.56,1,0.54,0,0,0.52,1,2,0.05,3,0,0
3306,1.36,0,0.25,1,0,0.57,1,2,0.2,3,0,0
23,4.43,1,0.63,0,0,0.84,1,0,0.02,4,0,0
23,3.62,0,0.43,0,0,0.46,1,3,0.19,5,0,0
21,8.78,1,0.9,2,1,0.88,0,1,0.27,5,0,1
53,2.0,0,0.18,0,0,0.84,1,3,0.11,3,0,0
3306,8.77,0,0.8,4,0,0.67,1,18,0.6,1,1,1
445,2.36,0,0.52,1,0,0.65,1,3,0.05,5,0,0
445,4.15,0,0.34,0,0,0.78,1,2,0.2,2,0,0
143,9.62,1,0.6,2,0,0.79,1,10,0.53,4,1,1
80,6.09,0,0.7,2,0,0.7,1,9,0.86,1,0,1
23,9.2,0,1.0,2,0,0.77,0,4,0.91,1,0,1
3306,8.75,1,0.8,3,1,0.97,0,11,0.28,5,1,1
443,6.73,1,0.65,0,1,0.41,0,16,0.41,1,0,1
3389,6.98,0,0.85,2,0,0.74,1,14,0.24,2,1,1
443,2.56,0,0.33,1,0,0.32,1,1,0.23,3,0,0
23,9.22,1,1.0,2,0,0.92,1,13,0.37,5,1,1
25,3.89,0,0.2,1,0,0.62,1,0,0.15,3,0,0
139,7.65,1,0.8,1,0,0.92,1,19,0.31,5,0,1
443,4.64,0,0.3,1,0,0.83,1,2,0.07,2,0,0
139,4.19,0,0.32,0,0,0.32,1,2,0.05,4,0,0
23,8.64,1,1.0,2,1,0.33,0,19,0.61,2,1,1
445,9.89,1,0.9,5,1,0.66,0,19,0.68,5,1,1
22,3.35,0,0.23,1,0,0.66,1,2,0.07,3,0,0
443,3.55,0,0.38,1,0,0.6,1,3,0.14,5,0,0
22,8.69,1,0.55,4,1,0.48,0,17,0.49,2,1,1
22,3.2,0,0.18,1,0,0.56,1,0,0.07,2,0,0
143,9.97,1,0.6,1,1,0.46,1,7,0.38,2,1,1
143,9.24,0,0.6,2,0,0.86,1,11,0.48,2,1,1
80,0.15,0,0.38,1,0,0.8,1,0,0.1,2,0,0
21,7.36,1,0.9,0,1,0.68,0,6,0.76,3,1,1
23,8.44,0,1.0,1,1,0.35,0,15,0.92,3,0,1
443,9.62,1,0.65,1,1,0.61,1,2,0.84,5,1,1
139,5.73,1,0.8,3,0,0.87,1,5,0.37,0,1,1
21,0.88,0,0.34,1,0,0.82,1,1,0.11,2,0,0
3306,5.17,1,0.8,2,1,0.48,1,10,0.58,2,0,1
80,1.57,1,0.47,1,0,0.55,1,0,0.25,3,0,0
21,3.99,1,0.53,0,0,0.52,1,3,0.14,4,0,0
53,8.04,1,0.4,5,0,0.69,1,13,0.29,4,1,1
80,7.83,0,0.7,3,1,0.6,0,7,0.86,4,0,1
21,6.63,1,0.9,5,1,0.36,1,10,0.45,5,1,1
22,1.54,0,0.36,0,0,0.63,1,2,0.02,4,0,0
110,0.02,0,0.37,1,0,0.8,1,2,0.22,2,0,0
25,5.42,1,0.6,3,1,0.91,0,9,0.76,2,0,1
443,6.19,1,0.65,3,1,0.62,1,3,0.64,0,0,1
22,3.09,0,0.38,1,0,0.56,1,0,0.24,1,0,0
80,2.17,0,0.44,0,0,0.89,1,2,0.03,4,0,0
22,4.27,0,0.28,1,0,0.87,1,0,0.03,3,0,0
23,0.19,0,0.34,0,0,0.72,1,1,0.19,5,0,0
3389,8.98,1,0.85,3,0,0.68,0,18,0.82,2,1,1
3389,2.52,0,0.38,0,0,0.38,1,3,0.22,1,0,0
110,3.94,1,0.2,1,0,0.43,1,1,0.09,1,0,0
445,7.34,0,0.9,4,0,0.31,1,10,0.84,0,1,1
25,3.99,1,0.6,1,0,0.76,0,1,0.66,0,0,1
139,0.17,1,0.34,0,0,0.54,1,1,0.14,3,0,0
445,6.61,0,0.9,5,0,0.44,1,6,0.75,3,1,1
80,6.23,0,0.7,1,1,0.89,0,1,0.85,1,1,1
22,2.95,0,0.24,1,0,0.79,1,2,0.15,2,0,0
53,0.16,0,0.24,0,0,0.44,1,0,0.05,1,0,0
23,7.56,1,1.0,2,1,0.76,1,10,0.84,4,1,1
25,2.45,1,0.4,0,0,0.76,1,3,0.05,4,0,0
443,1.98,0,0.34,1,0,0.47,1,2,0.18,2,0,0
25,9.65,1,0.6,1,1,0.32,0,20,0.25,0,1,1
110,7.62,1,0.6,2,1,0.82,0,11,0.8,0,0,1
23,0.41,0,0.53,0,0,0.69,1,3,0.04,5,0,0
443,4.86,0,0.23,0,0,0.41,1,2,0.02,2,0,0
139,1.72,1,0.29,1,0,0.39,1,2,0.13,2,0,0
3306,9.5,1,0.8,1,1,0.91,0,14,0.33,2,1,1
21,6.82,1,0.9,0,1,0.79,0,3,0.65,4,0,1
53,9.03,1,0.4,2,1,0.89,1,10,0.87,3,1,1
3306,6.13,0,0.8,2,1,0.81,0,7,0.37,0,0,1
445,4.62,0,0.32,0,0,0.8,1,0,0.22,5,0,0
445,7.29,1,0.9,0,1,0.79,1,3,0.42,1,0,1
139,6.86,1,0.8,4,0,0.37,1,14,0.2,4,0,1
21,8.43,0,0.9,4,1,0.88,0,5,0.94,0,1,1
53,0.89,1,0.18,1,0,0.76,1,1,0.02,5,0,0
139,4.6,1,0.28,0,0,0.58,1,3,0.04,5,0,0
3306,2.3,0,0.29,1,0,0.3,1,1,0.22,3,0,0
21,7.72,1,0.9,3,1,0.76,0,12,0.45,4,1,1
53,4.06,1,0.27,1,0,0.46,1,3,0.01,4,0,0
53,7.12,1,0.4,4,1,0.93,0,18,0.91,3,1,1
25,6.11,0,0.6,1,0,0.95,1,0,0.65,0,0,1
80,3.54,0,0.4,0,0,0.73,1,0,0.14,5,0,0
3389,0.9,0,0.42,0,0,0.84,1,2,0.16,4,0,0
139,6.64,1,0.8,2,1,0.97,1,9,0.88,1,1,1
443,7.18,1,0.65,3,1,0.85,0,10,0.43,4,1,1
110,0.96,1,0.22,0,0,0.63,1,1,0.15,2,0,0
22,2.28,0,0.25,0,0,0.75,1,1,0.18,3,0,0
23,8.3,1,1.0,4,1,0.43,1,9,0.18,3,0,1
23,9.76,1,1.0,0,1,0.4,0,4,0.32,3,0,1
21,8.49,0,0.9,3,0,0.47,0,6,0.51,0,0,1
139,9.98,0,0.8,5,1,0.99,1,5,0.3,1,0,1
3389,6.99,1,0.85,2,1,0.64,0,11,0.67,0,1,1
3306,5.38,1,0.8,4,1,1.0,1,11,0.67,1,1,1
21,2.53,0,0.32,0,0,0.87,1,3,0.13,4,0,0
443,5.45,1,0.65,2,1,0.73,1,14,0.18,4,1,1
3389,9.4,0,0.85,0,0,0.71,0,2,0.6,4,0,1
139,4.65,1,0.8,2,0,0.92,0,15,0.49,2,1,1
21,7.55,1,0.9,5,1,0.68,1,16,0.75,5,0,1
25,7.13,1,0.6,3,1,0.97,1,14,0.19,1,1,1
53,8.38,1,0.4,4,1,0.83,0,19,0.39,1,0,1
143,1.14,0,0.36,0,0,0.73,1,3,0.04,2,0,0
53,2.45,0,0.15,1,0,0.53,1,3,0.2,3,0,0
22,3.36,0,0.35,1,0,0.34,1,0,0.05,3,0,0
25,0.08,0,0.34,1,0,0.56,1,0,0.02,4,0,0
443,3.5,1,0.21,1,0,0.31,1,3,0.12,1,0,0
3306,9.69,0,0.8,0,1,0.7,1,17,0.96,1,0,1
21,3.63,1,0.9,0,0,0.65,1,1,0.24,2,0,1
23,1.68,0,0.64,1,0,0.38,1,1,0.01,2,0,0
80,1.09,0,0.27,1,0,0.53,1,1,0.12,4,0,0
25,3.39,0,0.41,1,0,0.76,1,3,0.15,2,0,0
143,5.55,1,0.6,0,1,0.45,1,14,0.47,5,0,1
21,0.29,1,0.38,1,0,0.83,1,2,0.05,1,0,0
143,8.61,1,0.6,0,0,0.5,1,12,0.46,5,0,1
139,7.28,1,0.8,2,1,0.69,0,18,0.85,2,0,1
21,4.37,1,0.9,0,0,0.45,0,7,0.12,1,1,1
25,0.81,0,0.27,1,0,0.88,1,2,0.19,1,0,0
139,3.68,0,0.25,0,0,0.75,1,0,0.23,5,0,0
80,0.37,0,0.3,1,0,0.55,1,0,0.02,4,0,0
139,6.46,0,0.8,1,1,0.86,0,1,0.43,4,0,1
3306,5.98,1,0.8,5,0,0.42,0,6,0.6,2,1,1
110,0.99,0,0.31,1,0,0.33,1,3,0.04,4,0,0
22,7.22,1,0.55,5,0,0.51,1,8,0.11,5,0,1
22,1.92,1,0.17,1,0,0.46,1,3,0.22,5,0,0
25,0.14,1,0.33,0,0,0.61,1,0,0.01,1,0,0
53,0.16,1,0.13,0,0,0.47,1,1,0.07,2,0,0
3389,8.66,1,0.85,3,1,0.48,1,17,0.71,1,0,1
445,2.37,1,0.54,1,0,0.37,1,0,0.11,1,0,0
21,0.96,0,0.59,0,0,0.32,1,0,0.09,4,0,0
80,3.3,0,0.47,1,0,0.89,1,3,0.22,5,0,0
23,3.23,0,0.38,0,0,0.65,1,0,0.13,4,0,0
23,1.36,0,0.7,0,0,0.65,1,3,0.05,4,0,0
22,4.71,1,0.3,0,0,0.46,1,1,0.12,2,0,0
139,9.08,0,0.8,4,0,0.93,0,19,0.2,4,1,1
25,0.79,1,0.24,0,0,0.42,1,1,0.25,2,0,0
3306,5.53,1,0.8,0,0,0.92,0,20,0.81,2,1,1
53,1.14,1,0.19,0,0,0.75,1,2,0.16,1,0,0
22,4.01,1,0.55,0,0,0.46,1,6,0.48,1,1,1
25,3.75,1,0.6,3,0,0.71,0,17,0.75,0,1,1
139,6.84,1,0.8,2,0,0.93,0,19,0.41,1,1,1
23,8.62,1,1.0,2,0,0.35,0,7,0.9,4,0,1
23,9.82,1,1.0,2,0,0.41,0,5,0.72,1,1,1
3306,3.36,0,0.26,1,0,0.72,1,1,0.15,4,0,0
110,4.89,0,0.29,0,0,0.74,1,1,0.05,3,0,0
3389,0.2,0,0.38,0,0,0.46,1,3,0.12,2,0,0
25,4.5,1,0.6,3,0,0.35,1,18,0.46,4,1,1
3306,4.08,0,0.48,0,0,0.73,1,0,0.0,4,0,0
110,4.46,0,0.35,1,0,0.85,1,2,0.07,3,0,0
21,6.33,1,0.9,5,0,0.43,0,9,0.38,5,1,1
22,5.69,0,0.55,0,0,0.41,1,1,0.88,4,0,1
80,5.93,1,0.7,5,0,0.78,0,4,0.25,5,1,1
3389,4.12,1,0.41,1,0,0.44,1,2,0.11,3,0,0
143,4.57,1,0.6,5,0,0.46,1,2,0.33,5,1,1
445,4.06,0,0.44,0,0,0.36,1,3,0.03,4,0,0
3306,3.69,1,0.46,0,0,0.49,1,0,0.24,3,0,0
53,2.84,0,0.18,0,0,0.66,1,0,0.13,4,0,0
23,1.72,1,0.5,0,0,0.39,1,3,0.2,2,0,0
143,2.95,0,0.27,1,0,0.54,1,0,0.21,3,0,0
443,2.77,1,0.23,0,0,0.57,1,3,0.01,4,0,0
3306,4.28,1,0.8,5,0,0.39,0,7,0.44,5,0,1
25,5.64,1,0.6,5,1,0.6,1,3,0.21,5,1,1
25,9.82,1,0.6,1,1,0.4,0,17,0.12,0,1,1
22,4.76,0,0.22,1,0,0.78,1,1,0.09,1,0,0
53,3.56,0,0.27,1,0,0.49,1,0,0.19,5,0,0
143,6.24,1,0.6,4,0,0.6,1,8,0.19,1,1,1
80,1.11,1,0.22,1,0,0.42,1,0,0.08,2,0,0
139,5.65,1,0.8,4,0,0.69,0,5,0.33,1,1,1
445,4.07,1,0.56,0,0,0.57,1,3,0.2,1,0,0
25,0.79,0,0.24,1,0,0.55,1,1,0.02,1,0,0
25,6.63,1,0.6,0,0,0.84,0,13,0.47,3,0,1
53,8.13,1,0.4,0,1,0.89,0,19,0.62,4,0,1
21,4.46,0,0.42,1,0,0.84,1,1,0.19,1,0,0
445,0.87,0,0.28,0,0,0.73,1,2,0.2,2,0,0
445,7.53,1,0.9,0,0,1.0,0,2,0.68,4,1,1
3306,2.49,0,0.47,0,0,0.34,1,1,0.06,3,0,0
23,0.94,0,0.31,1,0,0.81,1,0,0.09,1,0,0
110,0.2,1,0.31,1,0,0.63,1,3,0.15,3,0,0
22,3.02,1,0.31,1,0,0.63,1,3,0.08,5,0,0
21,3.13,1,0.37,1,0,0.59,1,0,0.18,2,0,0
3389,3.12,0,0.36,0,0,0.4,1,1,0.02,1,0,0
3389,1.32,1,0.48,0,0,0.42,1,3,0.12,3,0,0
443,3.26,0,0.2,0,0,0.66,1,0,0.0,3,0,0
22,9.37,1,0.55,0,1,0.97,0,9,0.97,0,1,1
23,6.85,1,1.0,5,1,0.3,0,13,0.9,2,0,1
25,8.0,0,0.6,0,1,0.8,1,2,0.92,5,1,1
445,6.85,1,0.9,2,0,0.37,0,9,0.3,1,0,1
21,8.28,1,0.9,4,1,0.75,0,3,0.87,1,1,1
139,1.54,0,0.49,0,0,0.38,1,0,0.02,4,0,0
445,1.81,0,0.39,0,0,0.39,1,0,0.11,3,0,0
445,9.04,1,0.9,0,0,0.31,1,7,0.98,4,0,1
21,8.24,1,0.9,1,1,0.95,0,17,0.26,1,1,1
443,0.54,0,0.32,1,0,0.66,1,2,0.24,1,0,0
25,5.04,1,0.6,4,1,0.92,0,13,0.29,4,0,1
25,2.76,0,0.3,0,0,0.48,1,2,0.19,1,0,0
23,4.14,0,0.35,0,0,0.84,1,0,0.25,3,0,0
139,9.44,0,0.8,1,1,0.61,0,3,0.56,2,0,1
23,4.41,1,1.0,3,0,0.97,0,5,0.48,0,1,1
3389,7.94,0,0.85,0,0,0.74,1,0,0.21,1,1,1
445,3.15,0,0.4,0,0,0.57,1,1,0.15,2,0,0
23,0.55,0,0.31,1,0,0.82,1,1,0.04,1,0,0
445,3.02,0,0.4,1,0,0.51,1,1,0.17,4,0,0
21,5.13,1,0.9,3,0,0.54,1,11,0.73,5,1,1
443,1.04,0,0.2,0,0,0.47,1,1,0.1,3,0,0
25,6.39,1,0.6,1,1,0.65,1,9,0.1,0,1,1
443,5.46,0,0.65,4,1,0.81,0,6,0.78,0,1,1
22,8.58,0,0.55,2,1,0.93,1,8,0.75,5,1,1
110,8.43,0,0.6,5,1,0.57,0,7,0.77,0,0,1
80,5.86,1,0.7,1,0,0.73,1,10,0.45,0,0,1
3389,1.4,1,0.53,1,0,0.49,1,1,0.11,4,0,0
143,1.85,1,0.22,0,0,0.36,1,3,0.04,2,0,0
3306,7.74,1,0.8,1,1,0.36,1,9,0.64,2,0,1
110,1.86,0,0.21,0,0,0.35,1,2,0.16,4,0,0
445,9.72,0,0.9,1,1,0.65,1,17,0.37,0,0,1
110,0.78,0,0.26,0,0,0.57,1,2,0.08,2,0,0
3306,8.22,0,0.8,0,1,0.39,0,12,0.36,0,0,1
139,5.13,0,0.8,1,1,0.55,0,2,0.38,5,0,1
25,0.37,1,0.33,0,0,0.82,1,3,0.11,1,0,0
23,0.86,1,0.42,1,0,0.37,1,3,0.02,5,0,0
143,6.63,1,0.6,1,1,0.34,1,15,0.78,4,0,1
23,2.52,0,0.68,1,0,0.49,1,0,0.13,3,0,0
3306,0.03,1,0.37,1,0,0.37,1,3,0.17,5,0,0
53,7.9,1,0.4,4,1,0.61,0,8,0.65,5,0,1
3306,4.05,1,0.8,4,0,0.65,1,12,0.19,4,1,1
80,1.65,1,0.34,0,0,0.53,1,0,0.11,4,0,0
22,1.18,1,0.2,1,0,0.38,1,3,0.08,5,0,0
143,0.92,0,0.28,1,0,0.33,1,0,0.18,1,0,0
80,2.07,0,0.36,1,0,0.63,1,0,0.03,4,0,0
80,0.01,0,0.37,0,0,0.69,1,3,0.07,5,0,0
21,4.75,1,0.9,1,0,0.97,0,5,0.75,0,1,1
3306,9.95,1,0.8,1,0,0.64,0,2,0.59,3,0,1
25,0.12,0,0.39,1,0,0.87,1,3,0.07,3,0,0
53,0.63,0,0.18,1,0,0.4,1,1,0.12,2,0,0
110,9.54,0,0.6,5,1,0.57,1,7,0.43,2,1,1
143,2.85,0,0.25,1,0,0.38,1,3,0.11,1,0,0
3306,1.3,0,0.34,1,0,0.35,1,1,0.17,3,0,0
23,1.83,0,0.4,0,0,0.88,1,2,0.1,5,0,0
445,4.13,0,0.62,0,0,0.79,1,2,0.24,1,0,0
139,2.37,1,0.32,0,0,0.73,1,0,0.19,4,0,0
80,6.73,1,0.7,0,0,0.58,0,17,0.59,0,1,1
23,5.1,1,1.0,3,0,0.78,1,6,0.95,5,1,1
53,9.47,1,0.4,3,1,0.99,1,13,0.84,0,0,1
21,1.87,0,0.51,1,0,0.79,1,0,0.15,4,0,0
3306,3.57,0,0.41,0,0,0.68,1,0,0.05,3,0,0
143,1.6,1,0.2,0,0,0.38,1,3,0.23,1,0,0
23,4.53,0,0.52,0,0,0.83,1,3,0.23,2,0,0
25,9.9,0,0.6,0,0,0.71,0,3,0.43,5,0,1
110,3.11,0,0.29,0,0,0.41,1,0,0.07,5,0,0
3389,0.47,0,0.59,1,0,0.67,1,2,0.07,3,0,0
21,4.86,0,0.57,0,0,0.34,1,2,0.07,1,0,0
110,4.04,0,0.37,0,0,0.51,1,1,0.18,1,0,0
143,3.77,1,0.6,4,0,0.94,1,15,0.34,3,1,1
3389,3.59,1,0.27,1,0,0.39,1,1,0.06,1,0,0
110,0.97,1,0.29,0,0,0.48,1,0,0.05,2,0,0
3389,4.85,0,0.59,1,0,0.79,1,1,0.11,4,0,0
53,8.94,0,0.4,1,1,0.95,1,4,0.17,3,1,1
53,6.39,1,0.4,5,1,0.9,1,1,0.15,0,1,1
22,1.26,1,0.29,0,0,0.46,1,2,0.07,5,0,0
25,3.72,1,0.24,1,0,0.61,1,3,0.18,1,0,0
23,5.41,1,1.0,5,0,0.46,0,13,0.6,0,1,1
139,8.52,1,0.8,0,1,0.36,1,4,0.45,3,1,1
22,4.1,0,0.38,1,0,0.49,1,3,0.12,2,0,0
445,7.41,0,0.9,0,1,0.55,0,9,0.73,0,0,1
23,6.87,1,1.0,5,1,0.64,0,14,0.27,0,1,1
143,3.51,0,0.21,0,0,0.63,1,0,0.02,5,0,0
143,4.53,1,0.37,0,0,0.44,1,0,0.09,3,0,0
53,1.39,0,0.23,0,0,0.56,1,3,0.05,4,0,0
21,2.99,0,0.42,0,0,0.35,1,1,0.14,2,0,0
110,9.7,1,0.6,1,1,0.56,1,5,0.87,1,1,1
21,1.66,0,0.39,0,0,0.35,1,1,0.11,4,0,0
80,0.68,0,0.37,1,0,0.83,1,2,0.01,4,0,0
445,8.59,1,0.9,5,1,0.57,0,10,0.37,3,1,1
23,1.87,0,0.43,0,0,0.44,1,0,0.13,2,0,0
143,5.5,1,0.6,0,1,0.52,1,3,0.69,2,0,1
80,0.51,0,0.37,0,0,0.74,1,0,0.14,5,0,0
110,0.27,0,0.41,1,0,0.36,1,2,0.15,2,0,0
143,0.36,1,0.28,1,0,0.73,1,3,0.21,3,0,0
21,8.07,1,0.9,2,0,0.55,0,4,0.61,3,0,1
22,7.8,0,0.55,0,0,0.96,0,13,0.92,4,1,1
80,4.64,1,0.7,3,0,0.38,0,6,0.17,3,0,1
110,7.64,1,0.6,5,1,0.44,0,14,0.18,2,1,1
23,2.37,0,0.37,1,0,0.65,1,3,0.11,4,0,0
3306,9.52,1,0.8,2,1,0.59,1,12,0.17,0,1,1
143,4.15,1,0.6,2,0,0.9,0,8,0.44,1,0,1
3389,5.46,1,0.85,1,0,0.86,1,17,0.49,0,0,1
443,0.57,0,0.39,0,0,0.63,1,1,0.13,5,0,0
443,1.16,0,0.2,1,0,0.52,1,1,0.05,3,0,0
3389,8.67,1,0.85,3,1,0.55,0,14,0.91,2,1,1
445,4.21,0,0.52,1,0,0.89,1,3,0.21,4,0,0
443,3.55,0,0.35,1,0,0.59,1,3,0.04,1,0,0
3389,2.12,0,0.45,0,0,0.88,1,2,0.12,3,0,0
139,9.75,1,0.8,3,0,0.8,1,5,0.76,5,1,1
22,3.95,0,0.22,0,0,0.86,1,2,0.09,1,0,0
3389,1.15,1,0.44,1,0,0.62,1,3,0.03,2,0,0
23,0.57,0,0.69,0,0,0.74,1,3,0.17,3,0,0
53,2.35,0,0.16,0,0,0.4,1,1,0.16,5,0,0
110,2.38,0,0.27,0,0,0.61,1,1,0.09,2,0,0
139,8.47,1,0.8,2,0,0.91,0,13,0.58,3,1,1
21,2.55,0,0.39,0,0,0.87,1,3,0.06,2,0,0
3389,8.01,1,0.85,3,1,0.9,1,12,0.16,5,0,1
143,9.06,1,0.6,0,0,0.69,0,0,0.64,3,1,1
143,9.46,1,0.6,5,1,0.8,0,12,0.56,0,0,1
139,0.29,1,0.43,1,0,0.8,1,1,0.18,4,0,0
23,6.08,1,1.0,4,1,0.94,0,10,0.55,0,1,1
3306,6.27,1,0.8,0,1,0.97,0,16,0.45,3,1,1
110,3.59,0,0.24,1,0,0.71,1,0,0.08,5,0,0
22,2.79,0,0.34,0,0,0.58,1,1,0.25,3,0,0
139,3.81,0,0.28,0,0,0.53,1,2,0.24,1,0,0
53,8.12,0,0.4,3,0,0.87,0,11,0.31,3,0,1
53,2.75,1,0.23,0,0,0.85,1,1,0.15,4,0,0
22,7.43,1,0.55,2,1,0.84,1,5,0.87,4,0,1
443,4.8,0,0.3,0,0,0.65,1,0,0.15,3,0,0
143,2.88,0,0.18,0,0,0.74,1,1,0.21,5,0,0
80,6.18,1,0.7,3,1,0.66,0,4,0.48,0,1,1
143,3.18,0,0.34,0,0,0.83,1,0,0.17,1,0,0
22,6.33,1,0.55,2,1,0.92,0,11,0.93,3,0,1
3306,2.19,0,0.24,0,0,0.7,1,1,0.12,1,0,0
139,7.98,1,0.8,2,0,0.65,1,14,0.17,0,1,1
80,8.51,1,0.7,3,1,0.44,1,20,0.28,2,0,1
3306,2.11,0,0.28,0,0,0.7,1,1,0.25,4,0,0
23,2.17,1,0.58,1,0,0.33,1,2,0.14,2,0,0
445,4.11,0,0.9,0,0,0.65,0,17,0.43,4,0,1
21,5.67,1,0.9,4,1,0.63,0,6,0.47,5,1,1
25,2.6,0,0.32,0,0,0.35,1,0,0.04,1,0,0
3389,8.78,1,0.85,2,1,0.85,1,5,0.66,4,1,1
22,5.42,0,0.55,5,1,0.93,0,20,0.71,3,1,1
22,9.4,0,0.55,5,1,0.59,0,5,0.63,4,0,1
3389,0.77,0,0.55,1,0,0.73,1,3,0.0,1,0,0
21,5.22,1,0.9,1,1,0.85,0,9,0.11,2,1,1
443,7.91,1,0.65,1,0,0.83,0,13,0.48,2,1,1
3306,6.69,1,0.8,2,1,0.83,0,11,0.11,1,1,1
139,2.42,1,0.47,0,0,0.54,1,1,0.12,4,0,0
53,0.03,0,0.13,0,0,0.86,1,0,0.08,1,0,0
53,4.66,0,0.18,0,0,0.46,1,0,0.12,5,0,0
23,1.22,1,0.43,0,0,0.35,1,0,0.04,4,0,0
443,2.34,1,0.2,0,0,0.88,1,2,0.05,3,0,0
53,5.32,0,0.4,3,1,0.33,1,19,0.21,3,1,1
139,2.68,1,0.54,0,0,0.44,1,3,0.13,5,0,0
22,4.37,0,0.29,1,0,0.59,1,2,0.14,1,0,0
143,4.17,1,0.39,0,0,0.55,1,3,0.17,3,0,0
3389,7.03,1,0.85,0,0,0.71,1,6,0.86,4,0,1
3389,0.83,1,0.59,1,0,0.81,1,1,0.05,2,0,0
3306,9.87,1,0.8,4,1,0.64,0,20,0.62,3,1,1
3389,4.8,0,0.34,1,0,0.83,1,1,0.22,3,0,0
143,3.11,0,0.4,1,0,0.39,1,2,0.02,1,0,0
53,2.84,0,0.23,1,0,0.74,1,2,0.11,4,0,0
21,3.67,0,0.33,1,0,0.57,1,1,0.1,3,0,0
23,3.95,1,1.0,2,0,0.64,1,8,0.99,4,1,1
139,7.57,1,0.8,2,0,0.45,0,9,0.11,1,1,1
21,3.28,1,0.62,1,0,0.39,1,0,0.08,4,0,0
22,3.35,0,0.38,1,0,0.88,1,3,0.13,5,0,0
143,0.98,0,0.21,0,0,0.43,1,0,0.11,1,0,0
3389,5.61,1,0.85,5,0,0.61,0,12,0.65,3,0,1
143,3.3,0,0.38,1,0,0.75,1,0,0.14,5,0,0
53,9.34,1,0.4,2,1,0.56,1,9,0.61,5,0,1
445,4.3,1,0.9,2,0,0.62,0,9,0.65,2,0,1
110,1.83,0,0.31,1,0,0.42,1,0,0.18,5,0,0
53,7.01,0,0.4,5,1,0.97,0,19,0.4,0,1,1
80,9.44,0,0.7,1,1,0.93,1,11,0.13,1,1,1
443,1.89,1,0.43,1,0,0.7,1,2,0.21,4,0,0
143,0.08,0,0.34,0,0,0.65,1,1,0.19,2,0,0
22,3.16,0,0.19,0,0,0.48,1,3,0.22,5,0,0
443,0.69,1,0.25,0,0,0.52,1,2,0.11,2,0,0
53,0.31,1,0.23,0,0,0.48,1,0,0.11,4,0,0
53,8.4,0,0.4,5,1,0.66,0,1,0.72,3,1,1
80,1.45,0,0.27,0,0,0.58,1,3,0.05,1,0,0
110,1.87,0,0.27,0,0,0.67,1,1,0.04,3,0,0
21,2.42,0,0.59,1,0,0.88,1,1,0.16,1,0,0
3306,4.89,1,0.8,5,0,0.63,0,14,0.71,0,0,1
25,9.07,0,0.6,5,1,0.65,0,14,0.87,4,0,1
22,8.02,1,0.55,5,1,0.79,0,15,0.34,0,1,1
143,0.22,0,0.39,1,0,0.37,1,0,0.21,4,0,0
143,8.49,1,0.6,3,1,0.69,1,13,0.69,1,0,1
23,6.69,1,1.0,3,1,0.42,1,13,0.25,4,0,1
3306,1.13,1,0.32,0,0,0.66,1,3,0.11,3,0,0
143,3.08,0,0.32,1,0,0.37,1,3,0.08,4,0,0
3306,4.52,0,0.27,1,0,0.74,1,3,0.01,1,0,0
22,8.69,1,0.55,0,1,0.99,1,6,0.74,1,0,1
139,1.87,0,0.34,1,0,0.45,1,3,0.07,5,0,0
110,0.83,1,0.34,0,0,0.72,1,1,0.22,5,0,0
23,1.23,1,0.54,1,0,0.86,1,1,0.23,4,0,0
143,0.44,0,0.3,1,0,0.82,1,0,0.2,2,0,0
3306,3.76,1,0.54,1,0,0.34,1,0,0.07,4,0,0
23,2.45,0,0.37,0,0,0.51,1,3,0.12,4,0,0
445,1.29,0,0.34,0,0,0.73,1,3,0.22,4,0,0
110,3.67,0,0.34,1,0,0.75,1,0,0.08,2,0,0
3389,1.44,0,0.36,1,0,0.76,1,0,0.01,1,0,0
53,8.7,1,0.4,2,1,0.62,1,5,0.1,2,1,1
21,2.64,1,0.52,1,0,0.56,1,0,0.1,4,0,0
143,7.73,1,0.6,1,1,0.64,1,14,0.54,3,1,1
22,3.66,0,0.22,1,0,0.9,1,2,0.03,2,0,0
110,3.18,1,0.22,1,0,0.84,1,0,0.02,3,0,0
3306,4.82,1,0.8,2,0,1.0,0,11,0.61,5,0,1
110,1.52,0,0.33,0,0,0.86,1,3,0.2,5,0,0
445,6.23,1,0.9,1,1,0.77,1,16,0.24,1,1,1
139,8.29,1,0.8,1,0,0.86,0,11,0.37,5,0,1
3389,7.3,1,0.85,4,1,0.76,1,6,0.5,1,0,1
443,7.28,1,0.65,0,1,0.41,1,10,0.19,2,0,1
23,0.65,1,0.35,0,0,0.52,1,3,0.08,5,0,0
80,7.47,1,0.7,1,1,0.42,1,18,0.6,2,1,1
139,7.7,0,0.8,0,1,0.48,0,14,0.53,3,0,1
110,6.32,1,0.6,1,1,0.99,1,5,0.36,0,0,1
3389,3.78,0,0.5,0,0,0.73,1,2,0.08,1,0,0
80,0.45,1,0.22,1,0,0.82,1,2,0.12,3,0,0
443,4.6,1,0.32,0,0,0.85,1,0,0.04,2,0,0
21,4.54,1,0.43,1,0,0.8,1,0,0.07,2,0,0
25,3.52,0,0.27,1,0,0.31,1,1,0.07,2,0,0
80,0.24,0,0.33,0,0,0.76,1,1,0.03,1,0,0
53,4.33,0,0.26,0,0,0.9,1,2,0.17,1,0,0
3306,0.1,1,0.54,1,0,0.6,1,3,0.09,5,0,0
80,3.55,1,0.44,1,0,0.4,1,0,0.21,4,0,0
53,2.6,1,0.15,1,0,0.57,1,3,0.15,2,0,0
445,2.06,0,0.28,0,0,0.35,1,3,0.01,5,0,0
80,5.87,1,0.7,1,1,0.9,1,16,0.68,0,0,1
23,3.65,0,0.55,1,0,0.9,1,0,0.05,3,0,0
80,4.39,1,0.38,1,0,0.75,1,3,0.09,1,0,0
3389,5.97,1,0.85,2,1,0.64,1,15,0.91,0,0,1
80,7.83,1,0.7,2,1,0.43,1,17,0.71,2,1,1
139,2.93,0,0.26,0,0,0.55,1,1,0.17,1,0,0
139,6.86,1,0.8,4,1,0.89,1,6,0.81,1,0,1
445,3.99,0,0.9,4,0,0.85,0,16,0.86,0,1,1
3389,8.79,1,0.85,0,0,0.58,0,1,0.52,1,0,1
21,5.97,1,0.9,1,1,0.49,0,4,0.12,1,1,1
445,8.38,1,0.9,3,1,0.86,0,8,0.91,3,1,1
110,4.42,0,0.19,1,0,0.69,1,1,0.17,4,0,0
25,4.72,1,0.6,5,0,0.47,1,8,0.49,2,0,1
80,2.37,0,0.32,1,0,0.43,1,1,0.07,4,0,0
80,7.0,1,0.7,4,1,0.53,0,4,0.89,2,0,1
25,3.6,0,0.25,1,0,0.32,1,3,0.19,4,0,0
25,7.49,1,0.6,1,0,0.85,0,20,0.34,3,1,1
22,7.37,0,0.55,3,1,0.67,0,4,0.34,1,0,1
139,3.89,1,0.38,0,0,0.31,1,0,0.14,5,0,0
443,2.86,0,0.33,1,0,0.37,1,0,0.19,2,0,0
445,6.79,1,0.9,0,1,0.53,0,17,0.45,0,1,1
139,1.04,1,0.49,1,0,0.88,1,1,0.06,4,0,0
143,3.38,0,0.41,0,0,0.71,1,3,0.21,5,0,0
21,7.21,0,0.9,2,1,0.34,1,2,0.4,2,0,1
443,2.9,0,0.35,1,0,0.5,1,0,0.24,5,0,0
110,0.58,1,0.38,1,0,0.62,1,2,0.09,5,0,0
445,1.92,0,0.35,1,0,0.59,1,0,0.16,2,0,0
25,3.88,1,0.37,1,0,0.45,1,0,0.11,5,0,0
143,2.86,1,0.25,0,0,0.45,1,2,0.14,1,0,0
445,9.62,1,0.9,3,0,0.62,1,14,0.96,3,1,1
23,3.93,0,0.66,0,0,0.82,1,0,0.22,2,0,0
3306,6.39,0,0.8,2,0,0.63,0,6,0.73,5,0,1
22,1.77,0,0.22,0,0,0.51,1,0,0.14,5,0,0
110,8.99,1,0.6,2,0,0.33,1,7,0.73,3,1,1
139,7.75,1,0.8,3,0,0.4,0,15,0.52,1,1,1
110,8.47,0,0.6,0,1,0.54,1,19,0.52,0,0,1
21,2.11,1,0.5,1,0,0.36,1,1,0.12,1,0,0
443,9.76,1,0.65,1,1,0.43,0,14,0.22,2,1,1
110,2.4,0,0.22,1,0,0.41,1,2,0.03,4,0,0
53,6.43,1,0.4,5,1,0.4,0,3,0.2,1,0,1
110,4.56,0,0.24,1,0,0.55,1,0,0.23,5,0,0
3389,0.65,0,0.41,0,0,0.64,1,0,0.09,1,0,0
22,2.03,0,0.23,1,0,0.65,1,1,0.2,1,0,0
443,8.43,1,0.65,1,1,0.99,0,17,0.59,5,1,1
3389,2.35,0,0.43,0,0,0.73,1,3,0.02,1,0,0
3389,6.42,1,0.85,3,0,0.36,0,14,0.9,0,1,1
23,2.95,0,0.59,1,0,0.36,1,1,0.04,4,0,0
445,9.0,1,0.9,2,1,0.59,1,11,0.92,0,1,1
3389,4.45,0,0.55,0,0,0.64,1,0,0.23,3,0,0
23,2.79,1,0.69,0,0,0.72,1,2,0.24,3,0,0
143,1.49,0,0.3,0,0,0.53,1,1,0.12,4,0,0
23,5.85,1,1.0,0,0,0.76,1,10,0.75,3,1,1
25,5.38,1,0.6,4,1,0.37,0,3,0.93,1,0,1
143,8.56,1,0.6,3,1,0.63,1,15,0.12,4,0,1
139,7.35,1,0.8,0,1,0.38,1,5,0.39,5,1,1
23,9.75,0,1.0,2,1,0.99,1,13,0.56,3,1,1
22,9.42,1,0.55,0,1,0.88,0,17,0.36,2,0,1
3306,2.26,1,0.4,0,0,0.52,1,2,0.02,3,0,0
21,9.9,1,0.9,0,0,0.62,0,12,0.54,1,0,1
53,5.35,1,0.4,1,1,0.64,1,7,0.67,2,0,1
3306,4.83,0,0.37,0,0,0.61,1,2,0.24,2,0,0
80,0.42,0,0.25,0,0,0.46,1,3,0.19,3,0,0
22,3.3,0,0.17,1,0,0.44,1,2,0.21,4,0,0
23,9.77,1,1.0,2,1,0.98,0,17,0.92,5,1,1
139,4.04,0,0.8,4,0,0.71,1,9,0.61,4,1,1
110,6.2,1,0.6,1,1,0.55,0,4,0.44,1,1,1
23,6.02,0,1.0,2,1,0.97,0,3,0.82,3,0,1
3389,7.33,1,0.85,0,1,0.92,0,11,0.69,5,0,1
3389,0.97,1,0.54,1,0,0.73,1,2,0.08,4,0,0
25,6.45,1,0.6,3,1,0.79,0,6,0.97,0,0,1
25,4.26,0,0.35,1,0,0.89,1,1,0.18,1,0,0
53,8.15,1,0.4,3,0,0.78,1,1,0.59,0,0,1
25,7.68,1,0.6,1,1,0.45,1,4,0.91,0,1,1
53,3.67,1,0.4,3,0,0.35,1,1,0.4,5,1,1
139,3.54,0,0.52,0,0,0.67,1,2,0.01,4,0,0
443,0.33,0,0.35,0,0,0.7,1,2,0.03,1,0,0
3306,2.81,0,0.47,1,0,0.51,1,3,0.23,5,0,0
110,9.5,0,0.6,1,1,0.83,0,16,0.56,4,1,1
23,7.32,1,1.0,5,1,0.9,1,5,0.83,5,1,1
21,8.47,1,0.9,3,1,0.7,0,14,0.9,4,0,1
445,0.08,1,0.39,0,0,0.62,1,2,0.01,4,0,0
23,4.01,0,1.0,4,0,0.88,1,4,0.79,3,0,1
143,1.29,1,0.23,1,0,0.89,1,2,0.15,3,0,0
3389,0.28,0,0.46,0,0,0.84,1,1,0.1,3,0,0
22,3.46,1,0.23,1,0,0.48,1,2,0.14,2,0,0
3306,0.38,1,0.52,1,0,0.67,1,2,0.07,2,0,0
21,9.01,1,0.9,1,1,0.71,1,17,0.6,2,1,1
22,6.12,0,0.55,1,0,0.33,0,14,0.22,2,1,1
3306,2.48,0,0.37,1,0,0.5,1,0,0.19,3,0,0
53,9.65,1,0.4,2,1,0.3,0,16,0.1,0,1,1
443,8.9,1,0.65,3,1,0.35,0,15,0.35,4,1,1
22,3.26,1,0.25,0,0,0.73,1,3,0.15,4,0,0
53,1.08,1,0.21,0,0,0.73,1,1,0.21,3,0,0
53,5.47,1,0.4,3,1,0.64,1,10,0.61,0,1,1
22,5.71,1,0.55,3,1,0.71,0,10,0.3,3,1,1
80,2.75,0,0.31,0,0,0.51,1,3,0.03,2,0,0
445,3.65,1,0.59,1,0,0.53,1,3,0.18,2,0,0
3389,5.61,0,0.85,5,1,0.85,0,4,0.5,2,0,1
25,5.54,0,0.6,5,1,0.59,0,11,0.27,1,0,1
3306,3.61,0,0.53,1,0,0.55,1,3,0.0,5,0,0
445,2.21,0,0.48,1,0,0.31,1,0,0.16,1,0,0
22,7.75,0,0.55,0,0,0.93,1,4,0.34,1,0,1
445,4.74,1,0.53,1,0,0.6,1,0,0.02,4,0,0
3306,4.33,0,0.34,0,0,0.33,1,2,0.2,3,0,0
139,2.2,0,0.36,0,0,0.66,1,3,0.13,3,0,0
143,1.44,0,0.33,1,0,0.4,1,0,0.23,4,0,0
143,1.89,0,0.19,1,0,0.5,1,1,0.23,4,0,0
80,4.54,1,0.43,0,0,0.56,1,2,0.25,1,0,0
443,6.7,1,0.65,5,1,0.76,0,10,0.75,3,1,1
3389,3.27,1,0.59,1,0,0.86,1,3,0.25,1,0,0
445,1.48,0,0.38,1,0,0.45,1,0,0.02,3,0,0
445,1.13,0,0.46,0,0,0.9,1,3,0.03,2,0,0
139,7.15,1,0.8,5,1,0.46,1,3,0.67,5,0,1
80,7.53,1,0.7,2,0,0.97,1,10,0.64,4,0,1
22,2.02,0,0.22,0,0,0.78,1,3,0.15,4,0,0
445,1.94,1,0.32,1,0,0.49,1,2,0.18,2,0,0
80,2.78,0,0.41,0,0,0.45,1,3,0.22,5,0,0
21,7.88,0,0.9,4,1,0.37,0,20,0.73,3,1,1
3306,2.95,0,0.37,1,0,0.66,1,0,0.19,5,0,0
3306,1.73,0,0.5,1,0,0.82,1,3,0.25,2,0,0
445,2.99,0,0.3,1,0,0.44,1,0,0.01,4,0,0
23,1.5,0,0.42,1,0,0.81,1,0,0.0,2,0,0
80,1.26,0,0.33,1,0,0.51,1,1,0.08,3,0,0
80,5.64,1,0.7,4,0,0.68,0,13,0.5,5,0,1
3389,4.23,1,0.55,1,0,0.75,1,1,0.15,3,0,0
443,5.09,0,0.65,3,1,0.41,0,19,0.71,2,1,1
443,4.14,0,0.23,1,0,0.62,1,0,0.14,4,0,0
143,7.59,1,0.6,2,1,0.53,0,15,0.65,5,0,1
23,7.0,1,1.0,1,1,0.44,0,4,0.35,0,0,1
443,7.69,1,0.65,4,0,0.61,1,4,0.52,5,1,1
22,9.89,0,0.55,4,1,0.65,1,19,0.6,5,0,1
3306,9.4,1,0.8,5,1,0.64,0,13,0.13,3,0,1
53,1.82,0,0.14,0,0,0.78,1,0,0.05,3,0,0
3389,5.95,1,0.85,3,1,0.78,0,6,0.49,4,1,1
139,5.55,1,0.8,3,1,0.37,1,2,0.99,2,0,1
139,2.37,1,0.48,1,0,0.74,1,2,0.06,2,0,0
139,3.11,1,0.34,0,0,0.43,1,0,0.07,2,0,0
3389,4.02,0,0.52,0,0,0.5,1,1,0.18,4,0,0
53,2.22,0,0.14,1,0,0.86,1,0,0.17,4,0,0
80,9.12,1,0.7,1,1,0.96,0,6,0.43,0,0,1
3306,3.32,1,0.3,1,0,0.35,1,1,0.16,2,0,0
80,4.66,0,0.49,0,0,0.79,1,3,0.07,2,0,0
53,1.21,1,0.17,1,0,0.38,1,3,0.2,2,0,0
3306,6.74,1,0.8,3,1,0.9,1,12,0.65,5,0,1
23,6.45,0,1.0,5,0,0.68,0,4,0.88,4,0,1
3306,9.66,1,0.8,3,0,0.34,1,20,1.0,0,1,1
21,9.51,0,0.9,4,0,0.73,1,5,0.21,5,0,1
445,4.0,0,0.9,4,0,0.44,1,7,0.5,2,1,1
23,9.86,1,1.0,2,0,0.91,0,12,0.85,2,0,1
3306,4.44,1,0.8,3,0,0.4,0,9,0.67,5,0,1
25,0.87,0,0.32,0,0,0.87,1,3,0.17,2,0,0
445,5.69,1,0.9,0,0,0.73,1,3,0.38,2,0,1
110,9.92,1,0.6,5,1,0.92,0,6,0.89,0,0,1
80,4.39,0,0.24,0,0,0.84,1,1,0.14,4,0,0
22,5.6,1,0.55,0,1,0.43,0,13,0.16,3,1,1
23,7.34,1,1.0,1,1,0.39,0,9,0.82,2,0,1
139,7.32,0,0.8,5,1,0.83,1,1,0.89,2,1,1
3306,6.52,1,0.8,1,0,0.69,1,9,0.64,4,0,1
110,6.37,0,0.6,3,0,0.41,1,18,0.36,2,0,1
25,1.86,0,0.33,1,0,0.87,1,1,0.0,3,0,0
80,7.14,1,0.7,3,0,0.71,0,11,0.18,5,1,1
21,2.55,0,0.6,1,0,0.33,1,0,0.22,3,0,0
23,5.84,1,1.0,5,1,0.8,1,10,0.58,2,1,1
53,3.88,1,0.4,5,0,0.39,0,1,0.35,3,1,1
25,3.9,0,0.42,1,0,0.59,1,1,0.06,1,0,0
21,5.89,1,0.9,3,1,0.8,1,8,0.38,2,0,1
139,7.75,1,0.8,4,1,0.7,0,9,0.15,3,1,1
3389,4.22,1,0.39,1,0,0.54,1,3,0.04,3,0,0
445,6.99,0,0.9,5,1,0.85,1,2,0.73,0,1,1
53,5.8,0,0.4,2,1,0.67,0,19,0.98,4,1,1
25,1.32,0,0.24,0,0,0.36,1,3,0.17,3,0,0
25,8.41,1,0.6,0,0,0.36,1,4,0.5,0,0,1
3306,7.71,0,0.8,4,1,0.85,1,20,0.92,4,1,1
445,3.7,0,0.49,0,0,0.83,1,1,0.22,3,0,0
443,0.63,0,0.21,0,0,0.41,1,3,0.14,5,0,0
23,2.88,1,0.34,1,0,0.41,1,2,0.09,4,0,0
25,9.63,0,0.6,5,1,0.97,0,14,0.81,1,0,1
22,7.13,1,0.55,5,1,0.77,1,4,0.98,4,0,1
21,5.7,1,0.9,1,1,0.93,0,15,0.24,3,1,1
143,7.06,1,0.6,0,0,0.78,1,16,0.58,4,0,1
139,2.97,1,0.26,1,0,0.61,1,0,0.04,5,0,0
143,3.44,1,0.21,0,0,0.34,1,2,0.16,3,0,0
110,7.23,1,0.6,4,1,0.73,1,10,0.62,5,1,1
110,4.95,0,0.6,5,0,0.74,1,3,0.45,2,1,1
143,8.61,0,0.6,5,1,0.32,1,7,0.57,4,0,1
143,5.5,1,0.6,0,1,0.67,0,10,0.25,4,0,1
53,0.53,0,0.15,0,0,0.86,1,3,0.07,1,0,0
3389,0.24,0,0.4,0,0,0.54,1,2,0.19,5,0,0
23,2.79,0,0.33,0,0,0.55,1,3,0.23,3,0,0
3389,3.79,1,0.58,0,0,0.72,1,3,0.02,1,0,0
139,0.09,1,0.28,1,0,0.67,1,3,0.07,1,0,0
3389,9.47,1,0.85,3,0,0.71,0,5,0.15,2,1,1
21,1.22,0,0.58,0,0,0.81,1,2,0.23,4,0,0
139,8.21,1,0.8,4,1,0.31,1,17,0.68,3,1,1
80,6.35,1,0.7,2,0,0.73,0,17,0.37,5,0,1
143,6.81,1,0.6,5,1,0.64,0,16,0.7,0,0,1
445,3.01,0,0.29,1,0,0.78,1,3,0.04,3,0,0
3389,3.38,0,0.3,0,0,0.86,1,3,0.03,3,0,0
21,2.99,0,0.51,0,0,0.72,1,3,0.06,5,0,0
3389,1.16,0,0.39,1,0,0.64,1,3,0.01,2,0,0
139,7.86,0,0.8,4,1,0.63,0,2,0.51,2,0,1
3389,0.97,1,0.5,1,0,0.8,1,0,0.23,4,0,0
445,1.2,0,0.45,1,0,0.9,1,0,0.23,3,0,0
80,9.16,1,0.7,0,1,0.47,0,3,0.76,0,0,1
25,2.99,1,0.23,0,0,0.81,1,3,0.02,2,0,0
80,5.56,0,0.7,4,1,0.67,0,8,0.72,2,1,1
445,8.11,1,0.9,3,0,0.37,0,5,0.86,3,1,1
3389,1.05,1,0.33,1,0,0.76,1,0,0.19,3,0,0
445,0.26,0,0.54,0,0,0.42,1,0,0.22,1,0,0
143,3.59,0,0.6,2,0,0.91,0,11,1.0,4,1,1
143,5.98,0,0.6,0,0,0.44,0,9,0.72,1,0,1
80,4.45,0,0.39,0,0,0.45,1,0,0.11,2,0,0
139,0.38,0,0.4,1,0,0.87,1,2,0.23,2,0,0
22,8.13,1,0.55,4,0,0.45,1,5,0.85,0,1,1
445,1.56,1,0.38,1,0,0.56,1,1,0.23,1,0,0
53,7.74,1,0.4,3,0,0.95,0,19,0.75,0,1,1
143,3.45,1,0.36,1,0,0.57,1,2,0.16,4,0,0
22,2.23,1,0.24,1,0,0.73,1,2,0.23,2,0,0
443,1.32,0,0.32,0,0,0.47,1,0,0.1,2,0,0
139,2.14,0,0.54,1,0,0.88,1,1,0.18,3,0,0
143,5.65,1,0.6,5,1,0.34,1,2,0.18,3,0,1
80,3.19,0,0.37,1,0,0.75,1,1,0.1,1,0,0
3306,8.14,1,0.8,4,0,0.75,0,1,0.93,1,0,1
139,3.22,0,0.51,1,0,0.57,1,3,0.17,1,0,0
143,5.04,0,0.6,4,0,0.52,0,5,0.83,3,0,1
53,4.19,1,0.24,1,0,0.63,1,1,0.21,1,0,0
3306,7.16,1,0.8,3,1,0.48,1,2,0.2,1,0,1
3389,3.75,0,0.85,3,0,0.53,0,18,0.5,3,0,1
445,9.45,1,0.9,5,0,0.43,0,8,0.47,3,1,1
53,0.51,1,0.2,1,0,0.44,1,2,0.0,4,0,0
23,4.78,0,0.54,1,0,0.75,1,0,0.09,3,0,0
80,2.52,1,0.38,0,0,0.5,1,0,0.14,3,0,0
21,7.25,1,0.9,1,1,0.35,0,4,0.24,3,0,1
110,3.98,1,0.6,3,0,0.94,1,2,0.74,5,0,1
21,7.72,1,0.9,4,1,0.57,0,15,0.67,2,0,1
25,1.15,0,0.22,1,0,0.66,1,3,0.15,4,0,0
21,1.3,0,0.59,1,0,0.49,1,0,0.17,5,0,0
139,4.57,1,0.3,1,0,0.87,1,2,0.17,3,0,0
21,6.62,1,0.9,4,1,0.74,1,9,0.62,4,0,1
22,7.27,1,0.55,2,0,0.83,1,10,0.92,4,0,1
22,2.5,1,0.36,1,0,0.31,1,1,0.16,3,0,0
445,9.66,1,0.9,2,0,0.71,1,3,0.44,1,0,1
22,3.98,0,0.55,5,0,0.61,0,10,0.7,5,0,1
80,2.6,0,0.37,1,0,0.59,1,3,0.2,3,0,0
23,4.04,0,1.0,5,0,0.72,0,3,0.59,2,0,1
21,9.55,1,0.9,3,1,0.53,0,1,0.7,0,1,1
443,0.84,0,0.41,0,0,0.85,1,1,0.24,3,0,0
25,5.05,1,0.6,0,0,0.88,0,2,0.8,4,1,1
3389,7.99,0,0.85,3,0,0.38,1,16,0.84,0,1,1
110,2.84,1,0.33,0,0,0.76,1,1,0.02,5,0,0
110,9.27,1,0.6,3,0,0.69,1,4,0.73,5,0,1
21,9.69,0,0.9,1,0,0.92,0,2,0.59,0,1,1
445,5.31,1,0.9,1,0,0.55,1,9,0.12,4,0,1
3306,5.22,0,0.8,5,1,0.54,0,18,0.48,2,1,1
80,0.59,0,0.33,1,0,0.46,1,0,0.06,1,0,0
3306,5.64,1,0.8,5,1,0.96,1,19,0.13,4,1,1
445,7.28,1,0.9,1,1,0.83,1,13,0.43,2,1,1
53,8.83,0,0.4,3,1,0.8,1,4,0.75,2,0,1
139,4.65,0,0.27,1,0,0.49,1,3,0.09,2,0,0
25,2.33,0,0.32,0,0,0.34,1,1,0.11,2,0,0
110,5.94,0,0.6,3,1,0.65,1,15,0.77,1,1,1
80,4.65,0,0.3,0,0,0.48,1,0,0.07,4,0,0
23,7.2,0,1.0,4,0,0.81,1,6,0.86,0,1,1
445,0.26,1,0.41,0,0,0.51,1,3,0.03,3,0,0
143,3.7,1,0.26,1,0,0.52,1,1,0.21,3,0,0
139,8.85,1,0.8,5,1,0.34,0,7,0.95,2,0,1
25,1.13,0,0.39,0,0,0.86,1,0,0.08,4,0,0
53,2.13,0,0.18,1,0,0.9,1,2,0.22,2,0,0
25,2.79,1,0.26,1,0,0.75,1,1,0.13,5,0,0
21,3.57,1,0.9,5,0,0.95,0,9,0.25,2,0,1
143,0.02,0,0.34,1,0,0.84,1,0,0.03,2,0,0
139,8.02,1,0.8,5,1,0.5,1,9,0.57,4,1,1
21,2.6,0,0.59,0,0,0.58,1,3,0.23,5,0,0
443,9.34,0,0.65,3,1,0.72,0,20,0.69,2,0,1
110,4.78,0,0.37,1,0,0.57,1,1,0.2,2,0,0
23,0.8,0,0.6,1,0,0.75,1,2,0.18,5,0,0
139,1.75,0,0.27,0,0,0.46,1,2,0.1,5,0,0
3389,1.62,0,0.59,1,0,0.85,1,2,0.02,3,0,0
445,7.78,0,0.9,2,1,0.96,1,17,0.39,3,1,1
445,5.84,0,0.9,5,0,0.45,0,7,0.67,2,0,1
25,9.03,0,0.6,1,1,0.82,0,4,1.0,2,0,1
3306,9.61,1,0.8,4,0,0.98,0,16,0.68,1,1,1
23,6.43,0,1.0,2,0,0.97,1,4,0.28,3,1,1
25,2.99,0,0.2,1,0,0.63,1,3,0.08,5,0,0
3389,8.64,0,0.85,4,1,0.91,0,13,0.44,5,0,1
53,4.4,0,0.2,0,0,0.84,1,1,0.02,1,0,0
53,6.41,1,0.4,3,0,0.73,1,19,0.52,4,0,1
139,3.22,1,0.4,1,0,0.86,1,0,0.2,1,0,0
143,5.73,1,0.6,5,1,0.44,1,12,0.9,5,1,1
443,7.35,0,0.65,3,0,0.56,0,8,0.8,1,1,1
3306,6.58,0,0.8,1,0,0.57,1,2,0.14,2,1,1
3306,9.09,0,0.8,3,1,0.87,1,1,0.76,1,0,1
445,1.93,0,0.34,0,0,0.57,1,3,0.08,2,0,0
23,1.62,0,0.42,1,0,0.34,1,1,0.1,1,0,0
25,8.88,1,0.6,2,0,0.78,1,5,0.21,5,1,1
23,7.88,1,1.0,3,0,0.61,0,3,0.23,3,0,1
445,7.67,1,0.9,2,0,0.92,1,5,0.5,2,1,1
22,1.37,0,0.34,1,0,0.31,1,0,0.17,5,0,0
445,6.1,1,0.9,2,1,0.59,1,17,0.58,5,1,1
80,1.29,0,0.26,1,0,0.84,1,1,0.14,5,0,0
53,8.32,1,0.4,5,0,0.34,1,11,0.56,0,1,1
445,4.83,0,0.49,1,0,0.85,1,2,0.0,5,0,0
443,2.17,0,0.45,0,0,0.65,1,1,0.02,3,0,0
25,4.73,1,0.6,2,0,0.48,0,16,0.92,0,1,1
445,7.95,1,0.9,3,1,0.49,0,7,0.38,3,1,1
25,6.27,0,0.6,0,1,0.93,1,10,0.71,1,0,1
23,6.07,1,1.0,5,1,0.36,0,17,0.93,0,1,1
3389,4.8,0,0.28,0,0,0.68,1,3,0.21,3,0,0
21,3.58,0,0.28,0,0,0.62,1,0,0.16,4,0,0
3389,7.05,1,0.85,1,1,0.51,0,13,0.83,2,0,1
143,4.78,0,0.29,0,0,0.59,1,1,0.03,1,0,0
139,6.72,1,0.8,0,0,0.37,0,14,0.99,4,0,1
25,7.41,1,0.6,5,0,0.75,1,7,0.5,2,0,1
143,4.37,0,0.19,1,0,0.64,1,3,0.08,4,0,0
80,8.21,1,0.7,3,1,0.38,0,4,0.93,3,1,1
3306,4.1,0,0.35,1,0,0.53,1,1,0.24,4,0,0
23,6.29,0,1.0,2,1,0.44,1,10,0.66,3,1,1
139,5.42,1,0.8,5,1,0.81,0,5,0.42,1,0,1
22,3.27,1,0.32,0,0,0.85,1,2,0.11,1,0,0
23,9.08,1,1.0,0,1,0.52,0,9,0.14,5,0,1
3306,6.7,0,0.8,5,1,0.66,0,16,0.35,4,0,1
143,6.95,0,0.6,5,1,0.43,1,9,0.44,0,0,1
443,4.11,0,0.29,1,0,0.66,1,3,0.22,5,0,0
139,9.88,1,0.8,2,0,0.94,1,10,0.47,4,0,1
21,6.41,1,0.9,3,1,0.96,0,16,0.69,1,1,1
445,0.74,1,0.61,1,0,0.73,1,1,0.08,4,0,0
3306,4.29,0,0.38,0,0,0.84,1,2,0.01,5,0,0
139,6.86,1,0.8,0,0,0.61,1,8,0.22,3,1,1
21,4.29,0,0.53,0,0,0.8,1,3,0.14,1,0,0
139,7.94,1,0.8,3,1,0.58,0,15,0.53,0,1,1
443,9.11,0,0.65,5,0,0.84,1,20,0.29,4,1,1
110,3.24,0,0.37,0,0,0.58,1,2,0.24,2,0,0
53,3.08,0,0.2,1,0,0.83,1,1,0.01,2,0,0
25,5.69,1,0.6,2,0,0.65,0,2,0.58,2,1,1
110,5.41,1,0.6,4,1,0.41,0,10,0.17,1,0,1
143,4.19,0,0.23,0,0,0.31,1,3,0.15,3,0,0
53,2.77,1,0.16,1,0,0.67,1,0,0.07,4,0,0
443,1.48,0,0.4,0,0,0.84,1,0,0.22,1,0,0
143,2.68,0,0.4,1,0,0.58,1,1,0.23,2,0,0
53,8.22,1,0.4,2,0,0.55,0,3,0.36,0,0,1
21,3.84,1,0.9,1,0,0.85,1,16,0.2,1,1,1
143,1.62,0,0.36,0,0,0.39,1,1,0.13,2,0,0
25,3.39,1,0.33,0,0,0.32,1,3,0.08,4,0,0
443,2.14,1,0.42,1,0,0.83,1,1,0.19,1,0,0
143,6.04,1,0.6,2,1,0.35,0,9,0.86,2,1,1
22,8.04,1,0.55,0,1,0.55,0,17,0.62,3,0,1
22,8.21,0,0.55,4,0,0.83,0,1,0.35,4,0,1
25,0.37,0,0.35,0,0,0.82,1,3,0.11,1,0,0
23,4.68,0,0.66,1,0,0.75,1,3,0.06,4,0,0
445,9.36,1,0.9,1,0,0.8,0,13,0.54,3,1,1
110,4.0,0,0.37,1,0,0.45,1,2,0.08,4,0,0
143,8.73,0,0.6,2,1,0.75,0,11,0.28,2,1,1
139,8.75,1,0.8,3,0,0.31,1,15,0.25,3,0,1
110,0.32,0,0.38,1,0,0.41,1,3,0.06,4,0,0
143,6.26,0,0.6,5,0,0.8,1,11,0.33,0,0,1
23,4.64,1,0.34,0,0,0.63,1,1,0.24,2,0,0
21,3.64,1,0.52,0,0,0.78,1,2,0.17,4,0,0
22,6.18,1,0.55,2,1,0.88,1,3,0.68,2,0,1
110,5.2,1,0.6,4,1,0.32,1,16,0.83,5,0,1
139,6.49,1,0.8,2,0,0.62,1,1,0.85,2,1,1
23,2.27,0,0.66,1,0,0.33,1,1,0.07,4,0,0
25,3.17,0,0.37,0,0,0.89,1,3,0.09,4,0,0
25,3.43,1,0.25,0,0,0.35,1,0,0.07,1,0,0
3306,3.85,1,0.8,5,0,0.61,0,20,0.52,0,1,1
3306,0.82,0,0.4,0,0,0.31,1,1,0.05,4,0,0
139,2.04,1,0.41,1,0,0.62,1,2,0.18,1,0,0
139,6.08,1,0.8,4,0,0.46,0,2,0.97,3,1,1
25,5.79,1,0.6,4,1,0.5,0,7,0.92,3,0,1
80,4.18,1,0.7,2,0,0.59,0,8,0.29,0,1,1
139,1.65,0,0.37,0,0,0.65,1,0,0.06,3,0,0
53,9.75,0,0.4,1,1,0.68,1,3,0.95,4,0,1
139,3.88,0,0.8,4,0,0.49,1,8,0.12,5,0,1
445,2.08,0,0.61,1,0,0.43,1,3,0.23,2,0,0
21,0.43,0,0.41,0,0,0.53,1,2,0.23,5,0,0
22,7.53,0,0.55,5,1,0.33,0,8,0.73,4,0,1
110,2.4,0,0.3,1,0,0.55,1,2,0.18,5,0,0
80,3.63,0,0.3,0,0,0.64,1,3,0.08,4,0,0
21,2.78,0,0.4,0,0,0.66,1,3,0.24,3,0,0
3306,4.31,0,0.53,1,0,0.35,1,0,0.02,3,0,0
3389,0.67,1,0.59,0,0,0.79,1,3,0.04,1,0,0
3306,4.7,1,0.8,4,0,0.63,1,7,0.25,5,0,1
3306,1.76,1,0.31,0,0,0.84,1,0,0.12,2,0,0
25,4.22,0,0.35,1,0,0.73,1,2,0.23,3,0,0
80,3.86,1,0.28,1,0,0.78,1,0,0.12,3,0,0
23,3.59,0,0.66,1,0,0.39,1,1,0.19,3,0,0
3306,0.5,0,0.52,1,0,0.33,1,1,0.16,1,0,0
110,0.77,0,0.3,1,0,0.33,1,0,0.22,4,0,0
3306,3.13,0,0.49,0,0,0.57,1,1,0.15,1,0,0
3306,2.88,1,0.39,1,0,0.67,1,0,0.12,3,0,0
139,1.7,0,0.45,1,0,0.69,1,3,0.16,1,0,0
80,5.75,0,0.7,0,1,0.52,0,7,0.72,4,1,1
80,2.66,1,0.49,1,0,0.55,1,2,0.22,3,0,0
22,8.88,1,0.55,2,1,0.65,1,6,0.52,5,0,1
53,7.85,1,0.4,1,0,0.53,1,18,0.58,2,0,1
445,3.49,1,0.32,0,0,0.77,1,1,0.24,1,0,0
80,3.86,0,0.46,0,0,0.5,1,0,0.14,3,0,0
23,7.48,1,1.0,3,1,0.64,0,20,0.31,2,0,1
22,4.17,0,0.37,1,0,0.63,1,3,0.01,4,0,0
80,8.48,1,0.7,3,0,0.66,1,19,0.35,0,1,1
139,0.24,0,0.41,1,0,0.64,1,3,0.24,1,0,0
139,1.84,0,0.29,1,0,0.55,1,2,0.03,4,0,0
445,7.41,0,0.9,2,1,0.72,1,3,0.14,2,0,1
143,3.58,1,0.6,5,0,0.92,0,20,0.99,1,1,1
139,1.41,0,0.43,1,0,0.58,1,3,0.08,2,0,0
443,4.0,1,0.29,1,0,0.78,1,2,0.08,5,0,0
22,6.41,0,0.55,2,1,0.38,0,2,0.64,1,1,1
23,9.28,1,1.0,1,0,0.49,0,10,0.28,5,1,1
110,8.43,1,0.6,0,1,0.68,0,5,0.56,2,1,1
3306,7.69,1,0.8,1,0,0.52,1,20,0.92,3,0,1
110,9.85,1,0.6,1,0,0.85,1,6,0.7,5,1,1
23,2.89,0,0.43,0,0,0.5,1,0,0.19,3,0,0
25,8.18,1,0.6,0,1,0.97,0,13,0.86,5,1,1
80,8.72,1,0.7,4,1,0.57,1,9,0.26,3,0,1
110,5.35,1,0.6,4,1,0.34,1,8,0.67,4,1,1
110,1.48,0,0.2,0,0,0.58,1,3,0.13,1,0,0
110,6.07,1,0.6,0,1,0.42,0,13,0.34,3,1,1
22,8.43,1,0.55,4,1,0.33,1,2,0.69,3,1,1
445,6.06,1,0.9,4,1,0.37,0,9,0.95,2,1,1
3306,9.74,1,0.8,5,1,0.54,0,10,0.2,0,0,1
23,7.66,1,1.0,0,1,0.68,1,1,0.92,2,1,1
445,7.18,0,0.9,0,1,0.64,1,18,0.54,3,1,1
53,4.42,1,0.14,1,0,0.58,1,3,0.18,5,0,0
3306,8.86,0,0.8,3,1,0.49,0,9,0.74,4,0,1
23,5.86,1,1.0,2,1,0.58,0,19,0.8,2,1,1
25,7.2,1,0.6,1,1,0.31,0,1,0.87,3,1,1
21,7.57,1,0.9,3,0,0.71,1,10,0.44,2,0,1
139,9.17,1,0.8,0,1,0.33,0,11,0.81,0,1,1
445,7.57,1,0.9,1,1,0.78,0,13,0.87,5,0,1
443,4.27,0,0.45,0,0,0.74,1,0,0.16,1,0,0
3306,6.82,1,0.8,3,1,0.56,0,11,0.59,0,0,1
443,4.75,0,0.45,0,0,0.35,1,1,0.04,1,0,0
22,9.46,1,0.55,5,1,0.8,0,13,0.58,1,0,1
80,9.11,1,0.7,5,1,0.53,0,4,0.77,5,0,1
110,2.55,0,0.41,1,0,0.39,1,0,0.06,4,0,0
80,9.23,0,0.7,0,1,0.68,0,19,0.96,1,0,1
3306,4.89,0,0.51,0,0,0.87,1,2,0.07,2,0,0
3389,7.31,1,0.85,5,1,0.42,1,17,0.26,1,0,1
25,4.72,1,0.2,1,0,0.32,1,3,0.23,5,0,0
3306,8.43,1,0.8,0,1,0.55,1,1,0.89,1,0,1
23,7.17,1,1.0,3,1,0.32,1,6,0.42,1,1,1
443,7.72,0,0.65,5,1,0.49,1,19,0.44,3,0,1
22,8.06,1,0.55,4,1,0.69,0,15,0.32,5,1,1
443,9.28,0,0.65,4,1,0.64,0,19,0.53,3,1,1
3306,0.91,0,0.27,0,0,0.78,1,1,0.23,2,0,0
445,6.19,1,0.9,0,0,0.8,0,10,0.97,4,0,1
443,7.75,1,0.65,2,1,0.88,1,1,0.69,0,1,1
80,3.64,0,0.29,0,0,0.88,1,2,0.22,4,0,0
139,1.68,0,0.25,0,0,0.87,1,2,0.13,3,0,0
110,2.68,0,0.38,1,0,0.66,1,1,0.08,1,0,0
3306,0.97,0,0.31,1,0,0.55,1,2,0.02,2,0,0
3306,5.45,1,0.8,3,0,0.81,0,20,0.49,3,1,1
21,0.58,0,0.44,1,0,0.72,1,0,0.24,4,0,0
22,3.8,0,0.23,1,0,0.64,1,2,0.1,2,0,0
21,8.68,1,0.9,2,0,0.97,0,3,0.93,5,1,1
80,7.95,1,0.7,5,0,0.32,1,4,0.53,4,0,1
25,3.22,1,0.3,0,0,0.45,1,2,0.09,1,0,0
23,4.6,0,0.65,0,0,0.64,1,3,0.02,3,0,0
3306,3.92,0,0.29,1,0,0.44,1,3,0.05,4,0,0
3389,6.82,1,0.85,4,1,0.6,1,15,0.86,4,1,1
25,7.46,1,0.6,4,1,0.61,1,12,0.48,4,0,1
3389,4.0,1,0.47,1,0,0.31,1,1,0.21,2,0,0
143,7.96,0,0.6,1,1,0.47,0,5,0.98,5,1,1
143,5.59,1,0.6,4,1,0.62,1,8,0.57,2,1,1
3306,4.88,0,0.4,0,0,0.77,1,1,0.05,5,0,0
23,5.27,1,1.0,1,1,0.83,1,16,0.26,1,1,1
445,4.81,0,0.37,1,0,0.72,1,0,0.18,5,0,0
23,3.64,1,1.0,1,0,0.33,1,17,0.87,3,0,1
21,3.1,1,0.53,1,0,0.87,1,2,0.21,5,0,0
22,0.81,0,0.38,1,0,0.53,1,2,0.22,5,0,0
21,3.89,0,0.29,1,0,0.74,1,2,0.14,1,0,0
3306,1.69,0,0.51,0,0,0.78,1,2,0.02,2,0,0
25,7.24,1,0.6,0,1,0.97,1,5,0.73,5,0,1
443,0.24,0,0.29,1,0,0.81,1,1,0.1,3,0,0
21,5.37,1,0.9,4,1,0.3,1,18,0.77,5,0,1
110,5.74,1,0.6,5,0,0.78,0,17,0.89,1,0,1
139,8.94,1,0.8,1,0,0.83,0,2,0.7,4,1,1
23,4.76,0,0.43,1,0,0.34,1,0,0.19,5,0,0
3306,4.47,0,0.43,0,0,0.52,1,1,0.1,1,0,0
445,4.7,1,0.35,0,0,0.82,1,2,0.09,5,0,0
23,6.4,0,1.0,0,1,0.72,0,10,0.21,5,1,1
445,4.66,0,0.33,1,0,0.87,1,1,0.06,5,0,0
3306,7.19,0,0.8,0,1,0.93,0,14,0.49,5,1,1
22,4.72,0,0.33,1,0,0.46,1,1,0.1,1,0,0
443,6.33,0,0.65,3,1,0.54,1,14,0.65,4,0,1
21,6.58,0,0.9,0,0,0.34,1,11,0.86,1,1,1
139,2.71,0,0.29,1,0,0.36,1,1,0.22,4,0,0
22,0.31,0,0.35,0,0,0.87,1,2,0.01,3,0,0
443,4.96,1,0.65,1,0,0.37,1,13,0.3,0,0,1
53,7.8,1,0.4,2,0,0.38,0,11,0.49,1,1,1
22,1.35,0,0.38,1,0,0.86,1,3,0.19,4,0,0
21,4.92,1,0.9,0,0,0.61,1,19,0.51,4,1,1
25,6.19,1,0.6,5,1,0.52,1,16,0.59,2,1,1
139,1.99,1,0.5,1,0,0.78,1,3,0.25,5,0,0
445,1.47,0,0.37,0,0,0.66,1,3,0.16,3,0,0
443,4.39,1,0.65,5,0,0.63,0,1,0.41,5,0,1
21,3.56,0,0.56,0,0,0.63,1,1,0.04,3,0,0
110,8.27,1,0.6,2,0,0.65,0,6,0.41,2,1,1
445,9.21,1,0.9,5,1,0.83,0,2,0.3,1,1,1
139,6.66,1,0.8,2,1,0.55,1,16,0.37,3,0,1
143,9.72,0,0.6,1,1,0.57,0,9,0.99,5,0,1
23,1.62,1,0.35,0,0,0.55,1,3,0.03,3,0,0
139,8.95,1,0.8,5,1,0.91,0,8,0.64,2,1,1
3389,9.73,1,0.85,4,1,0.34,0,3,0.5,4,1,1
445,0.4,1,0.54,0,0,0.37,1,1,0.06,3,0,0
139,1.08,0,0.55,1,0,0.35,1,0,0.18,4,0,0
110,9.12,1,0.6,0,1,0.64,0,7,0.28,0,1,1
143,7.0,0,0.6,1,1,0.3,0,19,0.73,4,1,1
53,4.28,0,0.22,0,0,0.53,1,3,0.0,1,0,0
139,4.18,0,0.48,1,0,0.87,1,2,0.16,2,0,0
3389,8.49,1,0.85,1,1,0.45,1,4,0.18,0,1,1
21,6.59,1,0.9,4,0,0.89,0,16,0.38,0,1,1
53,7.23,0,0.4,0,1,0.36,1,17,0.3,4,1,1
53,7.59,1,0.4,1,0,0.34,0,13,0.38,1,0,1
23,9.2,1,1.0,1,1,0.86,1,4,0.72,4,1,1
53,6.94,1,0.4,5,1,0.85,1,20,0.3,3,1,1
80,6.59,1,0.7,4,1,0.5,0,10,0.96,0,0,1
23,5.9,1,1.0,2,1,0.47,1,15,0.81,2,1,1
139,2.05,1,0.51,0,0,0.57,1,2,0.08,3,0,0
80,6.24,1,0.7,4,1,0.37,0,8,0.12,3,0,1
53,6.08,1,0.4,3,1,0.3,1,3,0.88,3,1,1
3389,5.11,1,0.85,4,0,0.41,0,15,0.7,4,0,1
3306,5.46,1,0.8,2,1,0.52,0,12,0.83,5,1,1
143,1.67,0,0.33,0,0,0.89,1,2,0.08,1,0,0
80,5.62,1,0.7,1,1,0.53,0,18,0.39,5,1,1
53,9.96,1,0.4,2,1,0.7,0,16,0.93,3,1,1
25,5.32,1,0.6,4,1,0.64,1,4,0.35,0,0,1
139,2.11,1,0.5,0,0,0.33,1,3,0.2,4,0,0
445,5.55,1,0.9,0,1,0.51,1,4,0.35,2,0,1
443,2.88,0,0.33,1,0,0.45,1,1,0.13,5,0,0
25,0.61,0,0.19,0,0,0.52,1,1,0.19,5,0,0
53,6.26,1,0.4,4,1,0.99,0,3,0.27,2,1,1
53,3.75,0,0.17,0,0,0.71,1,1,0.15,2,0,0
53,5.86,1,0.4,5,0,0.59,1,1,0.26,0,0,1
53,9.02,0,0.4,2,1,0.73,1,17,0.72,0,1,1
143,7.1,1,0.6,5,0,0.8,1,20,0.41,2,1,1
3306,2.56,1,0.42,1,0,0.88,1,2,0.05,4,0,0
80,9.84,1,0.7,2,0,0.92,0,18,0.29,0,0,1
139,4.49,0,0.8,0,0,0.47,1,10,0.22,2,0,1
23,3.55,0,0.64,1,0,0.81,1,3,0.09,3,0,0
443,3.61,0,0.2,0,0,0.34,1,2,0.22,1,0,0
3389,7.1,1,0.85,0,0,0.56,1,2,0.57,4,0,1
53,1.82,1,0.27,0,0,0.42,1,2,0.06,3,0,0
143,3.07,0,0.34,1,0,0.84,1,3,0.19,2,0,0
23,7.16,0,1.0,4,1,0.48,0,2,0.82,0,1,1
139,7.48,1,0.8,3,1,0.95,1,6,0.28,5,1,1
23,4.35,0,0.5,1,0,0.78,1,3,0.14,2,0,0
80,4.15,1,0.7,4,0,0.68,0,16,0.8,2,1,1
445,6.8,1,0.9,1,1,0.74,1,3,0.7,1,0,1
139,5.55,1,0.8,4,0,0.91,1,5,0.99,4,1,1
139,1.02,0,0.32,1,0,0.75,1,2,0.1,4,0,0
3306,6.29,1,0.8,1,0,0.7,0,2,0.57,2,0,1
23,9.43,1,1.0,5,0,0.56,1,9,0.46,1,0,1
3389,2.5,0,0.39,1,0,0.49,1,0,0.22,5,0,0
25,5.65,1,0.6,3,0,0.93,1,7,0.78,2,1,1
139,4.34,0,0.36,1,0,0.37,1,1,0.14,3,0,0
3389,5.74,0,0.85,1,1,0.9,0,15,0.76,1,0,1
23,3.63,1,0.46,1,0,0.41,1,3,0.22,3,0,0
3389,7.0,1,0.85,3,1,0.37,1,11,0.34,3,0,1
139,3.4,0,0.51,0,0,0.77,1,2,0.24,4,0,0
80,1.56,0,0.32,0,0,0.63,1,0,0.17,4,0,0
53,2.19,1,0.22,1,0,0.33,1,3,0.14,2,0,0
53,3.97,0,0.23,0,0,0.65,1,1,0.23,3,0,0
139,3.75,0,0.55,0,0,0.85,1,1,0.1,4,0,0
22,9.75,1,0.55,5,1,0.59,1,5,0.8,1,1,1
139,7.74,1,0.8,3,1,0.96,0,11,0.32,1,0,1
23,4.85,0,1.0,5,0,0.79,0,4,0.22,3,1,1
443,0.75,0,0.29,0,0,0.73,1,2,0.14,2,0,0
143,5.06,1,0.6,2,1,0.39,1,12,0.59,1,1,1
143,7.31,1,0.6,5,1,0.43,1,13,0.13,4,0,1
53,3.83,0,0.19,0,0,0.67,1,3,0.17,5,0,0
3389,4.39,1,0.42,1,0,0.67,1,2,0.15,1,0,0
143,3.65,1,0.6,0,0,0.82,0,0,0.38,1,0,1
3306,2.43,0,0.48,0,0,0.46,1,3,0.01,4,0,0
143,6.29,1,0.6,3,1,0.5,1,3,0.4,5,1,1
3389,0.67,0,0.29,0,0,0.3,1,0,0.13,1,0,0
445,0.92,0,0.52,1,0,0.63,1,3,0.01,1,0,0
80,7.59,1,0.7,5,1,0.32,0,19,0.75,3,0,1
21,0.87,1,0.5,0,0,0.8,1,2,0.0,3,0,0
23,7.95,0,1.0,2,1,0.77,0,8,0.61,0,0,1
143,6.92,0,0.6,3,1,0.72,1,8,0.74,2,1,1
23,0.62,0,0.41,1,0,0.84,1,2,0.15,4,0,0
445,8.91,0,0.9,4,1,0.99,0,18,0.96,4,1,1
110,5.94,1,0.6,4,0,0.76,0,5,0.51,0,1,1
110,4.26,0,0.3,1,0,0.75,1,3,0.24,5,0,0
443,3.97,1,0.65,5,0,0.98,0,7,0.9,1,0,1
53,0.94,0,0.14,0,0,0.48,1,2,0.23,2,0,0
139,4.87,1,0.32,1,0,0.65,1,0,0.24,2,0,0
3389,6.13,0,0.85,1,0,0.47,0,7,0.91,2,0,1
110,8.35,1,0.6,0,0,0.87,1,15,0.38,5,1,1
143,1.92,0,0.36,1,0,0.38,1,0,0.21,5,0,0
139,2.59,0,0.49,0,0,0.54,1,1,0.11,2,0,0
443,9.01,1,0.65,2,0,0.65,1,10,0.46,2,0,1
21,2.95,0,0.57,0,0,0.63,1,2,0.23,4,0,0
21,4.66,1,0.3,1,0,0.39,1,1,0.02,5,0,0
80,7.6,1,0.7,2,0,0.94,0,12,0.55,1,1,1
143,2.3,1,0.37,1,0,0.35,1,3,0.23,5,0,0
21,8.88,0,0.9,2,0,0.76,1,8,0.65,3,1,1
53,2.99,0,0.18,1,0,0.7,1,2,0.23,3,0,0
25,8.81,0,0.6,4,1,0.51,1,4,0.72,4,0,1
23,6.58,1,1.0,2,0,0.35,1,2,0.11,5,1,1
445,4.23,1,0.46,0,0,0.54,1,3,0.1,5,0,0
23,9.67,1,1.0,0,0,0.92,0,15,0.83,3,0,1
21,3.33,0,0.44,0,0,0.66,1,1,0.0,1,0,0
443,1.7,1,0.27,1,0,0.56,1,2,0.05,4,0,0
23,6.45,0,1.0,3,1,0.9,0,13,0.89,5,0,1
3389,6.7,1,0.85,0,0,0.36,1,1,0.77,0,0,1
110,0.24,0,0.28,0,0,0.58,1,2,0.22,5,0,0
25,3.87,0,0.36,1,0,0.74,1,0,0.1,5,0,0
25,5.04,1,0.6,2,1,0.95,1,11,0.64,2,1,1
22,7.4,1,0.55,5,0,0.92,0,17,0.14,1,0,1
3306,3.61,1,0.8,3,0,0.67,1,4,0.81,5,1,1
3306,3.84,1,0.48,0,0,0.78,1,0,0.1,3,0,0
23,5.15,0,1.0,5,1,0.96,1,12,0.24,4,0,1
139,3.53,0,0.29,1,0,0.3,1,0,0.08,4,0,0
22,3.64,0,0.34,1,0,0.66,1,3,0.05,1,0,0
139,4.93,1,0.8,4,0,0.51,0,9,0.71,5,1,1
3389,1.59,0,0.55,0,0,0.39,1,0,0.02,4,0,0
23,2.97,1,0.39,0,0,0.37,1,0,0.19,4,0,0
445,0.98,1,0.35,0,0,0.3,1,3,0.04,2,0,0
23,7.55,1,1.0,4,1,0.31,0,20,0.72,4,0,1
139,1.1,0,0.28,1,0,0.49,1,3,0.23,1,0,0
445,6.36,1,0.9,1,0,0.49,1,17,0.17,1,0,1
21,3.34,0,0.44,0,0,0.55,1,3,0.18,5,0,0
23,2.17,0,0.45,0,0,0.38,1,0,0.11,4,0,0
23,0.65,1,0.67,0,0,0.52,1,3,0.02,2,0,0
3389,4.34,0,0.45,0,0,0.56,1,1,0.06,2,0,0
53,1.23,0,0.15,0,0,0.85,1,2,0.1,1,0,0
445,6.55,1,0.9,3,0,0.9,0,7,0.39,4,0,1
445,7.5,1,0.9,4,0,0.55,0,11,0.72,2,0,1
25,4.47,0,0.19,0,0,0.67,1,1,0.16,2,0,0
22,4.2,0,0.19,0,0,0.79,1,3,0.05,5,0,0
443,3.12,0,0.41,0,0,0.84,1,0,0.16,4,0,0
53,4.33,0,0.4,4,0,0.83,0,10,0.69,1,1,1
443,7.5,1,0.65,5,1,0.54,1,16,0.51,5,1,1
3389,0.33,1,0.52,1,0,0.39,1,2,0.2,5,0,0
53,7.73,1,0.4,3,0,0.72,1,6,0.27,0,1,1
22,0.92,1,0.32,0,0,0.63,1,1,0.1,5,0,0
53,2.32,1,0.12,1,0,0.82,1,3,0.04,1,0,0
25,2.06,1,0.27,1,0,0.68,1,2,0.14,3,0,0
139,5.84,0,0.8,2,0,0.88,1,20,0.93,5,0,1
22,0.57,0,0.18,1,0,0.45,1,3,0.18,1,0,0
3306,2.34,0,0.32,0,0,0.77,1,2,0.12,5,0,0
445,4.17,0,0.56,1,0,0.77,1,3,0.04,4,0,0
445,3.57,0,0.56,1,0,0.49,1,3,0.23,5,0,0
53,8.71,1,0.4,4,1,0.48,0,2,0.29,1,0,1
445,2.2,0,0.5,0,0,0.7,1,3,0.25,4,0,0
445,2.92,0,0.6,0,0,0.63,1,0,0.03,5,0,0
25,5.81,1,0.6,2,0,0.75,1,0,0.97,3,0,1
25,5.79,0,0.6,3,0,0.72,1,9,0.58,0,1,1
143,2.44,0,0.38,0,0,0.57,1,1,0.23,3,0,0
23,3.72,0,0.55,1,0,0.81,1,3,0.15,5,0,0
3306,4.83,0,0.52,0,0,0.54,1,3,0.05,2,0,0
22,1.05,1,0.17,0,0,0.51,1,0,0.1,2,0,0
445,2.0,1,0.45,1,0,0.82,1,2,0.07,4,0,0
443,2.81,0,0.23,1,0,0.5,1,2,0.03,5,0,0
21,3.65,1,0.9,3,0,0.49,0,2,0.23,2,1,1
3389,5.32,1,0.85,2,0,0.69,0,2,0.32,3,1,1
80,5.51,1,0.7,5,1,0.58,1,6,0.78,1,1,1
139,4.27,0,0.41,0,0,0.37,1,1,0.06,4,0,0
3306,9.24,0,0.8,1,0,0.62,1,0,0.58,2,1,1
3389,9.32,1,0.85,0,1,0.94,0,1,1.0,0,0,1
53,8.59,0,0.4,3,1,0.55,0,12,0.65,3,1,1
25,8.93,0,0.6,2,1,0.36,0,18,0.46,0,1,1
80,4.8,1,0.28,0,0,0.86,1,3,0.2,2,0,0
21,2.0,0,0.34,0,0,0.62,1,2,0.1,2,0,0
139,8.71,1,0.8,1,0,0.8,0,5,0.27,5,0,1
445,7.27,1,0.9,5,1,0.77,0,11,0.49,3,1,1
139,5.93,1,0.8,0,1,0.56,0,8,0.32,1,0,1
3389,2.84,1,0.48,0,0,0.59,1,1,0.01,4,0,0
3306,6.99,1,0.8,0,1,0.6,0,9,0.4,4,0,1
445,3.11,0,0.46,0,0,0.49,1,3,0.08,3,0,0
80,0.49,0,0.32,0,0,0.3,1,3,0.21,4,0,0
80,8.8,1,0.7,2,1,0.7,0,17,0.15,5,0,1
139,1.21,0,0.42,1,0,0.48,1,2,0.03,5,0,0
139,9.39,1,0.8,3,0,0.95,0,6,0.57,3,1,1
22,5.69,1,0.55,1,1,0.58,1,16,0.69,2,1,1
110,6.51,0,0.6,5,1,0.38,1,17,0.44,3,1,1
443,6.38,1,0.65,4,0,0.3,0,18,0.13,3,1,1
23,0.21,0,0.34,0,0,0.46,1,3,0.21,4,0,0
21,5.7,1,0.9,5,0,0.63,1,20,0.26,1,0,1
139,0.28,1,0.38,1,0,0.62,1,0,0.07,4,0,0
3306,0.69,0,0.33,1,0,0.66,1,1,0.15,4,0,0
80,6.48,1,0.7,5,0,0.8,0,9,0.66,1,1,1
21,3.84,0,0.29,0,0,0.76,1,0,0.01,4,0,0
443,8.3,1,0.65,1,1,0.86,1,7,0.72,2,1,1
110,1.24,1,0.29,0,0,0.53,1,1,0.16,2,0,0
445,0.31,0,0.51,0,0,0.51,1,3,0.17,5,0,0
53,2.12,1,0.14,0,0,0.32,1,0,0.24,2,0,0
445,1.07,0,0.37,0,0,0.65,1,0,0.19,1,0,0
25,3.64,0,0.23,0,0,0.83,1,1,0.17,5,0,0
80,8.45,1,0.7,0,1,0.97,1,7,0.15,3,1,1
445,2.78,0,0.35,1,0,0.71,1,2,0.15,1,0,0
53,5.99,0,0.4,0,0,0.94,0,17,0.36,2,0,1
53,5.94,1,0.4,5,1,0.9,0,3,0.81,5,1,1
25,3.6,0,0.6,3,0,0.52,1,11,0.52,0,1,1
21,7.08,1,0.9,3,0,0.73,0,14,0.42,2,0,1
445,2.99,0,0.3,1,0,0.4,1,2,0.19,2,0,0
21,2.76,0,0.3,0,0,0.34,1,2,0.2,3,0,0
23,3.99,0,1.0,3,0,0.56,1,4,0.95,2,1,1
3306,4.46,0,0.39,0,0,0.88,1,3,0.18,2,0,0
3389,3.9,0,0.41,0,0,0.4,1,3,0.11,1,0,0
25,7.5,1,0.6,0,1,0.4,0,5,0.76,0,0,1
3389,0.29,1,0.46,0,0,0.4,1,3,0.24,1,0,0
80,0.9,0,0.24,1,0,0.47,1,0,0.05,5,0,0
53,8.61,1,0.4,2,0,0.63,1,6,0.56,5,0,1
21,6.09,0,0.9,2,0,0.88,0,18,0.43,1,0,1
110,2.74,0,0.3,1,0,0.77,1,0,0.11,2,0,0
143,8.39,0,0.6,5,1,0.93,0,15,0.78,2,1,1
143,9.58,0,0.6,4,1,0.61,1,3,0.52,3,1,1
143,1.02,0,0.31,1,0,0.37,1,3,0.1,2,0,0
80,0.13,1,0.26,1,0,0.46,1,3,0.16,1,0,0
80,9.03,0,0.7,0,1,0.71,0,11,0.83,2,1,1
80,3.66,0,0.28,1,0,0.9,1,0,0.14,5,0,0
22,8.83,0,0.55,4,1,0.72,1,11,0.89,2,0,1
23,9.64,1,1.0,4,1,0.7,0,3,0.25,1,1,1
3306,9.63,0,0.8,0,0,0.37,0,14,0.85,5,1,1
23,8.23,0,1.0,4,0,0.96,1,10,0.12,2,0,1
21,9.97,1,0.9,5,0,0.36,0,4,0.88,4,0,1
3389,3.24,1,0.49,1,0,0.84,1,1,0.03,4,0,0
53,6.42,1,0.4,5,0,0.94,0,0,0.83,0,0,1
3306,8.54,1,0.8,2,1,0.88,0,14,0.71,1,1,1
443,3.68,0,0.22,1,0,0.84,1,2,0.02,3,0,0
53,8.08,1,0.4,2,1,0.86,1,4,0.23,2,0,1
110,1.14,0,0.23,1,0,0.71,1,0,0.05,4,0,0
3306,7.92,1,0.8,5,1,0.9,1,18,0.9,5,0,1
25,1.83,1,0.4,1,0,0.69,1,2,0.05,2,0,0
25,4.53,0,0.22,1,0,0.43,1,2,0.0,3,0,0
53,3.23,0,0.19,1,0,0.3,1,1,0.11,1,0,0
23,7.48,0,1.0,0,1,0.67,1,6,0.23,1,1,1
3389,4.03,1,0.36,0,0,0.5,1,3,0.17,2,0,0
3306,4.94,1,0.8,4,0,0.48,0,14,0.15,5,1,1
443,4.34,1,0.65,5,0,0.57,1,2,0.97,2,0,1
3389,7.38,1,0.85,0,1,0.77,0,13,0.55,4,1,1
80,0.34,1,0.37,0,0,0.72,1,3,0.04,3,0,0
25,7.91,0,0.6,5,1,0.81,1,8,0.29,5,1,1
80,3.06,0,0.47,0,0,0.42,1,0,0.24,1,0,0
25,0.33,0,0.2,0,0,0.72,1,3,0.11,5,0,0
25,4.76,1,0.6,3,0,0.32,1,2,0.86,4,1,1
3306,2.13,1,0.33,0,0,0.65,1,3,0.12,1,0,0
139,6.95,0,0.8,3,1,0.92,1,14,0.7,4,0,1
3389,2.56,1,0.28,0,0,0.62,1,3,0.15,2,0,0
443,3.98,1,0.23,1,0,0.68,1,2,0.06,1,0,0
25,2.23,0,0.41,1,0,0.68,1,1,0.01,2,0,0
3306,0.3,0,0.39,0,0,0.78,1,2,0.24,5,0,0
3306,1.69,0,0.45,0,0,0.75,1,1,0.08,5,0,0
3306,3.07,0,0.43,1,0,0.74,1,0,0.08,3,0,0
80,7.65,1,0.7,2,1,0.52,0,9,0.5,2,1,1
53,5.61,1,0.4,2,1,0.67,0,7,0.65,0,0,1
53,3.6,0,0.17,0,0,0.43,1,1,0.12,5,0,0
21,6.93,1,0.9,1,1,0.63,0,16,0.64,1,1,1
139,9.05,1,0.8,3,0,0.47,0,1,0.77,0,0,1
23,1.0,0,0.65,0,0,0.37,1,0,0.0,1,0,0
110,3.69,0,0.22,0,0,0.58,1,2,0.23,5,0,0
22,3.19,1,0.21,0,0,0.85,1,2,0.01,4,0,0
143,3.55,0,0.36,1,0,0.49,1,1,0.16,3,0,0
443,7.02,0,0.65,1,1,0.91,0,11,0.32,1,1,1
143,8.39,0,0.6,4,0,0.55,0,14,0.56,2,1,1
53,1.73,0,0.19,1,0,0.83,1,2,0.14,5,0,0
23,8.19,1,1.0,0,1,0.45,0,14,0.73,1,1,1
143,6.44,1,0.6,1,1,0.56,0,7,0.54,4,0,1
80,1.08,1,0.34,0,0,0.49,1,2,0.04,5,0,0
23,8.07,0,1.0,5,1,0.42,0,6,0.69,5,1,1
25,1.3,0,0.21,1,0,0.88,1,2,0.07,4,0,0
53,1.15,0,0.21,1,0,0.52,1,2,0.11,1,0,0
3389,5.63,1,0.85,1,1,0.51,1,14,0.71,4,0,1
3306,0.68,0,0.52,1,0,0.33,1,2,0.2,1,0,0
23,8.93,0,1.0,3,0,0.65,1,6,0.48,2,0,1
110,0.79,0,0.36,0,0,0.62,1,2,0.03,5,0,0
3306,1.47,0,0.4,1,0,0.79,1,1,0.14,4,0,0
23,0.4,0,0.65,0,0,0.38,1,1,0.05,3,0,0
139,1.81,0,0.27,1,0,0.47,1,1,0.1,3,0,0
445,1.83,0,0.33,0,0,0.72,1,1,0.18,3,0,0
25,7.04,1,0.6,4,1,0.91,0,17,0.81,0,1,1
23,4.14,1,1.0,4,0,0.42,0,5,0.13,4,0,1
110,3.87,0,0.38,1,0,0.33,1,0,0.21,4,0,0
25,4.3,1,0.29,0,0,0.83,1,1,0.16,5,0,0
143,8.92,1,0.6,0,1,0.39,0,10,0.85,4,1,1
445,1.67,0,0.51,0,0,0.81,1,3,0.16,5,0,0
21,0.3,1,0.32,1,0,0.82,1,3,0.05,1,0,0
443,1.83,0,0.31,0,0,0.43,1,0,0.06,1,0,0
139,8.83,0,0.8,4,1,0.97,0,6,0.97,0,0,1
22,2.79,1,0.34,1,0,0.62,1,2,0.07,4,0,0
143,2.45,0,0.23,1,0,0.71,1,1,0.02,2,0,0
139,8.15,0,0.8,5,1,0.71,0,13,0.36,4,0,1
53,5.09,1,0.4,4,0,0.9,0,20,0.55,4,0,1
139,2.71,0,0.33,1,0,0.52,1,3,0.03,4,0,0
139,1.85,0,0.55,0,0,0.76,1,1,0.14,1,0,0
23,6.87,1,1.0,1,1,0.68,1,10,0.86,5,1,1
110,2.9,1,0.29,1,0,0.9,1,1,0.22,3,0,0
22,6.19,1,0.55,4,1,0.72,0,9,0.42,1,1,1
3389,2.36,0,0.36,0,0,0.76,1,0,0.08,1,0,0
53,3.8,0,0.16,1,0,0.66,1,1,0.25,2,0,0
445,5.55,1,0.9,2,1,0.62,1,12,0.69,4,1,1
110,2.84,1,0.19,0,0,0.46,1,2,0.13,5,0,0
3389,3.89,0,0.34,0,0,0.71,1,0,0.16,4,0,0
22,9.89,1,0.55,0,0,0.98,0,8,0.18,1,1,1
53,0.91,0,0.13,0,0,0.36,1,2,0.18,4,0,0
139,3.93,0,0.36,0,0,0.71,1,0,0.14,1,0,0
3389,0.16,1,0.28,0,0,0.68,1,0,0.05,4,0,0
139,5.33,1,0.8,4,1,0.68,1,17,0.57,2,1,1
22,4.57,0,0.55,3,0,0.53,1,9,0.73,0,1,1
445,6.53,1,0.9,2,0,0.78,1,4,0.24,0,0,1
110,2.6,1,0.33,0,0,0.62,1,2,0.21,5,0,0
53,8.18,1,0.4,5,1,0.95,1,14,0.84,1,0,1
21,7.07,0,0.9,1,1,0.85,1,11,0.25,4,1,1
110,3.89,1,0.36,0,0,0.51,1,3,0.1,1,0,0
110,4.38,1,0.6,1,0,0.83,0,3,0.42,3,1,1
23,9.35,0,1.0,0,0,0.77,1,10,0.12,2,0,1
80,3.75,0,0.41,1,0,0.65,1,1,0.1,4,0,0
53,6.67,1,0.4,3,1,0.53,1,11,0.87,1,0,1
110,0.49,1,0.26,0,0,0.44,1,0,0.12,2,0,0
110,0.12,0,0.36,1,0,0.68,1,1,0.1,5,0,0
3306,7.61,0,0.8,5,0,0.93,1,8,0.96,3,0,1
23,6.71,1,1.0,3,1,0.4,0,3,0.54,5,0,1
110,1.59,1,0.29,0,0,0.85,1,2,0.14,4,0,0
3306,0.13,1,0.37,0,0,0.34,1,1,0.15,5,0,0
445,6.8,0,0.9,2,1,0.66,1,15,0.9,3,1,1
139,1.26,0,0.42,1,0,0.64,1,2,0.13,4,0,0
443,8.02,1,0.65,4,1,0.55,0,4,0.26,2,1,1
23,1.05,0,0.64,0,0,0.33,1,2,0.22,2,0,0
53,5.63,1,0.4,3,1,0.53,0,7,0.6,1,0,1
80,4.19,1,0.7,4,0,0.99,1,4,0.12,1,1,1
22,4.11,0,0.18,1,0,0.43,1,3,0.21,2,0,0
22,1.49,1,0.31,0,0,0.76,1,2,0.03,4,0,0
53,0.83,0,0.14,1,0,0.49,1,2,0.09,2,0,0
53,1.44,0,0.2,1,0,0.4,1,0,0.16,5,0,0
53,3.57,0,0.26,0,0,0.71,1,2,0.13,1,0,0
25,3.65,1,0.6,4,0,0.66,0,7,0.49,0,0,1
110,2.17,0,0.3,1,0,0.77,1,3,0.23,1,0,0
3306,4.13,0,0.37,0,0,0.55,1,2,0.19,4,0,0
139,3.92,0,0.55,0,0,0.32,1,1,0.14,5,0,0
21,3.68,1,0.3,0,0,0.34,1,1,0.18,3,0,0
53,4.39,1,0.22,0,0,0.46,1,3,0.2,5,0,0
445,1.15,0,0.36,0,0,0.78,1,1,0.12,4,0,0
445,2.64,1,0.51,1,0,0.7,1,2,0.18,2,0,0
21,3.37,1,0.35,0,0,0.64,1,1,0.23,4,0,0
80,1.24,1,0.48,0,0,0.65,1,3,0.21,2,0,0
143,4.12,1,0.6,4,0,0.67,0,6,0.7,1,1,1
143,0.5,1,0.26,0,0,0.45,1,0,0.12,5,0,0
22,1.99,0,0.25,0,0,0.62,1,3,0.21,1,0,0
3389,7.84,1,0.85,5,1,0.47,0,19,0.85,0,1,1
139,3.15,0,0.39,0,0,0.59,1,2,0.01,4,0,0
110,2.23,0,0.32,0,0,0.9,1,1,0.03,4,0,0
23,0.9,1,0.43,1,0,0.5,1,3,0.23,3,0,0
22,8.31,1,0.55,5,1,0.9,0,6,0.99,3,0,1
80,6.84,1,0.7,5,1,0.56,0,14,0.68,3,0,1
110,1.73,1,0.36,1,0,0.81,1,2,0.23,1,0,0
110,6.53,1,0.6,0,0,0.85,1,5,0.47,5,1,1
25,1.46,0,0.34,0,0,0.59,1,2,0.04,3,0,0
139,1.22,1,0.39,0,0,0.7,1,2,0.04,3,0,0
21,9.37,1,0.9,5,0,0.71,1,15,0.25,0,0,1
21,2.97,0,0.33,1,0,0.65,1,0,0.15,2,0,0
80,5.34,1,0.7,2,0,0.47,0,8,0.43,2,1,1
53,2.28,0,0.21,1,0,0.75,1,0,0.12,4,0,0
139,5.97,1,0.8,0,0,0.55,1,2,0.49,5,1,1
21,7.43,1,0.9,2,1,0.33,1,19,0.31,4,0,1
25,0.32,0,0.19,1,0,0.33,1,1,0.21,4,0,0
21,3.11,1,0.53,1,0,0.4,1,2,0.2,3,0,0
80,6.57,1,0.7,1,1,0.95,1,11,0.47,4,0,1
25,9.16,0,0.6,1,0,0.56,0,8,0.26,0,1,1
25,4.78,0,0.41,1,0,0.43,1,0,0.06,4,0,0
3389,0.52,1,0.51,1,0,0.77,1,0,0.23,1,0,0
53,4.59,1,0.19,1,0,0.57,1,1,0.16,2,0,0
53,4.16,0,0.16,0,0,0.77,1,3,0.03,1,0,0
143,1.41,0,0.2,1,0,0.33,1,3,0.22,5,0,0
53,4.76,1,0.19,0,0,0.61,1,2,0.19,4,0,0
139,4.36,1,0.8,1,0,0.85,0,15,0.43,2,0,1
23,3.66,0,0.4,1,0,0.47,1,1,0.07,2,0,0
21,3.26,1,0.45,0,0,0.3,1,1,0.16,5,0,0
445,7.82,1,0.9,4,1,0.53,1,5,0.5,3,1,1
110,2.98,0,0.2,1,0,0.72,1,1,0.24,4,0,0
53,5.71,1,0.4,4,0,0.63,0,4,0.8,1,0,1
3306,0.63,1,0.33,1,0,0.59,1,3,0.02,4,0,0
139,3.11,0,0.42,0,0,0.3,1,0,0.17,5,0,0
25,5.1,0,0.6,3,1,0.84,0,10,0.52,1,1,1
445,10.0,1,0.9,2,1,0.77,1,20,0.15,2,1,1
3306,5.73,0,0.8,0,0,0.44,0,13,0.51,1,0,1
143,6.67,1,0.6,2,1,0.37,1,14,0.27,1,1,1
80,1.89,0,0.34,0,0,0.41,1,1,0.19,1,0,0
80,1.48,0,0.33,0,0,0.71,1,1,0.1,5,0,0
3389,5.7,1,0.85,0,1,0.61,1,15,0.88,1,1,1
53,0.81,0,0.12,0,0,0.86,1,0,0.21,1,0,0
110,7.07,0,0.6,4,0,0.56,0,10,0.13,0,1,1
21,7.75,1,0.9,1,1,0.36,1,19,0.5,3,1,1
443,6.59,1,0.65,2,1,0.97,1,12,0.63,2,0,1
23,6.77,1,1.0,0,0,0.88,1,9,0.51,4,1,1
25,4.73,0,0.6,4,0,0.81,1,15,0.46,3,1,1
23,1.58,0,0.33,1,0,0.36,1,1,0.17,5,0,0
443,3.6,0,0.27,0,0,0.85,1,1,0.12,4,0,0
139,1.14,0,0.44,0,0,0.41,1,1,0.24,2,0,0
139,2.54,0,0.28,1,0,0.63,1,2,0.15,3,0,0
445,1.66,1,0.57,0,0,0.31,1,1,0.17,3,0,0
110,2.97,0,0.33,0,0,0.59,1,1,0.05,4,0,0
21,8.18,1,0.9,1,1,0.88,1,2,0.34,4,1,1
53,8.93,1,0.4,2,1,0.73,1,19,0.94,4,0,1
21,8.01,1,0.9,3,0,0.54,1,6,0.46,0,1,1
443,0.49,0,0.35,1,0,0.87,1,2,0.16,2,0,0
25,6.84,0,0.6,4,1,0.88,0,20,0.67,0,1,1
3306,9.41,1,0.8,3,0,0.42,0,17,0.89,2,1,1
443,4.34,0,0.31,1,0,0.75,1,0,0.22,4,0,0
3389,3.47,0,0.4,0,0,0.71,1,3,0.1,3,0,0
445,6.53,1,0.9,0,0,0.92,1,4,0.6,2,0,1
143,8.05,1,0.6,4,0,0.34,0,19,0.15,1,0,1
143,3.28,1,0.35,1,0,0.53,1,1,0.06,5,0,0
21,1.35,1,0.53,1,0,0.74,1,0,0.2,1,0,0
53,1.88,0,0.15,0,0,0.44,1,1,0.06,5,0,0
25,1.63,0,0.39,0,0,0.38,1,3,0.1,4,0,0
110,8.7,1,0.6,5,1,0.89,1,19,0.9,4,0,1
22,9.02,1,0.55,5,1,0.48,1,15,0.37,0,1,1
3306,4.93,1,0.8,1,0,0.32,1,4,0.23,3,0,1
25,0.86,0,0.3,0,0,0.47,1,2,0.21,1,0,0
53,7.73,1,0.4,0,1,0.88,1,16,0.39,2,1,1
139,6.86,1,0.8,0,1,0.39,0,7,0.65,3,0,1
110,6.18,1,0.6,1,1,0.45,1,4,0.51,4,0,1
21,8.32,0,0.9,5,1,0.94,0,8,0.1,3,1,1
21,8.91,1,0.9,2,1,0.92,1,10,0.85,3,0,1
80,0.59,0,0.44,0,0,0.8,1,3,0.13,1,0,0
23,6.05,1,1.0,2,1,0.75,1,7,0.41,4,1,1
443,8.54,1,0.65,0,1,0.54,0,5,0.7,5,1,1
21,8.91,1,0.9,1,0,0.45,0,5,0.8,3,0,1
3389,4.44,1,0.85,3,0,0.36,1,7,0.43,4,0,1
25,7.02,0,0.6,4,0,0.31,1,6,0.6,5,0,1
143,5.81,0,0.6,4,1,0.84,0,6,0.13,3,0,1
443,9.47,1,0.65,5,0,0.53,1,5,0.54,5,0,1
139,8.84,0,0.8,4,1,0.87,1,4,0.39,1,1,1
110,9.14,1,0.6,1,0,0.57,1,14,0.46,1,1,1
139,7.59,1,0.8,3,0,0.95,1,19,0.62,0,0,1
22,0.55,0,0.24,1,0,0.57,1,2,0.12,3,0,0
25,5.17,1,0.6,1,1,0.37,0,18,0.83,4,0,1
139,0.39,0,0.26,1,0,0.49,1,0,0.17,2,0,0
443,4.15,0,0.32,1,0,0.65,1,2,0.11,4,0,0
21,6.17,1,0.9,0,1,0.7,1,14,0.49,0,1,1
139,0.33,0,0.27,0,0,0.51,1,1,0.23,5,0,0
445,2.73,0,0.52,0,0,0.75,1,0,0.11,2,0,0
110,9.68,0,0.6,3,0,0.31,1,2,0.24,0,0,1
25,3.43,1,0.22,0,0,0.71,1,2,0.18,1,0,0
445,1.56,1,0.43,0,0,0.37,1,2,0.01,5,0,0
143,3.91,0,0.29,0,0,0.66,1,1,0.24,3,0,0
80,9.93,0,0.7,4,1,0.71,0,17,0.74,4,1,1
3306,5.22,1,0.8,1,0,0.37,1,14,0.63,2,1,1
25,6.66,0,0.6,5,0,0.67,0,19,0.67,0,0,1
139,6.75,1,0.8,5,1,0.64,1,15,0.11,2,1,1
22,8.4,1,0.55,0,1,0.6,0,11,0.48,2,1,1
3306,0.35,1,0.33,0,0,0.9,1,2,0.14,2,0,0
53,3.56,0,0.26,1,0,0.81,1,0,0.07,5,0,0
445,2.29,1,0.28,1,0,0.5,1,0,0.2,1,0,0
21,2.93,0,0.48,1,0,0.59,1,2,0.03,4,0,0
21,4.47,1,0.9,0,0,0.65,0,9,0.85,4,1,1
21,7.42,1,0.9,5,1,0.95,0,12,0.19,4,1,1
21,7.18,0,0.9,5,1,0.96,1,16,0.6,0,1,1
110,8.0,0,0.6,1,1,0.41,0,14,0.64,0,0,1
443,9.11,1,0.65,0,1,0.47,1,15,0.1,2,0,1
23,9.64,1,1.0,5,0,0.45,1,18,0.89,2,0,1
139,1.95,0,0.27,1,0,0.47,1,2,0.02,2,0,0
23,4.8,1,0.66,1,0,0.45,1,2,0.19,4,0,0
23,5.72,1,1.0,4,1,0.85,0,10,0.8,4,0,1
143,8.42,1,0.6,0,0,0.44,0,9,0.49,5,1,1
3306,5.88,0,0.8,5,1,0.42,1,12,0.91,4,1,1
139,0.97,0,0.29,1,0,0.86,1,1,0.14,1,0,0
443,8.96,1,0.65,5,0,0.87,1,15,0.37,3,1,1
23,2.91,1,0.55,1,0,0.33,1,3,0.12,2,0,0
25,9.65,1,0.6,4,1,0.88,0,15,0.9,3,0,1
22,3.03,0,0.27,1,0,0.38,1,1,0.13,5,0,0
53,2.85,0,0.18,1,0,0.61,1,1,0.13,2,0,0
53,8.79,0,0.4,1,0,0.81,0,0,0.79,1,1,1
143,0.27,0,0.34,1,0,0.83,1,1,0.13,1,0,0
25,6.36,1,0.6,3,0,0.8,0,14,0.89,0,1,1
80,3.74,0,0.22,0,0,0.79,1,0,0.17,4,0,0
22,6.17,1,0.55,1,0,0.81,1,19,0.87,0,1,1
110,2.37,0,0.21,1,0,0.66,1,1,0.02,4,0,0
3306,6.02,1,0.8,2,1,0.87,0,20,0.88,5,0,1
53,5.2,1,0.4,3,0,0.99,1,13,0.5,0,1,1
443,1.63,1,0.34,0,0,0.85,1,0,0.18,2,0,0
3306,3.79,1,0.5,0,0,0.82,1,1,0.05,4,0,0
23,2.71,0,0.42,0,0,0.6,1,2,0.13,1,0,0
53,0.17,0,0.24,1,0,0.41,1,3,0.13,5,0,0
23,7.09,1,1.0,4,0,0.42,1,12,0.57,0,1,1
23,7.17,1,1.0,1,0,0.49,0,5,0.98,2,1,1
21,2.25,0,0.5,0,0,0.51,1,2,0.12,3,0,0
25,1.05,1,0.32,0,0,0.66,1,0,0.06,1,0,0
445,2.26,0,0.46,1,0,0.74,1,1,0.08,3,0,0
139,4.89,1,0.8,4,0,0.6,0,14,0.48,3,0,1
110,5.74,0,0.6,0,1,0.69,1,1,0.83,5,0,1
445,4.25,1,0.36,0,0,0.8,1,0,0.22,2,0,0
53,2.66,0,0.23,0,0,0.84,1,2,0.25,4,0,0
25,5.37,0,0.6,3,1,0.54,1,13,0.65,1,1,1
3389,9.57,0,0.85,4,0,0.81,1,6,0.9,2,1,1
23,9.04,0,1.0,3,1,0.35,1,7,1.0,5,0,1
443,7.87,0,0.65,0,1,0.54,0,7,0.88,4,0,1
3306,1.23,0,0.5,0,0,0.68,1,0,0.05,5,0,0
23,5.79,1,1.0,1,1,0.68,0,6,0.91,0,1,1
3306,8.25,1,0.8,2,0,0.7,1,12,0.38,5,1,1
443,8.09,1,0.65,5,1,0.98,1,20,0.59,2,1,1
25,9.12,1,0.6,2,1,0.88,1,18,0.62,4,1,1
143,0.79,0,0.31,1,0,0.7,1,2,0.17,1,0,0
3389,8.53,1,0.85,0,0,0.55,1,3,0.12,1,0,1
23,0.5,1,0.35,1,0,0.46,1,2,0.15,5,0,0
3306,8.63,1,0.8,4,1,0.37,1,1,0.2,0,0,1
110,3.99,1,0.24,0,0,0.6,1,2,0.07,2,0,0
445,7.75,1,0.9,3,1,0.91,0,1,0.25,2,1,1
53,3.15,0,0.16,0,0,0.66,1,2,0.09,4,0,0
22,8.9,0,0.55,5,1,0.4,1,16,0.24,2,0,1
139,7.86,1,0.8,2,1,0.92,0,14,0.83,3,1,1
3389,7.43,1,0.85,5,0,0.89,1,19,0.75,2,1,1
3389,2.2,1,0.29,1,0,0.64,1,1,0.15,2,0,0
53,4.34,0,0.18,0,0,0.67,1,0,0.02,5,0,0
25,3.65,0,0.22,1,0,0.33,1,2,0.19,5,0,0
53,2.46,0,0.23,1,0,0.58,1,2,0.04,5,0,0
23,2.2,1,0.32,1,0,0.55,1,1,0.01,3,0,0
110,3.09,0,0.34,0,0,0.48,1,3,0.22,3,0,0
23,6.57,1,1.0,4,1,0.4,1,3,0.37,4,0,1
139,5.65,1,0.8,4,1,0.38,0,15,0.53,5,0,1
110,2.35,1,0.22,1,0,0.73,1,0,0.22,1,0,0
23,4.11,1,1.0,5,0,0.65,1,11,0.97,5,0,1
22,5.8,1,0.55,2,1,0.5,1,5,0.11,0,0,1
445,9.29,1,0.9,3,1,0.78,0,2,0.19,3,0,1
22,1.36,0,0.36,0,0,0.87,1,3,0.08,5,0,0
25,3.22,0,0.34,1,0,0.5,1,2,0.05,3,0,0
21,9.96,0,0.9,0,1,0.75,1,14,0.87,4,0,1
110,8.57,1,0.6,2,1,0.42,0,18,0.99,3,0,1
3306,9.62,1,0.8,0,0,0.41,0,2,0.34,5,1,1
110,7.8,0,0.6,5,0,0.52,0,2,0.88,0,1,1
80,9.04,1,0.7,4,1,0.39,1,3,0.6,5,1,1
445,4.63,0,0.6,0,0,0.84,1,0,0.22,5,0,0
21,9.18,1,0.9,4,1,0.74,1,2,0.43,4,0,1
23,4.86,0,1.0,5,0,0.75,0,17,0.76,1,1,1
3306,9.55,0,0.8,0,0,0.67,0,6,0.46,0,0,1
110,7.09,1,0.6,1,1,0.41,0,16,0.42,5,1,1
53,3.95,0,0.15,1,0,0.86,1,1,0.23,2,0,0
23,7.97,1,1.0,5,1,0.62,1,15,0.26,5,1,1
143,8.13,1,0.6,4,0,1.0,1,11,0.65,2,1,1
143,7.38,1,0.6,5,1,0.62,0,10,0.14,5,0,1
110,3.8,1,0.25,0,0,0.57,1,2,0.24,1,0,0
443,6.23,1,0.65,1,1,0.86,1,17,0.68,4,1,1
22,5.54,1,0.55,5,1,0.72,0,16,0.71,0,1,1
3389,2.57,0,0.35,1,0,0.81,1,0,0.12,1,0,0
53,3.94,0,0.4,2,0,0.47,1,12,0.45,4,1,1
3389,0.9,0,0.51,0,0,0.43,1,1,0.08,2,0,0
139,0.74,0,0.45,1,0,0.35,1,1,0.24,1,0,0
443,5.36,0,0.65,2,0,0.89,1,4,0.63,1,1,1
23,9.5,1,1.0,2,1,0.48,1,18,0.66,3,0,1
3306,3.0,0,0.37,1,0,0.46,1,2,0.15,1,0,0
22,6.62,1,0.55,0,0,0.85,0,6,0.89,5,0,1
53,8.86,0,0.4,5,0,0.58,1,17,0.92,2,1,1
21,2.86,1,0.37,1,0,0.82,1,2,0.0,1,0,0
143,9.29,1,0.6,2,0,0.83,0,1,0.16,2,0,1
110,0.91,0,0.27,1,0,0.72,1,2,0.21,3,0,0
21,0.94,0,0.57,1,0,0.9,1,0,0.17,1,0,0
443,3.17,0,0.2,1,0,0.53,1,0,0.12,3,0,0
110,4.86,1,0.6,0,0,0.58,0,11,0.78,1,0,1
443,8.32,1,0.65,3,0,0.92,1,19,0.12,5,0,1
143,0.76,0,0.28,1,0,0.53,1,2,0.17,2,0,0
3306,5.91,1,0.8,0,0,0.48,1,0,0.73,1,0,1
80,9.45,1,0.7,1,0,0.47,0,10,0.19,0,1,1
139,2.49,0,0.51,1,0,0.34,1,2,0.04,3,0,0
143,9.84,1,0.6,3,0,0.41,0,13,0.61,0,1,1
139,1.04,0,0.27,0,0,0.57,1,0,0.23,3,0,0
22,2.61,0,0.28,1,0,0.55,1,2,0.08,2,0,0
80,9.4,0,0.7,5,1,0.6,0,6,0.53,0,0,1
53,4.01,1,0.14,1,0,0.7,1,3,0.25,3,0,0
25,5.95,1,0.6,2,1,0.9,1,9,0.86,2,0,1
443,7.3,0,0.65,5,0,0.66,1,15,0.66,1,1,1
22,3.45,0,0.35,0,0,0.49,1,0,0.21,3,0,0
110,8.59,1,0.6,1,0,0.8,1,19,0.66,3,0,1
139,6.7,1,0.8,2,1,0.96,1,4,0.84,3,1,1
445,5.48,0,0.9,3,0,0.82,0,16,0.32,2,1,1
22,2.83,0,0.38,0,0,0.43,1,1,0.17,2,0,0
445,2.01,0,0.41,0,0,0.81,1,3,0.05,3,0,0
139,4.11,0,0.51,1,0,0.76,1,2,0.15,1,0,0
23,8.8,1,1.0,1,1,0.97,1,15,0.78,4,1,1
22,5.68,1,0.55,3,1,0.63,0,19,0.72,2,1,1
110,6.77,0,0.6,1,1,0.63,0,15,0.64,2,0,1
3306,1.15,0,0.33,1,0,0.64,1,2,0.04,3,0,0
23,1.51,1,0.5,0,0,0.83,1,3,0.22,1,0,0
80,9.04,1,0.7,3,0,0.48,0,4,0.73,4,1,1
3389,2.53,0,0.5,0,0,0.89,1,3,0.16,1,0,0
139,1.26,0,0.33,1,0,0.39,1,0,0.07,3,0,0
21,2.65,1,0.61,0,0,0.75,1,3,0.01,3,0,0
25,0.34,0,0.38,0,0,0.44,1,0,0.22,5,0,0
445,0.77,1,0.62,0,0,0.52,1,2,0.17,5,0,0
110,9.9,0,0.6,3,1,0.8,1,15,0.31,3,0,1
443,7.52,0,0.65,3,1,0.78,1,18,0.74,2,1,1
3306,8.5,1,0.8,5,1,0.49,0,11,0.32,5,0,1
53,1.45,0,0.14,1,0,0.44,1,0,0.17,3,0,0
110,3.53,0,0.32,0,0,0.78,1,2,0.18,1,0,0
3389,2.21,0,0.5,0,0,0.51,1,3,0.23,5,0,0
53,0.17,0,0.24,1,0,0.78,1,1,0.01,4,0,0
143,8.27,1,0.6,2,1,0.55,0,8,0.86,2,1,1
23,1.98,1,0.54,1,0,0.75,1,0,0.11,5,0,0
139,9.64,1,0.8,3,1,0.97,1,8,0.71,2,0,1
3306,4.39,0,0.27,0,0,0.38,1,2,0.06,2,0,0
3306,0.33,0,0.42,1,0,0.3,1,1,0.11,2,0,0
3306,5.58,1,0.8,0,1,0.78,0,11,0.52,0,0,1
445,0.79,1,0.49,1,0,0.89,1,3,0.08,1,0,0
53,9.54,1,0.4,5,1,0.44,0,4,0.73,2,0,1
3306,3.94,1,0.8,1,0,0.57,1,4,0.37,4,0,1
443,6.92,0,0.65,4,0,0.44,0,10,0.75,2,0,1
143,7.86,0,0.6,4,0,0.36,0,10,0.24,2,0,1
139,4.99,1,0.8,1,0,0.36,0,7,0.49,2,1,1
443,4.75,0,0.28,1,0,0.43,1,3,0.15,4,0,0
445,6.72,0,0.9,3,0,0.68,0,14,0.52,0,0,1
3306,2.89,1,0.48,1,0,0.32,1,3,0.09,5,0,0
21,2.57,1,0.31,1,0,0.85,1,0,0.22,5,0,0
443,2.38,0,0.32,1,0,0.74,1,0,0.14,2,0,0
143,2.64,0,0.38,0,0,0.5,1,0,0.06,5,0,0
443,6.26,1,0.65,3,1,0.61,1,6,0.92,3,0,1
53,0.27,1,0.22,1,0,0.68,1,2,0.06,1,0,0
143,8.04,1,0.6,4,0,0.34,0,17,0.53,1,0,1
110,7.87,0,0.6,1,1,0.87,1,14,0.96,0,0,1
143,4.95,0,0.6,1,0,0.75,1,5,0.57,0,0,1
3306,6.09,0,0.8,2,1,0.51,1,8,0.12,3,1,1
3389,5.68,1,0.85,1,1,0.59,0,1,0.41,3,1,1
22,4.79,0,0.21,1,0,0.41,1,1,0.2,2,0,0
443,2.94,0,0.38,1,0,0.79,1,3,0.16,5,0,0
3306,3.56,1,0.8,5,0,0.48,1,13,0.89,4,0,1
22,5.12,1,0.55,4,1,0.41,1,16,0.76,4,1,1
139,1.36,0,0.29,0,0,0.43,1,2,0.13,4,0,0
143,0.81,1,0.29,0,0,0.71,1,0,0.17,5,0,0
143,1.07,0,0.33,1,0,0.33,1,0,0.09,3,0,0
443,1.45,0,0.45,1,0,0.39,1,3,0.07,3,0,0
3306,4.61,1,0.53,0,0,0.78,1,3,0.08,4,0,0
80,3.7,1,0.23,0,0,0.55,1,0,0.21,5,0,0
21,6.72,0,0.9,4,0,0.98,0,14,0.29,3,0,1
23,5.59,1,1.0,3,1,0.84,1,16,0.21,5,0,1
139,0.08,0,0.49,0,0,0.76,1,3,0.23,4,0,0
80,8.65,1,0.7,2,1,0.62,0,2,0.68,1,1,1
139,1.61,1,0.31,0,0,0.74,1,1,0.23,4,0,0
110,8.08,1,0.6,4,1,0.84,0,2,0.51,4,1,1
139,2.89,1,0.36,1,0,0.32,1,2,0.18,1,0,0
21,9.57,1,0.9,3,1,0.46,0,14,0.92,2,1,1
80,9.86,0,0.7,3,1,0.62,0,5,0.54,3,0,1
80,6.83,1,0.7,4,1,0.56,1,12,0.96,2,1,1
139,1.32,0,0.38,1,0,0.66,1,0,0.13,4,0,0
139,4.7,1,0.8,1,0,0.7,0,20,0.35,2,0,1
21,2.49,1,0.63,1,0,0.51,1,2,0.02,5,0,0
23,8.68,0,1.0,2,0,0.71,1,9,0.63,4,0,1
23,7.24,1,1.0,0,1,0.33,0,2,0.71,5,1,1
23,1.12,0,0.31,1,0,0.77,1,2,0.22,4,0,0
53,4.38,1,0.21,1,0,0.53,1,0,0.23,4,0,0
110,3.71,1,0.36,1,0,0.81,1,0,0.18,2,0,0
110,0.02,0,0.18,0,0,0.35,1,2,0.19,3,0,0
53,3.05,0,0.23,1,0,0.72,1,1,0.07,1,0,0
445,7.52,1,0.9,0,0,0.32,0,12,0.98,3,0,1
22,3.7,1,0.31,1,0,0.53,1,2,0.13,2,0,0
443,3.23,0,0.43,1,0,0.48,1,2,0.08,2,0,0
22,0.13,0,0.2,1,0,0.89,1,1,0.19,5,0,0
143,5.47,1,0.6,2,0,0.8,0,13,0.89,1,0,1
3306,4.65,0,0.37,1,0,0.38,1,2,0.21,4,0,0
21,8.38,0,0.9,3,1,0.73,1,8,0.58,2,1,1
3306,0.31,0,0.31,1,0,0.73,1,3,0.04,3,0,0
23,9.44,0,1.0,5,1,0.6,0,20,0.59,0,0,1
21,6.84,1,0.9,4,0,0.75,0,14,0.24,1,0,1
139,1.04,1,0.35,1,0,0.71,1,0,0.22,3,0,0
445,0.52,0,0.44,0,0,0.67,1,3,0.24,4,0,0
53,3.25,0,0.22,1,0,0.64,1,1,0.08,2,0,0
443,4.72,1,0.41,1,0,0.7,1,2,0.15,2,0,0
23,3.95,1,0.32,0,0,0.34,1,1,0.06,5,0,0
139,4.09,0,0.43,0,0,0.74,1,3,0.16,2,0,0
22,0.05,0,0.19,0,0,0.31,1,0,0.11,2,0,0
53,5.99,1,0.4,2,1,0.41,0,11,0.96,0,0,1
21,6.01,0,0.9,5,1,0.44,1,18,0.85,4,0,1
22,3.45,0,0.2,1,0,0.75,1,1,0.01,4,0,0
3306,6.14,1,0.8,1,1,0.37,0,13,0.61,0,1,1
22,8.94,1,0.55,3,0,0.67,1,7,0.62,5,1,1
25,7.11,1,0.6,0,1,0.51,0,5,0.37,0,1,1
3389,2.61,0,0.56,1,0,0.5,1,2,0.01,2,0,0
445,7.86,0,0.9,5,0,0.85,0,9,0.92,2,0,1
139,3.75,1,0.41,1,0,0.46,1,2,0.03,4,0,0
53,8.2,1,0.4,0,1,0.5,1,15,0.12,3,0,1
22,1.79,0,0.27,1,0,0.32,1,3,0.0,4,0,0
22,4.36,1,0.2,0,0,0.4,1,3,0.17,2,0,0
3306,5.67,1,0.8,5,1,0.62,1,11,0.31,4,1,1
139,1.75,0,0.48,1,0,0.68,1,1,0.09,1,0,0
80,2.27,0,0.29,1,0,0.43,1,0,0.12,2,0,0
139,5.07,0,0.8,1,1,0.85,0,19,0.76,5,0,1
3306,3.51,0,0.46,1,0,0.84,1,3,0.19,1,0,0
445,7.44,1,0.9,0,1,0.63,0,2,0.37,2,0,1
23,1.07,0,0.66,0,0,0.36,1,0,0.2,2,0,0
23,1.62,0,0.47,1,0,0.68,1,0,0.1,4,0,0
110,6.03,0,0.6,0,0,0.75,0,18,0.14,0,1,1
443,6.63,0,0.65,3,1,0.56,0,19,1.0,1,0,1
23,6.59,0,1.0,5,1,0.58,0,16,0.86,3,1,1
22,9.78,1,0.55,2,0,0.6,0,0,0.25,1,0,1
445,4.63,1,0.53,1,0,0.51,1,3,0.2,2,0,0
3389,1.44,0,0.59,1,0,0.46,1,1,0.2,2,0,0
21,7.94,1,0.9,2,1,0.85,1,8,0.15,2,0,1
22,9.92,1,0.55,1,1,0.72,0,6,0.17,4,0,1
80,0.43,0,0.32,0,0,0.74,1,1,0.16,1,0,0
53,5.95,0,0.4,1,1,0.32,1,8,0.66,1,1,1
110,7.63,1,0.6,5,0,0.95,0,17,0.25,2,0,1
445,9.24,1,0.9,5,0,0.73,0,20,0.18,2,1,1
22,3.64,0,0.18,0,0,0.71,1,3,0.17,3,0,0
3389,7.46,1,0.85,5,1,0.57,0,7,0.89,1,1,1
139,8.69,1,0.8,1,0,0.39,1,0,0.51,2,1,1
110,3.24,0,0.41,1,0,0.7,1,0,0.0,3,0,0
143,1.0,0,0.24,0,0,0.46,1,0,0.02,2,0,0
139,0.12,1,0.44,1,0,0.36,1,1,0.14,5,0,0
3389,5.46,0,0.85,2,0,0.57,0,16,0.99,2,0,1
21,3.49,0,0.4,0,0,0.48,1,2,0.21,2,0,0
3306,1.03,0,0.53,0,0,0.51,1,1,0.18,5,0,0
80,7.25,1,0.7,0,1,0.52,1,14,0.51,5,1,1
23,3.84,0,0.53,1,0,0.57,1,3,0.21,2,0,0
53,0.53,1,0.14,0,0,0.83,1,2,0.13,2,0,0
23,4.59,1,1.0,5,0,0.88,0,11,0.34,1,0,1
139,0.02,1,0.27,1,0,0.63,1,2,0.21,3,0,0
22,5.16,1,0.55,2,1,0.47,1,10,0.14,0,0,1
53,6.82,1,0.4,5,0,0.32,0,11,0.92,2,1,1
143,7.92,1,0.6,2,1,0.37,1,12,0.98,4,0,1
21,4.33,0,0.9,1,0,0.62,0,2,0.75,5,0,1
25,1.63,1,0.24,0,0,0.72,1,3,0.05,5,0,0
22,3.75,1,0.34,1,0,0.46,1,1,0.08,3,0,0
110,6.83,1,0.6,0,1,0.66,1,8,0.56,2,1,1
21,9.11,1,0.9,4,1,0.61,0,10,0.91,1,1,1
139,2.59,0,0.42,1,0,0.78,1,0,0.11,1,0,0
143,7.0,1,0.6,4,1,0.96,0,12,0.46,1,0,1
110,4.32,0,0.6,5,0,0.96,0,10,0.39,1,0,1
143,1.37,0,0.38,1,0,0.7,1,1,0.25,4,0,0
22,4.02,1,0.21,0,0,0.55,1,2,0.12,2,0,0
25,2.63,0,0.34,0,0,0.86,1,3,0.12,3,0,0
3306,1.18,0,0.53,1,0,0.67,1,0,0.08,4,0,0
3306,3.03,0,0.55,1,0,0.51,1,2,0.08,5,0,0
25,9.14,1,0.6,3,0,0.49,0,8,0.91,4,0,1
22,8.68,1,0.55,4,1,0.75,1,14,0.97,2,1,1
25,1.77,0,0.2,1,0,0.35,1,2,0.25,1,0,0
53,4.72,1,0.25,1,0,0.47,1,1,0.03,4,0,0
445,6.76,1,0.9,1,1,0.96,1,7,0.2,0,1,1
80,0.17,0,0.39,0,0,0.53,1,1,0.03,1,0,0
23,4.27,1,0.47,0,0,0.72,1,0,0.02,2,0,0
139,1.6,0,0.55,0,0,0.56,1,3,0.01,1,0,0
139,9.18,1,0.8,5,1,0.76,0,13,0.72,3,0,1
80,8.28,0,0.7,1,0,0.42,0,17,0.68,5,0,1
143,8.78,1,0.6,1,1,0.74,1,20,0.16,3,1,1
25,9.53,1,0.6,4,1,0.65,1,13,0.23,3,0,1
3389,5.65,1,0.85,0,1,0.9,0,16,0.39,4,1,1
3306,4.14,0,0.4,0,0,0.3,1,2,0.13,3,0,0
3306,7.14,1,0.8,1,1,0.87,0,19,0.42,2,0,1
3389,1.63,0,0.51,1,0,0.76,1,3,0.17,5,0,0
143,0.51,0,0.41,1,0,0.59,1,2,0.02,2,0,0
143,8.35,1,0.6,2,0,0.48,1,14,0.63,1,0,1
53,7.39,1,0.4,0,1,0.4,0,5,0.39,3,0,1
21,8.76,1,0.9,4,1,0.44,1,12,0.98,5,0,1
53,3.65,0,0.24,0,0,0.6,1,2,0.21,3,0,0
22,5.1,1,0.55,3,1,0.79,1,2,0.86,3,1,1
3306,1.63,0,0.27,0,0,0.46,1,3,0.14,5,0,0
53,1.25,1,0.26,1,0,0.75,1,0,0.0,3,0,0
139,0.56,0,0.41,1,0,0.84,1,0,0.03,4,0,0
110,2.04,1,0.24,1,0,0.53,1,2,0.12,1,0,0
25,1.08,1,0.22,1,0,0.88,1,2,0.21,3,0,0
53,7.05,1,0.4,1,1,0.5,0,8,0.34,2,0,1
110,7.24,0,0.6,2,1,0.51,1,14,0.75,2,0,1
110,5.87,1,0.6,5,1,0.39,1,14,0.32,3,0,1
443,0.77,0,0.32,1,0,0.87,1,1,0.06,1,0,0
445,3.02,0,0.44,0,0,0.62,1,3,0.17,4,0,0
3306,6.87,1,0.8,3,1,0.49,0,9,0.55,0,1,1
53,4.61,0,0.15,0,0,0.55,1,2,0.18,2,0,0
53,1.97,0,0.25,1,0,0.57,1,2,0.06,3,0,0
3389,5.02,0,0.85,2,1,0.52,0,4,0.24,4,0,1
21,0.91,1,0.41,0,0,0.34,1,1,0.21,4,0,0
23,5.29,1,1.0,1,1,0.37,1,19,0.71,1,1,1
23,4.08,0,0.36,1,0,0.56,1,3,0.22,2,0,0
23,8.65,1,1.0,0,1,0.78,0,1,0.96,0,0,1
21,5.21,1,0.9,3,0,0.49,1,4,0.95,1,1,1
139,7.72,1,0.8,2,1,0.81,0,11,0.76,2,1,1
21,3.57,1,0.32,0,0,0.31,1,2,0.16,5,0,0
22,7.66,0,0.55,4,1,0.76,0,18,0.77,3,0,1
23,7.6,0,1.0,5,1,0.35,0,10,0.61,3,0,1
445,3.07,1,0.44,1,0,0.61,1,3,0.22,1,0,0
3306,4.52,1,0.52,1,0,0.59,1,2,0.23,3,0,0
25,7.46,1,0.6,1,0,0.5,0,7,0.7,3,1,1
139,0.41,0,0.27,0,0,0.49,1,1,0.18,2,0,0
3306,1.14,0,0.4,0,0,0.79,1,3,0.0,4,0,0
443,4.28,0,0.44,1,0,0.51,1,2,0.11,5,0,0
3389,1.05,1,0.34,0,0,0.61,1,0,0.2,4,0,0
23,5.81,1,1.0,2,0,0.65,0,8,0.46,1,1,1
143,1.28,0,0.28,1,0,0.42,1,0,0.23,4,0,0
443,7.96,0,0.65,1,1,0.32,1,18,0.69,2,1,1
139,0.64,0,0.47,1,0,0.89,1,3,0.2,3,0,0
22,0.5,1,0.32,1,0,0.4,1,0,0.1,4,0,0
445,0.37,1,0.44,0,0,0.32,1,3,0.13,5,0,0
110,6.99,1,0.6,2,0,0.75,1,20,0.73,3,0,1
21,3.53,0,0.62,0,0,0.83,1,2,0.02,1,0,0
80,3.16,0,0.33,1,0,0.62,1,1,0.21,4,0,0
25,0.82,0,0.25,0,0,0.74,1,2,0.02,2,0,0
110,5.34,1,0.6,5,1,0.93,1,12,0.94,0,1,1
21,1.47,0,0.43,0,0,0.46,1,2,0.14,4,0,0
139,1.64,0,0.41,0,0,0.74,1,1,0.06,1,0,0
3389,8.58,1,0.85,0,0,0.48,1,1,0.37,5,1,1
53,8.49,1,0.4,4,1,0.8,0,10,0.6,5,1,1
3306,1.15,0,0.55,1,0,0.6,1,3,0.09,5,0,0
3306,3.92,0,0.41,1,0,0.74,1,1,0.08,5,0,0
80,9.7,0,0.7,5,1,0.84,1,8,0.29,4,0,1
139,6.06,0,0.8,5,1,0.43,0,9,0.98,3,1,1
3389,2.61,1,0.37,1,0,0.32,1,3,0.04,3,0,0
80,8.89,1,0.7,3,1,0.95,1,14,0.97,5,0,1
3306,9.43,0,0.8,1,1,0.48,1,11,0.74,3,1,1
3306,5.9,1,0.8,5,1,0.68,1,14,0.39,0,0,1
110,4.83,1,0.31,1,0,0.9,1,3,0.25,5,0,0
21,7.5,0,0.9,2,1,0.78,0,15,0.3,2,0,1
23,0.21,1,0.64,1,0,0.32,1,0,0.24,2,0,0
143,5.02,1,0.6,3,0,0.61,1,3,0.31,0,0,1
80,8.08,0,0.7,5,1,0.49,1,10,0.63,1,1,1
143,3.75,0,0.6,2,0,0.95,1,1,0.68,1,0,1
110,3.38,0,0.24,0,0,0.66,1,1,0.16,3,0,0
22,9.76,0,0.55,3,1,0.35,1,6,0.27,2,1,1
3389,2.17,0,0.27,0,0,0.47,1,3,0.19,1,0,0
110,0.99,0,0.23,0,0,0.45,1,2,0.03,3,0,0
21,3.26,0,0.37,1,0,0.62,1,2,0.0,2,0,0
23,4.71,0,0.34,0,0,0.64,1,2,0.1,2,0,0
25,1.96,0,0.41,0,0,0.71,1,2,0.11,3,0,0
80,2.21,1,0.4,1,0,0.62,1,0,0.16,1,0,0
23,1.33,0,0.66,1,0,0.83,1,1,0.17,5,0,0
3306,1.19,0,0.28,1,0,0.67,1,3,0.01,2,0,0
3389,3.79,0,0.33,1,0,0.64,1,2,0.18,2,0,0
22,6.11,1,0.55,3,0,0.34,0,20,0.24,4,0,1
23,0.97,0,0.62,0,0,0.44,1,1,0.17,5,0,0
23,8.88,1,1.0,1,1,0.39,0,19,0.33,3,0,1
445,2.41,0,0.49,1,0,0.37,1,2,0.12,1,0,0
3389,8.25,1,0.85,3,1,0.35,1,6,0.36,3,1,1
3306,7.67,0,0.8,3,1,0.63,1,15,0.78,1,0,1
143,4.54,0,0.41,0,0,0.85,1,3,0.11,3,0,0
21,0.43,1,0.46,1,0,0.36,1,3,0.19,3,0,0
3389,7.4,1,0.85,0,1,0.4,1,13,0.38,4,1,1
110,7.32,1,0.6,3,1,0.41,0,13,0.36,4,1,1
23,8.91,1,1.0,1,1,0.8,0,8,0.54,3,0,1
80,3.91,0,0.37,1,0,0.5,1,3,0.04,1,0,0
143,7.59,1,0.6,1,0,0.33,0,1,0.69,0,0,1
53,8.83,1,0.4,2,0,0.6,1,15,0.78,2,0,1
23,4.97,1,1.0,0,0,0.95,1,7,0.77,1,0,1
25,2.4,1,0.28,1,0,0.8,1,0,0.03,3,0,0
22,5.82,0,0.55,1,1,0.5,1,2,0.5,5,1,1
23,9.05,1,1.0,3,1,0.64,1,19,0.51,2,0,1
143,0.74,0,0.26,1,0,0.82,1,0,0.08,4,0,0
53,9.86,1,0.4,3,1,0.9,0,12,0.2,4,1,1
23,0.25,0,0.55,0,0,0.64,1,2,0.17,1,0,0
143,8.8,1,0.6,5,1,0.77,1,3,0.9,2,0,1
445,9.85,1,0.9,1,1,0.62,1,18,0.5,5,1,1
139,8.34,1,0.8,0,1,0.57,0,10,0.39,5,1,1
22,8.76,1,0.55,5,1,0.79,1,14,0.22,2,0,1
143,5.09,1,0.6,5,0,0.48,1,0,0.23,0,1,1
21,4.24,0,0.44,1,0,0.36,1,3,0.09,3,0,0
443,9.87,0,0.65,1,1,0.92,0,6,0.86,1,1,1
80,4.45,0,0.49,0,0,0.85,1,0,0.21,3,0,0
3306,1.94,0,0.26,1,0,0.59,1,1,0.02,4,0,0
53,6.01,0,0.4,4,1,0.68,0,8,0.33,3,1,1
110,7.59,1,0.6,0,1,0.8,0,17,0.21,4,1,1
22,4.02,1,0.23,1,0,0.51,1,3,0.15,1,0,0
445,0.06,0,0.39,1,0,0.85,1,2,0.16,5,0,0
110,7.46,1,0.6,2,1,0.61,1,1,0.87,2,1,1
143,1.47,0,0.36,0,0,0.58,1,0,0.23,2,0,0
3389,5.86,1,0.85,3,1,0.71,1,14,0.47,5,0,1
110,2.75,1,0.27,0,0,0.42,1,3,0.24,5,0,0
25,0.98,0,0.31,1,0,0.89,1,2,0.08,4,0,0
22,9.46,1,0.55,3,0,0.35,0,12,0.77,0,1,1
3306,0.83,0,0.52,0,0,0.57,1,0,0.2,4,0,0
143,1.39,1,0.26,1,0,0.33,1,0,0.22,5,0,0
21,6.69,0,0.9,1,0,0.35,1,1,0.3,0,0,1
110,8.7,1,0.6,3,1,0.79,0,19,0.92,4,0,1
53,7.29,0,0.4,5,1,0.35,1,17,0.45,1,1,1
25,7.82,1,0.6,2,1,0.96,0,19,0.67,3,1,1
110,1.99,0,0.37,1,0,0.61,1,3,0.11,3,0,0
110,4.34,0,0.26,0,0,0.59,1,2,0.16,5,0,0
53,6.2,1,0.4,4,0,0.9,0,11,0.81,3,1,1
22,2.82,1,0.18,1,0,0.64,1,1,0.0,3,0,0
3306,0.97,1,0.4,0,0,0.75,1,2,0.25,5,0,0
445,2.43,1,0.39,1,0,0.82,1,0,0.1,5,0,0
21,8.93,1,0.9,5,0,0.73,1,3,0.8,1,1,1
21,2.28,1,0.36,0,0,0.78,1,1,0.21,4,0,0
23,2.87,0,0.33,0,0,0.48,1,2,0.23,4,0,0
110,8.34,1,0.6,3,0,0.62,1,16,0.51,1,0,1
22,6.56,1,0.55,5,1,0.41,0,18,0.63,1,1,1
443,7.96,0,0.65,2,1,0.62,1,12,0.82,0,1,1
445,7.57,0,0.9,1,0,0.51,0,3,0.64,4,1,1
80,0.52,0,0.47,0,0,0.54,1,0,0.21,1,0,0
80,4.49,0,0.35,0,0,0.63,1,1,0.12,1,0,0
80,6.64,1,0.7,5,1,0.71,1,11,0.96,1,0,1
23,3.59,0,0.56,0,0,0.65,1,3,0.17,1,0,0
445,0.93,0,0.28,1,0,0.68,1,1,0.24,5,0,0
139,4.1,0,0.8,5,0,0.74,0,14,0.44,2,0,1
3389,1.0,1,0.28,0,0,0.77,1,0,0.18,3,0,0
143,8.37,1,0.6,0,1,0.57,1,20,0.14,2,0,1
110,4.56,1,0.25,0,0,0.79,1,3,0.0,4,0,0
445,2.7,0,0.32,1,0,0.79,1,3,0.08,3,0,0
21,1.8,1,0.57,1,0,0.31,1,1,0.17,2,0,0
53,7.29,1,0.4,4,1,0.33,1,12,0.82,4,0,1
53,4.36,1,0.4,5,0,0.51,0,15,0.94,0,0,1
3306,3.3,1,0.34,1,0,0.83,1,0,0.12,2,0,0
22,0.76,0,0.17,1,0,0.57,1,2,0.2,1,0,0
110,4.33,0,0.36,1,0,0.71,1,0,0.18,5,0,0
23,4.49,0,0.33,1,0,0.45,1,0,0.21,4,0,0
139,1.16,1,0.42,0,0,0.35,1,3,0.22,3,0,0
443,5.88,1,0.65,3,1,0.73,0,19,0.92,4,0,1
110,3.7,0,0.25,0,0,0.58,1,3,0.18,2,0,0
139,2.81,1,0.47,1,0,0.38,1,2,0.23,5,0,0
22,5.69,1,0.55,3,1,0.83,0,18,0.63,5,1,1
139,0.28,0,0.55,0,0,0.55,1,2,0.23,3,0,0
23,6.61,1,1.0,5,1,0.71,0,11,0.73,5,1,1
110,9.99,0,0.6,1,1,0.87,1,10,0.16,3,0,1
139,8.07,1,0.8,5,0,0.62,0,2,0.84,5,0,1
21,7.08,1,0.9,1,0,0.3,1,17,0.3,5,0,1
80,1.23,0,0.31,1,0,0.49,1,1,0.17,3,0,0
3306,5.37,1,0.8,0,1,0.53,0,16,0.92,4,0,1
21,7.78,0,0.9,1,1,0.67,1,13,0.85,4,0,1
53,2.68,0,0.13,0,0,0.85,1,1,0.02,2,0,0
445,9.33,1,0.9,4,1,0.77,1,13,0.31,3,1,1
3389,7.16,1,0.85,0,1,0.79,1,8,0.94,3,1,1
139,0.51,1,0.45,1,0,0.85,1,3,0.15,2,0,0
110,8.61,1,0.6,4,1,0.78,1,7,0.96,5,0,1
443,6.65,1,0.65,0,0,0.34,0,18,0.81,0,0,1
110,1.72,1,0.33,1,0,0.8,1,2,0.14,3,0,0
53,0.16,0,0.2,1,0,0.85,1,0,0.1,5,0,0
443,7.14,1,0.65,0,0,0.85,0,8,0.37,5,1,1
3389,7.8,1,0.85,4,1,0.73,0,20,0.94,5,1,1
53,7.89,1,0.4,3,1,0.82,0,8,0.5,5,0,1
143,2.12,0,0.2,0,0,0.62,1,2,0.15,2,0,0
25,7.55,1,0.6,0,0,0.51,0,13,0.44,1,0,1
139,4.62,0,0.4,1,0,0.71,1,0,0.09,5,0,0
143,2.19,0,0.29,1,0,0.77,1,1,0.24,1,0,0
22,9.52,1,0.55,0,0,0.34,1,1,0.83,3,1,1
53,1.4,0,0.25,0,0,0.54,1,3,0.03,4,0,0
80,9.17,1,0.7,1,0,0.54,1,13,0.35,4,1,1
23,3.91,1,1.0,0,0,0.64,0,18,0.82,2,1,1
139,8.06,0,0.8,0,1,0.59,0,15,0.73,5,0,1
3389,4.34,1,0.45,0,0,0.52,1,1,0.07,1,0,0
139,0.4,1,0.55,1,0,0.58,1,0,0.06,2,0,0
445,0.23,0,0.34,1,0,0.79,1,0,0.04,4,0,0
22,5.55,1,0.55,3,1,0.53,0,19,0.16,1,1,1
23,2.52,0,0.36,1,0,0.68,1,0,0.06,5,0,0
80,4.27,0,0.7,3,0,0.46,0,9,0.95,2,0,1
443,4.38,1,0.45,0,0,0.71,1,0,0.23,5,0,0
110,1.07,0,0.41,1,0,0.75,1,1,0.02,3,0,0
22,0.9,0,0.21,0,0,0.84,1,2,0.16,3,0,0
21,2.95,0,0.46,1,0,0.43,1,0,0.01,1,0,0
53,9.67,0,0.4,4,1,0.68,0,15,0.24,1,0,1
80,4.19,0,0.24,0,0,0.33,1,2,0.07,1,0,0
23,3.5,1,0.55,1,0,0.72,1,2,0.04,1,0,0
139,6.13,1,0.8,1,0,0.9,0,11,0.79,3,0,1
3389,4.06,0,0.85,2,0,0.5,0,15,0.89,3,0,1
25,1.1,0,0.28,1,0,0.79,1,2,0.14,2,0,0
110,3.35,0,0.27,0,0,0.74,1,3,0.22,1,0,0
139,9.96,0,0.8,0,1,0.42,1,15,0.94,0,1,1
22,9.31,1,0.55,3,1,0.87,0,13,0.6,4,1,1
110,4.55,0,0.24,1,0,0.6,1,3,0.11,4,0,0
143,7.72,1,0.6,2,0,0.53,1,4,0.47,4,1,1
143,3.8,1,0.4,1,0,0.53,1,3,0.09,3,0,0
445,9.46,0,0.9,1,1,0.66,0,2,0.82,4,1,1
443,9.15,0,0.65,0,1,0.71,1,4,0.21,0,1,1
139,4.56,1,0.38,1,0,0.41,1,1,0.17,5,0,0
80,2.85,0,0.26,0,0,0.76,1,2,0.08,2,0,0
445,8.41,0,0.9,3,1,0.42,0,3,0.75,3,1,1
53,4.53,1,0.4,4,0,0.45,1,16,0.16,5,0,1
139,8.03,1,0.8,2,1,0.89,0,6,0.38,4,1,1
21,3.99,1,0.9,1,0,0.32,1,1,0.48,2,0,1
139,3.82,1,0.8,0,0,0.47,1,12,0.15,4,1,1
445,0.01,0,0.42,0,0,0.53,1,3,0.19,1,0,0
3306,4.14,1,0.54,1,0,0.33,1,0,0.08,1,0,0
23,0.53,0,0.52,0,0,0.65,1,3,0.19,2,0,0
443,5.04,1,0.65,2,1,0.7,0,4,0.21,2,1,1
139,1.54,1,0.43,0,0,0.79,1,0,0.21,3,0,0
445,3.27,0,0.32,0,0,0.46,1,2,0.03,2,0,0
22,4.49,1,0.18,1,0,0.53,1,1,0.05,3,0,0
80,8.93,1,0.7,2,1,0.61,1,12,0.36,1,0,1
25,1.66,1,0.27,1,0,0.71,1,2,0.23,1,0,0
445,6.33,1,0.9,1,0,0.94,0,1,0.72,1,1,1
23,5.94,1,1.0,2,0,0.35,1,20,0.76,4,0,1
23,6.45,0,1.0,0,1,0.41,0,20,0.18,5,0,1
53,2.76,0,0.22,1,0,0.83,1,1,0.14,2,0,0
3306,0.23,1,0.29,1,0,0.75,1,0,0.12,1,0,0
110,3.05,0,0.18,1,0,0.65,1,0,0.05,4,0,0
3389,0.71,0,0.28,0,0,0.43,1,3,0.03,4,0,0
53,5.65,1,0.4,4,1,0.87,0,5,0.77,2,0,1
21,3.42,1,0.42,1,0,0.75,1,3,0.04,4,0,0
143,2.48,1,0.29,1,0,0.33,1,1,0.03,5,0,0
139,2.58,0,0.34,1,0,0.67,1,2,0.12,5,0,0
445,4.7,0,0.42,1,0,0.6,1,1,0.03,4,0,0
110,4.0,1,0.22,1,0,0.69,1,0,0.15,5,0,0
139,1.85,1,0.47,1,0,0.73,1,3,0.12,4,0,0
443,7.35,1,0.65,3,1,0.9,1,12,0.55,0,1,1
22,3.6,0,0.34,0,0,0.3,1,3,0.23,4,0,0
3306,1.54,0,0.51,1,0,0.61,1,1,0.02,5,0,0
445,8.93,1,0.9,4,1,0.73,1,16,0.47,2,1,1
139,1.98,1,0.47,0,0,0.38,1,2,0.11,1,0,0
3389,4.29,0,0.3,1,0,0.48,1,0,0.21,4,0,0
23,4.39,0,1.0,2,0,0.46,0,5,0.7,0,1,1
445,6.51,1,0.9,4,1,0.46,0,17,0.98,4,1,1
143,4.39,1,0.6,3,0,0.94,1,8,0.32,0,1,1
443,0.07,1,0.33,0,0,0.5,1,2,0.12,2,0,0
53,3.84,0,0.19,1,0,0.61,1,0,0.24,1,0,0
445,4.04,0,0.63,1,0,0.41,1,1,0.2,2,0,0
139,0.31,1,0.41,0,0,0.51,1,2,0.17,3,0,0
22,0.64,0,0.32,0,0,0.63,1,3,0.17,5,0,0
445,2.07,0,0.52,1,0,0.55,1,0,0.0,3,0,0
22,2.84,0,0.2,1,0,0.32,1,3,0.03,3,0,0
22,4.14,0,0.55,3,0,0.55,1,8,0.27,0,0,1
143,1.34,0,0.33,1,0,0.75,1,0,0.05,5,0,0
443,1.51,0,0.37,1,0,0.63,1,2,0.15,5,0,0
21,8.79,1,0.9,1,1,0.61,1,11,0.79,5,0,1
139,6.8,0,0.8,2,1,0.53,1,3,0.78,4,0,1
443,3.48,1,0.45,0,0,0.71,1,1,0.22,3,0,0
3306,5.96,1,0.8,2,0,0.94,0,20,0.14,1,1,1
445,7.71,0,0.9,4,1,0.98,0,9,0.58,4,0,1
23,8.5,0,1.0,3,1,0.5,0,19,0.54,5,1,1
445,9.52,0,0.9,2,1,0.57,1,20,0.78,5,1,1
25,7.65,1,0.6,2,1,0.62,1,1,0.24,4,0,1
445,6.45,1,0.9,4,1,0.32,1,4,0.54,2,0,1
23,9.86,0,1.0,4,1,0.45,1,15,0.41,2,1,1
443,7.92,1,0.65,5,0,0.45,1,1,0.25,4,0,1
3306,4.63,1,0.27,1,0,0.51,1,2,0.21,3,0,0
21,1.07,0,0.29,1,0,0.76,1,3,0.09,5,0,0
21,3.72,0,0.42,1,0,0.56,1,1,0.11,1,0,0
445,9.06,0,0.9,2,1,0.91,1,15,0.31,3,1,1
143,5.23,1,0.6,4,1,0.34,0,10,0.95,1,1,1
25,1.33,1,0.37,0,0,0.31,1,3,0.22,2,0,0
53,0.03,0,0.24,1,0,0.59,1,2,0.21,1,0,0
22,0.32,0,0.38,0,0,0.57,1,0,0.21,5,0,0
22,4.53,1,0.22,0,0,0.87,1,3,0.09,3,0,0
3306,9.89,0,0.8,1,1,0.54,1,4,0.31,3,1,1
25,0.45,1,0.37,0,0,0.61,1,1,0.1,4,0,0
21,0.7,0,0.57,1,0,0.35,1,0,0.21,4,0,0
53,3.66,0,0.27,0,0,0.75,1,3,0.2,1,0,0
443,6.45,0,0.65,4,1,0.42,0,4,0.19,5,1,1
23,8.36,0,1.0,5,0,0.44,0,9,0.14,3,1,1
3306,0.83,0,0.47,1,0,0.49,1,2,0.03,5,0,0
3306,0.98,0,0.34,0,0,0.88,1,1,0.17,3,0,0
445,4.69,0,0.32,1,0,0.59,1,3,0.0,5,0,0
443,3.95,1,0.65,2,0,0.99,0,3,0.44,3,1,1
3389,2.41,0,0.35,1,0,0.88,1,2,0.06,4,0,0
110,0.06,0,0.29,0,0,0.4,1,1,0.03,2,0,0
143,8.44,0,0.6,1,1,0.69,0,19,0.29,5,1,1
445,9.41,1,0.9,4,1,0.39,1,8,0.47,0,0,1
3389,1.64,0,0.35,0,0,0.73,1,2,0.25,4,0,0
80,2.39,0,0.24,0,0,0.64,1,3,0.11,1,0,0
23,2.46,0,0.48,0,0,0.88,1,3,0.09,2,0,0
53,0.69,1,0.17,0,0,0.75,1,0,0.15,2,0,0
23,6.48,0,1.0,1,0,0.68,0,15,0.58,5,1,1
143,9.54,0,0.6,2,0,0.52,1,4,0.52,5,1,1
21,3.13,0,0.55,0,0,0.8,1,2,0.11,1,0,0
3389,7.47,1,0.85,0,0,0.87,0,3,0.55,4,0,1
22,0.16,0,0.24,1,0,0.57,1,0,0.24,4,0,0
445,4.53,0,0.54,1,0,0.31,1,1,0.17,1,0,0
445,2.64,0,0.27,1,0,0.62,1,2,0.05,3,0,0
21,9.0,0,0.9,1,1,0.7,0,3,0.61,0,0,1
22,5.22,1,0.55,5,1,0.81,0,13,0.65,5,0,1
143,9.28,0,0.6,2,1,0.41,0,6,0.82,2,0,1
445,1.58,0,0.46,0,0,0.37,1,1,0.04,5,0,0
22,0.87,0,0.29,0,0,0.81,1,0,0.12,4,0,0
3306,8.94,1,0.8,4,1,0.49,0,5,0.23,2,0,1
25,6.43,1,0.6,4,1,0.99,1,10,0.22,3,0,1
3306,5.65,0,0.8,0,1,0.94,0,3,0.66,5,1,1
3389,1.12,0,0.45,1,0,0.42,1,0,0.14,3,0,0
445,3.89,0,0.54,1,0,0.43,1,3,0.19,1,0,0
139,7.67,0,0.8,2,1,0.56,1,10,0.85,3,0,1
53,3.08,0,0.17,0,0,0.31,1,1,0.22,4,0,0
25,2.51,1,0.33,0,0,0.65,1,0,0.03,1,0,0
21,4.82,0,0.35,1,0,0.5,1,3,0.23,1,0,0
23,8.31,1,1.0,0,1,0.96,0,3,0.45,2,0,1
3389,8.5,0,0.85,4,0,0.77,0,6,0.75,3,1,1
445,6.34,0,0.9,2,1,0.69,0,12,0.69,3,0,1
21,0.07,1,0.5,1,0,0.4,1,2,0.19,4,0,0
3306,5.53,1,0.8,1,1,0.81,1,11,0.87,2,1,1
80,9.11,0,0.7,3,1,0.35,0,20,0.79,3,1,1
21,7.83,1,0.9,0,0,0.77,0,2,0.84,3,0,1
21,4.33,0,0.58,0,0,0.61,1,1,0.07,1,0,0
139,2.59,0,0.48,1,0,0.41,1,1,0.22,4,0,0
22,4.34,1,0.22,1,0,0.32,1,3,0.13,5,0,0
22,7.89,0,0.55,5,0,0.72,0,5,0.28,3,1,1
445,0.28,0,0.49,1,0,0.31,1,1,0.12,2,0,0
443,7.87,0,0.65,1,1,0.62,0,8,0.25,4,0,1
22,5.46,0,0.55,4,1,0.85,0,20,0.71,4,0,1
445,9.74,0,0.9,5,1,0.58,0,1,0.23,4,1,1
3389,0.81,0,0.59,0,0,0.67,1,3,0.1,1,0,0
143,8.2,1,0.6,0,1,0.83,0,4,0.53,4,1,1
110,5.77,1,0.6,3,0,0.5,1,2,0.91,1,0,1
22,4.78,0,0.22,0,0,0.7,1,1,0.1,5,0,0
110,3.69,0,0.35,1,0,0.41,1,0,0.0,3,0,0
443,3.74,1,0.27,0,0,0.78,1,0,0.11,2,0,0
80,9.6,1,0.7,2,0,0.42,0,3,0.46,3,0,1
143,6.75,1,0.6,5,1,0.77,0,13,0.44,5,1,1
443,4.46,0,0.3,0,0,0.53,1,3,0.17,4,0,0
110,6.49,1,0.6,0,1,0.74,1,16,0.18,5,1,1
25,5.87,1,0.6,4,1,0.85,1,8,0.61,5,1,1
23,4.01,1,1.0,2,0,0.92,0,19,0.13,2,0,1
445,5.29,0,0.9,4,0,0.35,1,14,0.13,2,1,1
139,2.39,0,0.49,1,0,0.64,1,2,0.2,2,0,0
3389,4.78,0,0.32,1,0,0.47,1,0,0.11,5,0,0
23,1.13,1,0.36,1,0,0.48,1,3,0.13,1,0,0
143,8.71,1,0.6,0,1,0.45,0,19,0.96,0,0,1
110,4.18,0,0.6,4,0,0.83,1,9,0.74,5,0,1
23,9.15,1,1.0,0,1,0.53,0,13,0.98,3,1,1
23,8.24,1,1.0,0,1,0.82,1,19,0.71,1,0,1
80,7.4,1,0.7,3,0,0.54,1,0,0.59,1,1,1
21,0.31,0,0.4,1,0,0.53,1,0,0.14,4,0,0
139,6.01,1,0.8,3,1,0.34,0,4,0.67,5,1,1
80,3.42,0,0.37,0,0,0.38,1,0,0.23,2,0,0
445,5.74,1,0.9,4,0,0.98,1,3,0.93,3,1,1
110,3.73,0,0.25,1,0,0.68,1,3,0.21,4,0,0
443,9.18,1,0.65,3,1,0.68,0,16,0.13,0,0,1
443,3.13,1,0.2,0,0,0.55,1,0,0.0,1,0,0
22,3.43,0,0.27,0,0,0.44,1,1,0.24,5,0,0
22,9.13,1,0.55,3,0,0.55,1,17,0.32,2,0,1
53,9.17,0,0.4,3,0,0.59,1,2,0.38,3,1,1
80,4.51,0,0.27,1,0,0.51,1,0,0.12,5,0,0
22,9.6,0,0.55,3,1,0.65,0,5,0.99,5,0,1
3306,6.81,1,0.8,4,1,0.63,1,2,0.61,5,0,1
23,7.34,0,1.0,0,1,0.59,0,13,0.46,2,1,1
53,5.71,1,0.4,1,0,0.94,0,9,0.65,0,1,1
21,6.15,0,0.9,0,1,0.8,0,8,0.16,0,1,1
53,2.86,0,0.27,0,0,0.37,1,1,0.05,5,0,0
53,0.74,0,0.17,1,0,0.66,1,2,0.02,4,0,0
110,2.3,1,0.28,1,0,0.75,1,1,0.11,5,0,0
3389,0.04,0,0.43,1,0,0.72,1,0,0.13,4,0,0
3306,6.68,1,0.8,4,0,0.35,0,3,0.45,4,0,1
443,1.45,0,0.35,0,0,0.85,1,2,0.01,3,0,0
80,4.55,0,0.26,1,0,0.48,1,1,0.06,2,0,0
139,3.53,1,0.55,0,0,0.76,1,0,0.14,1,0,0
25,6.88,1,0.6,3,1,0.87,0,10,0.11,1,0,1
3389,1.48,1,0.32,1,0,0.66,1,1,0.1,2,0,0
443,6.95,1,0.65,2,1,0.57,0,3,0.55,2,0,1
25,1.65,0,0.36,1,0,0.38,1,3,0.19,2,0,0
53,3.57,1,0.4,0,0,0.39,1,16,0.32,3,0,1
445,9.98,1,0.9,5,1,0.93,1,9,0.25,0,1,1
80,3.31,0,0.49,1,0,0.89,1,3,0.14,3,0,0
3306,6.43,1,0.8,5,1,0.81,1,20,0.76,0,1,1
22,7.8,1,0.55,1,0,0.61,0,14,0.11,0,1,1
3389,1.17,1,0.27,0,0,0.77,1,0,0.18,4,0,0
443,2.66,0,0.23,0,0,0.3,1,1,0.0,3,0,0
3389,6.3,1,0.85,2,1,0.44,0,1,0.49,5,0,1
443,1.03,0,0.21,0,0,0.9,1,0,0.23,4,0,0
25,7.0,0,0.6,2,1,0.9,0,12,0.26,3,0,1
25,2.53,1,0.23,0,0,0.75,1,0,0.23,3,0,0
445,3.48,0,0.45,1,0,0.57,1,2,0.08,1,0,0
443,3.06,0,0.41,0,0,0.41,1,2,0.07,1,0,0
445,9.62,1,0.9,1,1,0.48,1,18,0.51,0,1,1
80,2.13,0,0.47,1,0,0.31,1,3,0.15,1,0,0
443,4.73,0,0.36,1,0,0.65,1,0,0.18,1,0,0
110,8.65,0,0.6,0,0,0.35,0,3,0.88,5,1,1
3306,2.28,0,0.43,0,0,0.37,1,1,0.02,1,0,0
21,3.6,0,0.32,1,0,0.38,1,0,0.05,5,0,0
143,5.12,1,0.6,1,1,0.34,0,10,0.34,3,1,1
53,2.28,0,0.17,0,0,0.72,1,3,0.1,4,0,0
3389,8.64,0,0.85,4,0,0.7,1,17,0.22,0,0,1
110,2.37,1,0.18,0,0,0.33,1,3,0.16,3,0,0
25,6.11,0,0.6,1,1,0.81,1,9,0.69,2,0,1
3389,2.29,1,0.31,0,0,0.71,1,3,0.16,4,0,0
139,0.18,0,0.32,1,0,0.51,1,2,0.2,2,0,0
139,4.76,1,0.8,2,0,0.96,1,18,0.35,3,1,1
53,4.75,0,0.24,1,0,0.4,1,3,0.13,2,0,0
25,3.06,0,0.2,0,0,0.67,1,0,0.04,4,0,0
139,3.74,0,0.54,0,0,0.42,1,0,0.2,2,0,0
143,7.64,0,0.6,3,1,0.77,1,12,0.24,0,0,1
25,9.34,1,0.6,0,1,0.4,0,1,0.62,2,0,1
443,7.81,1,0.65,1,1,0.75,1,10,0.68,0,0,1
3389,0.89,0,0.41,1,0,0.48,1,3,0.07,4,0,0
21,8.21,1,0.9,2,1,0.4,1,15,0.42,3,1,1
23,1.01,1,0.32,0,0,0.66,1,3,0.1,2,0,0
143,5.21,1,0.6,4,1,0.45,1,4,0.76,5,0,1
25,0.01,1,0.35,0,0,0.8,1,2,0.13,1,0,0
3306,1.27,1,0.56,0,0,0.87,1,2,0.22,5,0,0
143,7.28,0,0.6,0,1,0.59,0,16,0.85,3,1,1
443,3.45,1,0.31,0,0,0.48,1,3,0.15,4,0,0
445,3.92,1,0.9,3,0,0.78,1,12,0.64,5,1,1
25,2.0,0,0.18,0,0,0.77,1,0,0.24,3,0,0
80,0.34,1,0.48,0,0,0.75,1,3,0.12,1,0,0
3389,4.76,0,0.45,0,0,0.89,1,2,0.03,4,0,0
21,8.15,0,0.9,3,0,0.73,0,10,0.75,4,0,1
80,4.2,0,0.35,0,0,0.76,1,1,0.11,3,0,0
80,4.26,0,0.3,1,0,0.68,1,0,0.22,2,0,0
3389,4.19,1,0.85,5,0,0.83,1,16,0.58,3,0,1
3306,4.61,1,0.8,1,0,0.37,1,10,0.67,5,1,1
3389,6.91,0,0.85,5,1,0.43,1,11,0.73,0,0,1
3306,1.98,0,0.35,1,0,0.34,1,0,0.16,5,0,0
3389,7.0,0,0.85,0,1,0.92,0,2,0.36,1,0,1
23,1.68,0,0.54,0,0,0.57,1,3,0.21,1,0,0
25,1.09,1,0.38,0,0,0.46,1,3,0.09,1,0,0
21,4.83,0,0.4,0,0,0.61,1,3,0.04,3,0,0
110,1.67,0,0.36,1,0,0.54,1,3,0.13,3,0,0
23,4.17,0,0.37,1,0,0.54,1,1,0.1,1,0,0
3389,1.38,1,0.27,1,0,0.56,1,2,0.12,4,0,0
143,7.32,1,0.6,2,1,0.48,1,3,0.63,0,0,1
110,0.78,0,0.22,1,0,0.81,1,0,0.15,5,0,0
22,4.65,0,0.26,1,0,0.81,1,2,0.14,4,0,0
25,1.65,0,0.32,1,0,0.38,1,2,0.25,4,0,0
25,7.79,1,0.6,4,1,0.89,0,14,0.51,0,0,1
139,9.73,0,0.8,5,0,0.94,1,5,0.89,2,0,1
139,3.1,0,0.44,1,0,0.63,1,2,0.17,3,0,0
3389,3.7,0,0.51,0,0,0.89,1,1,0.07,1,0,0
80,4.09,0,0.38,1,0,0.73,1,1,0.1,4,0,0
445,2.65,0,0.4,1,0,0.81,1,2,0.04,2,0,0
139,9.73,0,0.8,0,1,0.72,0,19,0.72,0,0,1
3389,1.57,1,0.36,1,0,0.73,1,1,0.1,4,0,0
139,3.44,0,0.37,0,0,0.48,1,3,0.09,5,0,0
53,8.91,1,0.4,0,1,0.43,0,10,0.9,3,0,1
443,9.71,1,0.65,4,1,0.88,1,1,0.27,1,1,1
53,5.83,1,0.4,3,1,0.65,0,18,0.74,1,1,1
53,5.35,1,0.4,4,0,0.49,1,20,0.95,0,1,1
22,5.84,0,0.55,2,0,0.79,1,12,0.3,0,0,1
80,8.32,1,0.7,5,1,0.43,1,10,0.29,5,1,1
21,5.66,1,0.9,1,0,0.88,1,17,0.88,5,0,1
110,1.22,1,0.39,0,0,0.74,1,1,0.07,1,0,0
143,8.93,1,0.6,0,1,0.57,1,2,0.67,2,1,1
22,2.94,0,0.31,0,0,0.44,1,1,0.05,2,0,0
21,7.07,1,0.9,2,0,0.82,1,14,0.32,0,0,1
21,5.65,0,0.9,1,0,0.98,0,6,0.53,1,0,1
80,5.35,0,0.7,0,1,0.84,0,5,0.12,1,0,1
3389,6.65,1,0.85,3,1,0.86,0,14,0.3,0,0,1
53,8.76,1,0.4,3,0,0.45,1,7,0.19,5,0,1
110,8.3,1,0.6,4,0,0.76,0,13,0.17,1,1,1
3389,4.34,1,0.37,1,0,0.69,1,3,0.01,1,0,0
443,2.82,0,0.31,1,0,0.7,1,3,0.07,4,0,0
22,3.62,1,0.55,0,0,0.73,1,18,0.48,4,1,1
443,1.36,0,0.41,0,0,0.69,1,0,0.01,2,0,0
3389,7.87,0,0.85,4,1,0.81,1,11,0.72,5,1,1
445,2.02,1,0.6,0,0,0.83,1,1,0.2,1,0,0
139,3.61,1,0.8,5,0,0.8,0,3,0.73,4,1,1
143,8.4,1,0.6,3,1,0.36,1,2,0.51,4,1,1
143,6.28,1,0.6,5,0,0.84,0,15,0.23,3,1,1
110,7.55,1,0.6,2,1,0.9,0,20,0.16,4,0,1
443,1.54,1,0.36,1,0,0.41,1,3,0.06,4,0,0
25,9.56,1,0.6,0,1,0.44,1,6,0.3,2,0,1
22,4.76,0,0.24,1,0,0.63,1,1,0.2,5,0,0
23,2.01,0,0.55,0,0,0.69,1,0,0.01,1,0,0
139,2.85,0,0.52,0,0,0.32,1,2,0.04,3,0,0
3306,9.17,1,0.8,2,1,0.62,1,18,0.44,1,0,1
23,0.88,0,0.35,0,0,0.52,1,1,0.08,2,0,0
443,2.84,1,0.32,1,0,0.55,1,2,0.13,4,0,0
23,4.66,1,0.7,1,0,0.33,1,3,0.22,4,0,0
139,5.52,1,0.8,1,0,0.93,0,1,0.33,0,0,1
53,8.02,0,0.4,4,1,0.59,1,3,0.12,3,0,1
139,5.57,1,0.8,4,1,0.89,1,13,0.21,4,0,1
53,2.62,0,0.15,0,0,0.82,1,1,0.07,2,0,0
110,3.18,0,0.21,1,0,0.61,1,0,0.04,1,0,0
23,1.31,1,0.65,0,0,0.61,1,0,0.06,5,0,0
22,2.97,0,0.34,1,0,0.81,1,1,0.21,2,0,0
22,6.82,1,0.55,3,1,0.98,0,8,0.37,4,1,1
53,2.87,1,0.26,1,0,0.73,1,0,0.01,5,0,0
25,1.06,0,0.24,1,0,0.58,1,0,0.25,1,0,0
110,4.62,1,0.34,0,0,0.45,1,2,0.17,2,0,0
3306,7.07,0,0.8,4,1,0.35,1,2,0.98,5,1,1
22,6.51,1,0.55,0,0,0.38,0,14,0.97,3,0,1
443,0.23,1,0.22,0,0,0.72,1,3,0.11,3,0,0
445,8.19,1,0.9,1,1,0.52,1,5,0.81,4,0,1
22,2.7,0,0.21,0,0,0.35,1,3,0.13,1,0,0
53,5.53,1,0.4,2,1,0.62,0,4,0.14,0,0,1
3306,2.12,0,0.32,1,0,0.33,1,2,0.03,5,0,0
53,3.1,0,0.19,1,0,0.37,1,0,0.09,5,0,0
445,8.91,0,0.9,3,1,0.52,0,5,0.79,3,1,1
21,3.85,1,0.57,0,0,0.74,1,3,0.08,1,0,0
80,0.87,0,0.39,1,0,0.76,1,1,0.16,3,0,0
110,6.61,1,0.6,2,0,0.47,0,5,0.35,2,0,1
110,3.25,0,0.31,0,0,0.57,1,3,0.11,4,0,0
443,0.2,1,0.31,0,0,0.66,1,2,0.21,4,0,0
3389,3.06,0,0.57,1,0,0.71,1,0,0.1,2,0,0
3389,0.75,0,0.44,0,0,0.74,1,0,0.15,3,0,0
143,3.71,0,0.33,1,0,0.36,1,2,0.12,1,0,0
53,1.17,0,0.27,0,0,0.52,1,1,0.12,5,0,0
3306,2.44,0,0.25,1,0,0.46,1,3,0.02,3,0,0
143,5.54,0,0.6,3,1,0.96,0,11,0.41,0,1,1
3389,7.67,0,0.85,3,1,0.57,1,9,0.37,1,1,1
21,2.82,1,0.45,0,0,0.82,1,0,0.03,1,0,0
23,3.94,0,0.35,1,0,0.71,1,1,0.07,2,0,0
445,2.5,0,0.31,0,0,0.8,1,0,0.14,2,0,0
139,2.63,0,0.4,0,0,0.57,1,1,0.15,5,0,0
25,1.46,1,0.36,1,0,0.51,1,1,0.11,1,0,0
445,2.83,0,0.32,1,0,0.88,1,1,0.02,3,0,0
443,1.23,0,0.23,1,0,0.88,1,1,0.07,5,0,0
445,4.84,1,0.9,5,0,0.5,1,16,0.55,0,0,1
3389,9.29,1,0.85,0,1,0.69,0,1,0.68,3,1,1
443,2.38,1,0.21,1,0,0.33,1,2,0.1,3,0,0
80,9.43,1,0.7,0,1,0.64,1,9,0.44,1,1,1
23,4.7,1,0.48,1,0,0.66,1,1,0.19,2,0,0
443,7.29,1,0.65,3,0,0.74,1,3,0.65,0,0,1
25,0.86,1,0.28,1,0,0.45,1,3,0.13,3,0,0
53,3.61,1,0.17,1,0,0.34,1,1,0.21,3,0,0
445,6.84,1,0.9,2,0,1.0,0,6,0.1,4,0,1
3306,1.23,0,0.47,0,0,0.39,1,1,0.14,1,0,0
3389,1.15,0,0.51,0,0,0.74,1,0,0.14,2,0,0
3389,7.99,0,0.85,5,1,0.57,0,10,0.81,3,1,1
23,5.79,0,1.0,4,1,0.65,0,8,0.51,2,1,1
143,3.92,0,0.6,4,0,0.54,1,4,0.24,2,0,1
53,0.08,0,0.17,1,0,0.71,1,1,0.2,4,0,0
22,1.54,1,0.22,0,0,0.54,1,3,0.14,2,0,0
23,2.57,0,0.64,0,0,0.69,1,0,0.14,1,0,0
3389,2.74,1,0.46,1,0,0.8,1,2,0.24,4,0,0
21,3.95,0,0.56,1,0,0.45,1,0,0.25,4,0,0
53,1.43,0,0.25,0,0,0.42,1,0,0.02,4,0,0
445,4.46,0,0.3,0,0,0.65,1,0,0.15,5,0,0
23,5.16,1,1.0,5,1,0.94,1,7,0.25,1,0,1
53,2.16,0,0.24,0,0,0.69,1,0,0.11,2,0,0
3389,9.93,0,0.85,0,1,0.92,0,5,0.82,2,0,1
3389,8.24,1,0.85,3,1,0.78,1,16,0.82,0,1,1
80,4.5,1,0.7,4,0,0.92,1,8,0.94,3,0,1
80,4.3,0,0.44,1,0,0.47,1,0,0.19,4,0,0
80,0.75,1,0.44,0,0,0.36,1,2,0.22,2,0,0
3306,6.33,0,0.8,4,1,0.54,1,12,0.54,0,1,1
3306,3.66,1,0.39,0,0,0.64,1,0,0.24,4,0,0
22,8.83,1,0.55,3,1,0.82,0,2,0.85,0,0,1
3389,3.44,0,0.29,0,0,0.57,1,1,0.14,2,0,0
80,3.03,0,0.45,1,0,0.31,1,1,0.09,5,0,0
443,7.86,1,0.65,2,1,0.67,1,6,0.14,3,1,1
21,5.16,0,0.9,3,1,0.89,0,12,0.32,5,1,1
25,2.6,1,0.37,0,0,0.42,1,0,0.14,1,0,0
445,0.03,1,0.35,0,0,0.37,1,1,0.2,4,0,0
3389,6.03,1,0.85,2,0,0.97,1,5,0.5,3,0,1
443,7.15,1,0.65,5,0,0.71,1,16,0.33,0,1,1
80,8.39,1,0.7,4,1,0.72,1,16,0.63,2,0,1
110,5.98,0,0.6,0,1,0.9,1,16,0.78,4,1,1
443,0.87,1,0.26,1,0,0.78,1,0,0.01,2,0,0
443,8.36,1,0.65,2,1,0.91,0,14,0.37,0,0,1
22,0.47,1,0.32,1,0,0.43,1,3,0.04,2,0,0
23,8.96,1,1.0,0,0,0.6,1,5,0.44,0,1,1
23,4.31,0,0.66,1,0,0.76,1,2,0.18,4,0,0
25,6.98,1,0.6,4,1,0.57,0,7,0.36,3,1,1
21,5.2,1,0.9,0,0,0.4,1,1,0.31,0,0,1
139,2.24,0,0.46,0,0,0.4,1,0,0.16,5,0,0
22,4.36,1,0.55,4,0,0.63,1,14,0.9,3,1,1
22,4.6,0,0.32,0,0,0.47,1,2,0.09,3,0,0
3306,3.4,0,0.53,0,0,0.82,1,1,0.22,2,0,0
21,7.7,1,0.9,0,1,0.78,1,19,0.24,0,0,1
445,7.92,1,0.9,1,1,0.59,1,5,0.53,4,1,1
80,8.18,0,0.7,4,0,0.31,0,20,0.15,2,1,1
445,6.68,1,0.9,4,1,0.61,0,17,0.63,0,0,1
3389,2.03,0,0.55,1,0,0.86,1,1,0.09,1,0,0
21,1.7,0,0.29,0,0,0.53,1,1,0.05,3,0,0
80,5.65,0,0.7,3,0,0.76,1,11,0.93,4,0,1
139,0.2,0,0.35,0,0,0.81,1,0,0.15,1,0,0
23,4.77,0,0.49,1,0,0.79,1,2,0.09,4,0,0
110,3.27,1,0.42,1,0,0.31,1,2,0.22,1,0,0
3389,7.67,1,0.85,3,0,0.56,1,14,0.88,3,1,1
53,4.49,1,0.16,0,0,0.78,1,2,0.23,1,0,0
110,5.7,1,0.6,0,1,0.38,1,8,0.54,1,1,1
143,1.31,0,0.29,0,0,0.52,1,3,0.04,4,0,0
22,4.55,0,0.24,1,0,0.72,1,1,0.12,5,0,0
143,0.58,0,0.22,0,0,0.6,1,2,0.12,5,0,0
143,2.4,0,0.25,1,0,0.77,1,1,0.14,4,0,0
21,7.78,0,0.9,0,1,0.7,1,18,0.59,0,1,1
21,0.82,0,0.28,0,0,0.4,1,1,0.21,4,0,0
443,2.95,0,0.34,0,0,0.6,1,1,0.0,2,0,0
110,8.78,0,0.6,4,0,0.8,1,14,0.24,4,0,1
110,9.87,1,0.6,5,1,0.94,1,20,0.41,1,0,1
25,5.67,1,0.6,1,1,0.41,0,13,0.63,3,1,1
3306,2.76,1,0.46,1,0,0.36,1,2,0.06,5,0,0
25,3.18,1,0.3,1,0,0.55,1,3,0.15,3,0,0
25,8.61,1,0.6,4,1,0.99,1,14,0.43,2,0,1
3306,8.8,1,0.8,0,1,0.88,1,8,0.42,2,0,1
80,3.93,0,0.32,1,0,0.87,1,3,0.13,3,0,0
139,5.65,0,0.8,1,0,0.69,1,11,0.98,4,1,1
80,1.98,1,0.36,1,0,0.76,1,0,0.19,3,0,0
143,3.9,0,0.6,3,0,0.92,0,17,0.95,1,0,1
53,5.65,1,0.4,2,1,0.3,1,5,0.14,2,0,1
21,2.64,0,0.42,0,0,0.48,1,3,0.04,2,0,0
22,2.33,0,0.19,1,0,0.49,1,2,0.01,1,0,0
25,3.94,0,0.38,1,0,0.8,1,1,0.14,2,0,0
22,9.76,1,0.55,2,0,0.59,1,10,0.32,3,0,1
3389,5.64,1,0.85,3,1,0.65,1,5,0.2,0,0,1
443,7.86,0,0.65,5,1,0.8,1,12,0.56,1,0,1
80,7.82,1,0.7,1,1,0.49,1,13,0.16,5,1,1
22,6.97,1,0.55,1,1,0.97,1,7,0.21,0,1,1
143,3.71,1,0.31,1,0,0.51,1,2,0.03,1,0,0
80,3.95,0,0.4,0,0,0.59,1,3,0.08,4,0,0
3306,0.97,1,0.46,0,0,0.68,1,0,0.03,1,0,0
80,3.19,1,0.49,1,0,0.9,1,0,0.17,1,0,0
110,9.83,1,0.6,5,1,0.68,1,17,0.26,5,1,1
139,7.79,0,0.8,4,1,0.38,0,16,0.36,4,0,1
22,4.37,1,0.23,0,0,0.56,1,3,0.22,4,0,0
53,8.16,1,0.4,3,0,0.84,0,4,0.98,5,0,1
53,0.07,0,0.2,0,0,0.66,1,2,0.07,3,0,0
80,3.31,1,0.32,0,0,0.46,1,1,0.15,2,0,0
53,4.39,0,0.4,3,0,0.64,0,4,0.82,1,0,1
53,0.86,1,0.24,1,0,0.58,1,1,0.09,5,0,0
443,2.95,0,0.32,0,0,0.69,1,1,0.19,5,0,0
445,7.11,1,0.9,5,1,0.65,0,20,0.95,2,1,1
443,0.83,1,0.32,0,0,0.69,1,3,0.2,3,0,0
80,6.42,0,0.7,5,0,0.7,0,6,0.33,3,1,1
139,4.28,0,0.54,1,0,0.52,1,2,0.1,4,0,0
22,1.79,0,0.22,1,0,0.86,1,3,0.25,3,0,0
110,6.11,1,0.6,2,1,0.67,1,4,0.3,4,0,1
443,8.83,1,0.65,2,1,0.38,0,11,0.58,3,0,1
25,0.74,0,0.3,1,0,0.83,1,2,0.15,3,0,0
25,7.3,1,0.6,1,1,0.46,0,13,0.4,0,1,1
53,4.5,0,0.17,0,0,0.81,1,3,0.07,3,0,0
139,7.04,1,0.8,2,1,0.49,0,6,0.5,2,0,1
3306,5.11,0,0.8,1,1,0.61,1,20,0.4,4,0,1
25,6.38,1,0.6,3,1,0.49,1,8,0.49,1,0,1
443,2.53,1,0.25,1,0,0.84,1,2,0.19,4,0,0
445,5.16,1,0.9,0,1,0.48,1,13,0.78,0,1,1
3389,7.63,0,0.85,2,1,0.45,1,17,0.56,3,1,1
53,6.35,0,0.4,0,1,0.64,0,13,0.97,3,0,1
22,6.53,0,0.55,0,1,0.84,1,10,0.84,2,1,1
80,7.41,0,0.7,0,1,0.38,0,12,0.38,3,0,1
25,3.81,1,0.6,4,0,0.87,0,4,0.85,5,1,1
25,7.5,1,0.6,2,1,0.31,0,2,0.48,5,0,1
22,5.29,1,0.55,3,0,0.41,0,16,0.96,0,1,1
80,9.73,1,0.7,5,1,0.47,1,16,0.94,4,1,1
53,3.36,1,0.18,1,0,0.46,1,0,0.22,2,0,0
23,5.78,1,1.0,4,1,0.4,0,13,0.72,0,1,1
23,5.62,1,1.0,3,0,0.7,1,8,0.12,3,0,1
110,3.74,0,0.23,1,0,0.79,1,3,0.07,5,0,0
80,3.42,0,0.4,1,0,0.56,1,0,0.15,3,0,0
80,4.37,0,0.29,1,0,0.64,1,3,0.12,3,0,0
22,6.13,1,0.55,3,1,0.54,0,19,0.23,3,0,1
445,3.81,0,0.9,2,0,0.57,1,17,0.15,5,1,1
139,3.53,1,0.8,3,0,0.51,1,8,0.6,5,1,1
80,3.62,0,0.29,0,0,0.39,1,3,0.11,5,0,0
22,4.9,1,0.22,1,0,0.52,1,2,0.04,3,0,0
3306,5.31,1,0.8,2,1,0.87,1,19,0.3,1,1,1
53,8.21,1,0.4,1,1,0.9,1,9,0.27,0,1,1
25,5.95,1,0.6,4,1,0.42,1,12,0.87,5,0,1
3306,6.84,1,0.8,0,1,0.95,0,9,0.89,0,0,1
3389,6.33,0,0.85,0,0,0.5,0,10,0.65,5,1,1
3389,3.54,1,0.85,5,0,0.67,0,15,0.28,3,0,1
21,6.94,1,0.9,0,1,0.96,1,7,0.33,5,1,1
143,4.52,1,0.6,5,0,0.46,0,11,0.4,1,0,1
80,7.24,1,0.7,5,1,0.32,1,20,0.11,1,1,1
53,5.23,1,0.4,2,1,0.73,1,17,0.56,2,1,1
23,3.63,1,0.56,1,0,0.79,1,3,0.07,4,0,0
80,1.73,0,0.33,0,0,0.47,1,2,0.17,5,0,0
22,4.79,0,0.2,1,0,0.77,1,3,0.16,2,0,0
3389,1.22,0,0.4,1,0,0.49,1,0,0.2,1,0,0
445,7.08,1,0.9,1,1,0.95,1,10,0.43,2,1,1
25,0.42,1,0.32,1,0,0.6,1,2,0.03,4,0,0
53,2.89,0,0.25,1,0,0.82,1,3,0.22,3,0,0
143,5.41,1,0.6,5,1,0.74,0,12,0.87,4,1,1
21,4.47,0,0.39,0,0,0.36,1,3,0.23,2,0,0
110,8.87,1,0.6,1,1,0.44,0,14,0.86,5,1,1
3306,4.44,1,0.8,1,0,0.43,1,11,0.39,3,0,1
443,3.68,0,0.65,2,0,0.8,0,2,0.44,4,1,1
143,5.2,1,0.6,3,1,0.67,0,12,0.44,2,1,1
22,5.31,1,0.55,2,0,0.85,1,19,0.32,5,1,1
445,4.62,1,0.49,0,0,0.83,1,3,0.23,2,0,0
80,2.13,1,0.28,1,0,0.82,1,3,0.2,1,0,0
139,0.54,0,0.35,0,0,0.73,1,0,0.12,1,0,0
53,4.73,0,0.19,0,0,0.56,1,2,0.14,5,0,0
443,3.33,0,0.38,0,0,0.35,1,2,0.11,5,0,0
22,7.78,0,0.55,1,0,0.43,0,6,0.2,1,0,1
3306,1.84,1,0.42,1,0,0.42,1,3,0.03,3,0,0
23,1.32,1,0.65,1,0,0.59,1,0,0.03,3,0,0
22,3.06,0,0.31,1,0,0.36,1,2,0.17,5,0,0
445,4.72,1,0.53,0,0,0.87,1,3,0.17,4,0,0
3389,1.0,0,0.5,1,0,0.79,1,1,0.14,4,0,0
25,3.07,1,0.32,1,0,0.85,1,1,0.14,4,0,0
445,5.33,1,0.9,2,1,0.94,1,5,0.88,1,1,1